#VRML V2.0 utf8
Background {
skyColor 1.00 1.00 1.00
}
DEF VIEWPOINT Viewpoint {
position 61.6748 40.9351 -32.2954
orientation 0.008 -0.790 -0.613 -3.120
fieldOfView 0.5867
centerOfRotation 61.3520 -3.6005 -21.7900
description "Initial View"
}
NavigationInfo {
type "EXAMINE"
}

WorldInfo {
title "S＆D‗スチレン恐竜組立キット_プテラノドン_001_05"
info [ "3D output created by ArtiosCAD"
"units cm"
"http://www.esko.com"
]
}

Transform {
scale 1 1 1

children [

DEF Design5t1 Transform {
children [
Transform {
children [
Shape {
appearance Appearance {
material DEF INMAT1 Material {
      diffuseColor 0.800 0.925 0.953
      ambientIntensity 0.295
      specularColor 0.000 0.000 0.000
      shininess 0.000
      transparency 0.000
}
}
geometry IndexedFaceSet {
coord Coordinate { point [
  62.973 9.522 -24.635,
  62.209 9.522 -23.871,
  61.870 9.522 -24.211,
  60.918 9.522 -24.211,
  60.579 9.522 -23.871,
  59.815 9.522 -24.635,
  60.135 9.522 -24.955,
  59.627 9.522 -24.955,
  59.492 9.522 -24.684,
  59.421 9.522 -24.389,
  59.417 9.522 -24.086,
  59.480 9.522 -23.790,
  59.791 9.522 -22.860,
  59.941 9.522 -22.486,
  60.134 9.522 -22.133,
  60.447 9.522 -21.702,
  60.815 9.522 -21.318,
  60.895 9.522 -21.273,
  60.986 9.522 -21.269,
  61.070 9.522 -21.305,
  61.128 9.522 -21.375,
  61.150 9.522 -21.464,
  61.154 9.522 -22.061,
  61.634 9.522 -22.061,
  61.638 9.522 -21.464,
  61.659 9.522 -21.375,
  61.718 9.522 -21.305,
  61.801 9.522 -21.269,
  61.893 9.522 -21.273,
  61.972 9.522 -21.318,
  62.341 9.522 -21.702,
  62.654 9.522 -22.133,
  62.847 9.522 -22.486,
  62.997 9.522 -22.860,
  63.307 9.522 -23.790,
  63.371 9.522 -24.086,
  63.367 9.522 -24.389,
  63.307 9.522 -24.635,
  63.295 9.522 -24.684,
  63.160 9.522 -24.955,
  62.969 9.522 -25.190,
  62.670 9.522 -25.435,
  62.333 9.522 -25.626,
  61.969 9.522 -25.757,
  61.587 9.522 -25.823,
  61.200 9.522 -25.823,
  60.819 9.522 -25.757,
  60.455 9.522 -25.626,
  60.118 9.522 -25.435,
  59.819 9.522 -25.190,
  59.627 9.522 -24.955,
  60.135 9.522 -24.955,
  60.155 9.522 -24.974,
  60.918 9.522 -24.211,
  61.870 9.522 -24.211,
  62.634 9.522 -24.974,
  62.973 9.022 -24.635,
  62.209 9.022 -23.871,
  61.870 9.022 -24.211,
  60.918 9.022 -24.211,
  60.579 9.022 -23.871,
  59.815 9.022 -24.635,
  60.135 9.022 -24.955,
  59.627 9.022 -24.955,
  59.492 9.022 -24.684,
  59.421 9.022 -24.389,
  59.417 9.022 -24.086,
  59.480 9.022 -23.790,
  59.791 9.022 -22.860,
  59.941 9.022 -22.486,
  60.134 9.022 -22.133,
  60.447 9.022 -21.702,
  60.815 9.022 -21.318,
  60.895 9.022 -21.273,
  60.986 9.022 -21.269,
  61.070 9.022 -21.305,
  61.128 9.022 -21.375,
  61.150 9.022 -21.464,
  61.154 9.022 -22.061,
  61.634 9.022 -22.061,
  61.638 9.022 -21.464,
  61.659 9.022 -21.375,
  61.718 9.022 -21.305,
  61.801 9.022 -21.269,
  61.893 9.022 -21.273,
  61.972 9.022 -21.318,
  62.341 9.022 -21.702,
  62.654 9.022 -22.133,
  62.847 9.022 -22.486,
  62.997 9.022 -22.860,
  63.307 9.022 -23.790,
  63.371 9.022 -24.086,
  63.367 9.022 -24.389,
  63.307 9.022 -24.635,
  63.295 9.022 -24.684,
  63.160 9.022 -24.955,
  62.969 9.022 -25.190,
  62.670 9.022 -25.435,
  62.333 9.022 -25.626,
  61.969 9.022 -25.757,
  61.587 9.022 -25.823,
  61.200 9.022 -25.823,
  60.819 9.022 -25.757,
  60.455 9.022 -25.626,
  60.118 9.022 -25.435,
  59.819 9.022 -25.190,
  59.627 9.022 -24.955,
  60.135 9.022 -24.955,
  60.155 9.022 -24.974,
  60.918 9.022 -24.211,
  61.870 9.022 -24.211,
  62.634 9.022 -24.974
 ] }
coordIndex [ 6, 7, 8, -1, 6, 8, 9, -1, 5, 6, 9, -1, 5, 9, 10, -1,
     5, 10, 11, -1, 4, 5, 11, -1, 4, 11, 12, -1, 17, 18, 19, -1, 19, 20, 21, -1,
     16, 17, 19, -1, 16, 19, 21, -1, 16, 21, 22, -1, 15, 16, 22, -1, 13, 14, 15, -1,
     13, 15, 22, -1, 13, 22, 23, -1, 12, 13, 23, -1, 4, 12, 23, -1, 26, 27, 28, -1,
     24, 25, 26, -1, 26, 28, 29, -1, 24, 26, 29, -1, 23, 24, 29, -1, 23, 29, 30, -1,
     23, 30, 31, -1, 31, 32, 33, -1, 23, 31, 33, -1, 2, 3, 4, -1, 1, 2, 4, -1,
     1, 4, 23, -1, 1, 23, 33, -1, 1, 33, 34, -1, 0, 1, 34, -1, 0, 34, 35, -1,
     0, 35, 36, -1, 0, 36, 37, -1, 49, 7, 6, -1, 49, 6, 52, -1, 48, 49, 52, -1,
     47, 48, 52, -1, 44, 45, 46, -1, 44, 46, 47, -1, 44, 47, 52, -1, 44, 52, 3, -1,
     37, 38, 39, -1, 0, 37, 39, -1, 55, 0, 39, -1, 55, 39, 40, -1, 55, 40, 41, -1,
     55, 41, 42, -1, 55, 42, 43, -1, 3, 2, 55, -1, 3, 55, 43, -1, 44, 3, 43, -1
  1, 0, 56, 57, -1,
  2, 1, 57, 58, -1,
  3, 2, 58, 59, -1,
  4, 3, 59, 60, -1,
  5, 4, 60, 61, -1,
  6, 5, 61, 62, -1,
  7, 6, 62, 63, -1,
  8, 7, 63, 64, -1,
  9, 8, 64, 65, -1,
  10, 9, 65, 66, -1,
  11, 10, 66, 67, -1,
  12, 11, 67, 68, -1,
  13, 12, 68, 69, -1,
  14, 13, 69, 70, -1,
  15, 14, 70, 71, -1,
  16, 15, 71, 72, -1,
  17, 16, 72, 73, -1,
  18, 17, 73, 74, -1,
  19, 18, 74, 75, -1,
  20, 19, 75, 76, -1,
  21, 20, 76, 77, -1,
  22, 21, 77, 78, -1,
  23, 22, 78, 79, -1,
  24, 23, 79, 80, -1,
  25, 24, 80, 81, -1,
  26, 25, 81, 82, -1,
  27, 26, 82, 83, -1,
  28, 27, 83, 84, -1,
  29, 28, 84, 85, -1,
  30, 29, 85, 86, -1,
  31, 30, 86, 87, -1,
  32, 31, 87, 88, -1,
  33, 32, 88, 89, -1,
  34, 33, 89, 90, -1,
  35, 34, 90, 91, -1,
  36, 35, 91, 92, -1,
  37, 36, 92, 93, -1,
  38, 37, 93, 94, -1,
  39, 38, 94, 95, -1,
  40, 39, 95, 96, -1,
  41, 40, 96, 97, -1,
  42, 41, 97, 98, -1,
  43, 42, 98, 99, -1,
  44, 43, 99, 100, -1,
  45, 44, 100, 101, -1,
  46, 45, 101, 102, -1,
  47, 46, 102, 103, -1,
  48, 47, 103, 104, -1,
  49, 48, 104, 105, -1,
  50, 49, 105, 106, -1,
  51, 50, 106, 107, -1,
  52, 51, 107, 108, -1,
  53, 52, 108, 109, -1,
  54, 53, 109, 110, -1,
  55, 54, 110, 111, -1,
  0, 55, 111, 56, -1
 ]
convex TRUE
creaseAngle 0.3490
}
}
Shape {
appearance Appearance {
material DEF OUTMAT1 Material {
      diffuseColor 0.800 0.800 0.800
      ambientIntensity 0.299
      specularColor 0.000 0.000 0.000
      shininess 0.000
      transparency 0.000
}
}
geometry IndexedFaceSet {
coord Coordinate { point [
  62.973 9.022 -24.635,
  62.209 9.022 -23.871,
  61.870 9.022 -24.211,
  60.918 9.022 -24.211,
  60.579 9.022 -23.871,
  59.815 9.022 -24.635,
  60.135 9.022 -24.955,
  59.627 9.022 -24.955,
  59.492 9.022 -24.684,
  59.421 9.022 -24.389,
  59.417 9.022 -24.086,
  59.480 9.022 -23.790,
  59.791 9.022 -22.860,
  59.941 9.022 -22.486,
  60.134 9.022 -22.133,
  60.447 9.022 -21.702,
  60.815 9.022 -21.318,
  60.895 9.022 -21.273,
  60.986 9.022 -21.269,
  61.070 9.022 -21.305,
  61.128 9.022 -21.375,
  61.150 9.022 -21.464,
  61.154 9.022 -22.061,
  61.634 9.022 -22.061,
  61.638 9.022 -21.464,
  61.659 9.022 -21.375,
  61.718 9.022 -21.305,
  61.801 9.022 -21.269,
  61.893 9.022 -21.273,
  61.972 9.022 -21.318,
  62.341 9.022 -21.702,
  62.654 9.022 -22.133,
  62.847 9.022 -22.486,
  62.997 9.022 -22.860,
  63.307 9.022 -23.790,
  63.371 9.022 -24.086,
  63.367 9.022 -24.389,
  63.307 9.022 -24.635,
  63.295 9.022 -24.684,
  63.160 9.022 -24.955,
  62.969 9.022 -25.190,
  62.670 9.022 -25.435,
  62.333 9.022 -25.626,
  61.969 9.022 -25.757,
  61.587 9.022 -25.823,
  61.200 9.022 -25.823,
  60.819 9.022 -25.757,
  60.455 9.022 -25.626,
  60.118 9.022 -25.435,
  59.819 9.022 -25.190,
  59.627 9.022 -24.955,
  60.135 9.022 -24.955,
  60.155 9.022 -24.974,
  60.918 9.022 -24.211,
  61.870 9.022 -24.211,
  62.634 9.022 -24.974
 ] }
 coordIndex [ 8, 7, 6, -1, 9, 8, 6, -1, 9, 6, 5, -1, 10, 9, 5, -1,
     11, 10, 5, -1, 11, 5, 4, -1, 12, 11, 4, -1, 19, 18, 17, -1, 21, 20, 19, -1,
     19, 17, 16, -1, 21, 19, 16, -1, 22, 21, 16, -1, 22, 16, 15, -1, 15, 14, 13, -1,
     22, 15, 13, -1, 23, 22, 13, -1, 23, 13, 12, -1, 23, 12, 4, -1, 28, 27, 26, -1,
     26, 25, 24, -1, 29, 28, 26, -1, 29, 26, 24, -1, 29, 24, 23, -1, 30, 29, 23, -1,
     31, 30, 23, -1, 33, 32, 31, -1, 33, 31, 23, -1, 4, 3, 2, -1, 4, 2, 1, -1,
     23, 4, 1, -1, 33, 23, 1, -1, 34, 33, 1, -1, 34, 1, 0, -1, 35, 34, 0, -1,
     36, 35, 0, -1, 37, 36, 0, -1, 6, 7, 49, -1, 52, 6, 49, -1, 52, 49, 48, -1,
     52, 48, 47, -1, 46, 45, 44, -1, 47, 46, 44, -1, 52, 47, 44, -1, 3, 52, 44, -1,
     39, 38, 37, -1, 39, 37, 0, -1, 39, 0, 55, -1, 40, 39, 55, -1, 41, 40, 55, -1,
     42, 41, 55, -1, 43, 42, 55, -1, 55, 2, 3, -1, 43, 55, 3, -1, 43, 3, 44, -1
 ]
convex TRUE
creaseAngle 0.3490
}
}
]
}
]
}


DEF Design8t1 Transform {
children [
Transform {
children [
Shape {
appearance Appearance {
material DEF INMAT2 Material {
      diffuseColor 0.800 0.925 0.953
      ambientIntensity 0.295
      specularColor 0.000 0.000 0.000
      shininess 0.000
      transparency 0.000
}
}
geometry IndexedFaceSet {
coord Coordinate { point [
  62.174 7.016 -23.832,
  60.491 7.010 -22.149,
  60.420 6.989 -22.078,
  60.362 6.930 -22.019,
  60.325 6.842 -21.982,
  60.316 6.741 -21.972,
  60.362 6.293 -22.014,
  60.446 5.856 -22.095,
  60.568 5.437 -22.213,
  60.725 5.042 -22.367,
  60.915 4.677 -22.555,
  61.136 4.348 -22.773,
  61.192 4.302 -22.829,
  61.257 4.296 -22.894,
  61.317 4.333 -22.953,
  61.358 4.403 -22.996,
  61.373 4.492 -23.011,
  61.373 5.633 -23.021,
  61.713 5.634 -23.360,
  61.726 4.502 -23.364,
  61.740 4.407 -23.377,
  61.779 4.327 -23.416,
  61.836 4.273 -23.473,
  61.904 4.255 -23.540,
  62.189 4.256 -23.825,
  62.191 3.981 -23.825,
  62.205 3.885 -23.838,
  62.243 3.804 -23.876,
  62.301 3.750 -23.933,
  62.369 3.731 -24.001,
  62.793 3.733 -24.425,
  62.861 3.752 -24.493,
  62.918 3.806 -24.550,
  62.956 3.887 -24.589,
  62.968 3.983 -24.603,
  62.967 4.258 -24.603,
  63.464 4.260 -25.100,
  63.567 4.273 -25.204,
  63.856 4.385 -25.494,
  64.051 4.415 -25.689,
  64.247 4.401 -25.885,
  64.440 4.344 -26.077,
  64.518 4.332 -26.155,
  64.593 4.361 -26.230,
  64.656 4.428 -26.293,
  64.697 4.521 -26.335,
  64.711 4.630 -26.351,
  64.708 6.261 -26.361,
  65.048 6.263 -26.700,
  65.064 4.689 -26.703,
  65.079 4.558 -26.718,
  65.122 4.440 -26.760,
  65.189 4.346 -26.826,
  65.273 4.287 -26.910,
  65.366 4.266 -27.002,
  65.737 4.267 -27.374,
  65.844 4.290 -27.480,
  65.940 4.357 -27.577,
  66.018 4.462 -27.656,
  66.071 4.594 -27.710,
  66.093 4.743 -27.733,
  66.092 4.971 -27.734,
  66.085 5.048 -27.727,
  65.989 5.588 -27.636,
  65.910 6.134 -27.561,
  65.847 6.684 -27.503,
  65.801 7.237 -27.461,
  65.771 7.793 -27.436,
  65.758 8.349 -27.427,
  65.762 8.906 -27.435,
  65.782 9.461 -27.460,
  65.800 9.575 -27.479,
  65.840 9.676 -27.520,
  65.899 9.756 -27.580,
  66.021 9.845 -27.702,
  66.053 9.902 -27.735,
  66.064 9.973 -27.746,
  66.050 10.043 -27.732,
  66.015 10.096 -27.698,
  65.960 10.123 -27.643,
  65.918 10.165 -27.601,
  65.900 10.234 -27.584,
  65.914 10.304 -27.599,
  65.953 10.350 -27.638,
  65.964 10.353 -27.649,
  66.015 10.378 -27.701,
  66.051 10.437 -27.736,
  66.061 10.512 -27.747,
  66.042 10.585 -27.729,
  66.001 10.635 -27.688,
  65.969 10.653 -27.657,
  65.921 10.701 -27.609,
  65.898 10.778 -27.587,
  65.908 10.860 -27.597,
  65.947 10.922 -27.636,
  66.005 10.967 -27.695,
  66.043 11.013 -27.734,
  66.057 11.081 -27.748,
  66.043 11.149 -27.735,
  66.005 11.196 -27.697,
  65.833 11.273 -27.525,
  65.652 11.286 -27.345,
  65.475 11.236 -27.167,
  65.263 11.089 -26.954,
  65.210 11.067 -26.901,
  65.086 11.009 -26.776,
  64.977 10.906 -26.666,
  64.892 10.765 -26.581,
  64.838 10.597 -26.525,
  64.718 10.089 -26.401,
  64.574 9.594 -26.253,
  64.407 9.114 -26.082,
  64.217 8.652 -25.888,
  64.005 8.210 -25.673,
  63.772 7.789 -25.436,
  63.519 7.391 -25.180,
  63.247 7.019 -24.906,
  62.951 7.018 -24.610,
  62.950 7.293 -24.610,
  62.936 7.389 -24.597,
  62.897 7.470 -24.559,
  62.839 7.524 -24.502,
  62.772 7.543 -24.434,
  62.347 7.541 -24.010,
  62.280 7.522 -23.942,
  62.223 7.468 -23.885,
  62.185 7.387 -23.846,
  62.172 7.291 -23.832,
  61.820 7.013 -24.185,
  60.137 7.007 -22.503,
  60.067 6.986 -22.432,
  60.008 6.927 -22.373,
  59.971 6.840 -22.335,
  59.963 6.738 -22.326,
  60.008 6.290 -22.368,
  60.093 5.854 -22.449,
  60.214 5.434 -22.567,
  60.371 5.039 -22.721,
  60.562 4.674 -22.908,
  60.782 4.345 -23.126,
  60.839 4.299 -23.182,
  60.904 4.294 -23.247,
  60.963 4.330 -23.307,
  61.005 4.400 -23.349,
  61.020 4.489 -23.365,
  61.020 5.630 -23.374,
  61.359 5.631 -23.713,
  61.372 4.499 -23.717,
  61.386 4.404 -23.731,
  61.425 4.324 -23.769,
  61.483 4.270 -23.826,
  61.550 4.252 -23.894,
  61.836 4.253 -24.179,
  61.837 3.978 -24.178,
  61.851 3.882 -24.191,
  61.890 3.801 -24.230,
  61.948 3.747 -24.287,
  62.015 3.728 -24.354,
  62.440 3.730 -24.779,
  62.507 3.749 -24.846,
  62.564 3.803 -24.904,
  62.602 3.885 -24.942,
  62.615 3.980 -24.956,
  62.613 4.255 -24.957,
  63.110 4.257 -25.454,
  63.214 4.270 -25.557,
  63.503 4.382 -25.847,
  63.698 4.412 -26.042,
  63.894 4.399 -26.238,
  64.086 4.341 -26.430,
  64.164 4.329 -26.508,
  64.240 4.359 -26.584,
  64.302 4.425 -26.647,
  64.343 4.519 -26.689,
  64.358 4.627 -26.704,
  64.355 6.259 -26.714,
  64.694 6.260 -27.054,
  64.710 4.686 -27.057,
  64.726 4.555 -27.071,
  64.769 4.437 -27.114,
  64.836 4.344 -27.180,
  64.919 4.284 -27.263,
  65.012 4.263 -27.356,
  65.384 4.264 -27.727,
  65.490 4.288 -27.834,
  65.587 4.354 -27.931,
  65.665 4.459 -28.010,
  65.717 4.591 -28.063,
  65.740 4.740 -28.087,
  65.738 4.968 -28.088,
  65.731 5.045 -28.081,
  65.636 5.586 -27.990,
  65.556 6.132 -27.915,
  65.494 6.682 -27.856,
  65.447 7.235 -27.815,
  65.418 7.790 -27.789,
  65.404 8.346 -27.781,
  65.408 8.903 -27.789,
  65.428 9.459 -27.813,
  65.446 9.572 -27.832,
  65.487 9.673 -27.873,
  65.546 9.753 -27.933,
  65.668 9.842 -28.056,
  65.700 9.899 -28.088,
  65.710 9.970 -28.099,
  65.696 10.040 -28.086,
  65.661 10.093 -28.051,
  65.606 10.120 -27.997,
  65.564 10.162 -27.955,
  65.547 10.231 -27.938,
  65.560 10.301 -27.952,
  65.600 10.347 -27.992,
  65.610 10.350 -28.002,
  65.662 10.375 -28.054,
  65.697 10.434 -28.090,
  65.707 10.509 -28.101,
  65.689 10.582 -28.083,
  65.647 10.633 -28.042,
  65.616 10.650 -28.010,
  65.568 10.698 -27.962,
  65.545 10.775 -27.940,
  65.554 10.857 -27.951,
  65.593 10.919 -27.990,
  65.652 10.965 -28.049,
  65.690 11.010 -28.087,
  65.704 11.078 -28.102,
  65.690 11.146 -28.088,
  65.652 11.193 -28.051,
  65.479 11.270 -27.879,
  65.299 11.283 -27.698,
  65.122 11.233 -27.521,
  64.910 11.086 -27.308,
  64.856 11.064 -27.254,
  64.732 11.006 -27.129,
  64.624 10.903 -27.020,
  64.539 10.762 -26.934,
  64.484 10.594 -26.878,
  64.365 10.086 -26.755,
  64.221 9.591 -26.607,
  64.053 9.112 -26.436,
  63.863 8.649 -26.242,
  63.651 8.207 -26.026,
  63.418 7.786 -25.790,
  63.165 7.388 -25.534,
  62.894 7.017 -25.259,
  62.598 7.016 -24.963,
  62.596 7.291 -24.964,
  62.582 7.386 -24.951,
  62.543 7.467 -24.912,
  62.486 7.521 -24.855,
  62.418 7.540 -24.788,
  61.994 7.539 -24.363,
  61.926 7.519 -24.296,
  61.869 7.465 -24.238,
  61.831 7.384 -24.200,
  61.818 7.288 -24.186
 ] }
coordIndex [ 56, 57, 58, -1, 58, 59, 60, -1, 56, 58, 60, -1, 55, 56, 60, -1,
     60, 61, 62, -1, 60, 62, 63, -1, 55, 60, 63, -1, 54, 55, 63, -1, 50, 51, 52, -1,
     52, 53, 54, -1, 49, 50, 52, -1, 49, 52, 54, -1, 49, 54, 63, -1, 48, 49, 63, -1,
     11, 12, 13, -1, 13, 14, 15, -1, 13, 15, 16, -1, 11, 13, 16, -1, 10, 11, 16, -1,
     10, 16, 17, -1, 9, 10, 17, -1, 8, 9, 17, -1, 7, 8, 17, -1, 5, 6, 7, -1,
     3, 4, 5, -1, 2, 3, 5, -1, 1, 2, 5, -1, 1, 5, 7, -1, 1, 7, 17, -1,
     0, 1, 17, -1, 0, 17, 18, -1, 124, 125, 126, -1, 123, 124, 126, -1, 123, 126, 127, -1,
     122, 123, 127, -1, 119, 120, 121, -1, 119, 121, 122, -1, 117, 118, 119, -1, 117, 119, 122, -1,
     122, 127, 0, -1, 117, 122, 0, -1, 117, 0, 18, -1, 116, 117, 18, -1, 31, 32, 33, -1,
     30, 31, 33, -1, 30, 33, 34, -1, 29, 30, 34, -1, 26, 27, 28, -1, 26, 28, 29, -1,
     24, 25, 26, -1, 24, 26, 29, -1, 29, 34, 35, -1, 24, 29, 35, -1, 20, 21, 22, -1,
     20, 22, 23, -1, 19, 20, 23, -1, 19, 23, 24, -1, 18, 19, 24, -1, 18, 24, 35, -1,
     18, 35, 36, -1, 18, 36, 37, -1, 116, 18, 37, -1, 116, 37, 38, -1, 116, 38, 39, -1,
     115, 116, 39, -1, 42, 43, 44, -1, 41, 42, 44, -1, 41, 44, 45, -1, 41, 45, 46, -1,
     40, 41, 46, -1, 39, 40, 46, -1, 39, 46, 47, -1, 115, 39, 47, -1, 115, 47, 48, -1,
     115, 48, 63, -1, 114, 115, 63, -1, 113, 114, 63, -1, 112, 113, 63, -1, 111, 112, 63, -1,
     110, 111, 63, -1, 109, 110, 63, -1, 108, 109, 63, -1, 107, 108, 63, -1, 106, 107, 63, -1,
     105, 106, 63, -1, 105, 63, 64, -1, 105, 64, 65, -1, 105, 65, 66, -1, 105, 66, 67, -1,
     105, 67, 68, -1, 105, 68, 69, -1, 105, 69, 70, -1, 105, 70, 71, -1, 76, 77, 78, -1,
     76, 78, 79, -1, 75, 76, 79, -1, 75, 79, 80, -1, 74, 75, 80, -1, 73, 74, 80, -1,
     73, 80, 81, -1, 72, 73, 81, -1, 71, 72, 81, -1, 105, 71, 81, -1, 105, 81, 82, -1,
     88, 89, 90, -1, 87, 88, 90, -1, 85, 86, 87, -1, 84, 85, 87, -1, 87, 90, 91, -1,
     83, 84, 87, -1, 82, 83, 87, -1, 82, 87, 91, -1, 82, 91, 92, -1, 105, 82, 92, -1,
     104, 105, 92, -1, 103, 104, 92, -1, 102, 103, 92, -1, 101, 102, 92, -1, 100, 101, 92, -1,
     100, 92, 93, -1, 100, 93, 94, -1, 100, 94, 95, -1, 100, 95, 96, -1, 97, 98, 99, -1,
     99, 100, 96, -1, 97, 99, 96, -1
  1, 0, 128, 129, -1,
  2, 1, 129, 130, -1,
  3, 2, 130, 131, -1,
  4, 3, 131, 132, -1,
  5, 4, 132, 133, -1,
  6, 5, 133, 134, -1,
  7, 6, 134, 135, -1,
  8, 7, 135, 136, -1,
  9, 8, 136, 137, -1,
  10, 9, 137, 138, -1,
  11, 10, 138, 139, -1,
  12, 11, 139, 140, -1,
  13, 12, 140, 141, -1,
  14, 13, 141, 142, -1,
  15, 14, 142, 143, -1,
  16, 15, 143, 144, -1,
  17, 16, 144, 145, -1,
  18, 17, 145, 146, -1,
  19, 18, 146, 147, -1,
  20, 19, 147, 148, -1,
  21, 20, 148, 149, -1,
  22, 21, 149, 150, -1,
  23, 22, 150, 151, -1,
  24, 23, 151, 152, -1,
  25, 24, 152, 153, -1,
  26, 25, 153, 154, -1,
  27, 26, 154, 155, -1,
  28, 27, 155, 156, -1,
  29, 28, 156, 157, -1,
  30, 29, 157, 158, -1,
  31, 30, 158, 159, -1,
  32, 31, 159, 160, -1,
  33, 32, 160, 161, -1,
  34, 33, 161, 162, -1,
  35, 34, 162, 163, -1,
  36, 35, 163, 164, -1,
  37, 36, 164, 165, -1,
  38, 37, 165, 166, -1,
  39, 38, 166, 167, -1,
  40, 39, 167, 168, -1,
  41, 40, 168, 169, -1,
  42, 41, 169, 170, -1,
  43, 42, 170, 171, -1,
  44, 43, 171, 172, -1,
  45, 44, 172, 173, -1,
  46, 45, 173, 174, -1,
  47, 46, 174, 175, -1,
  48, 47, 175, 176, -1,
  49, 48, 176, 177, -1,
  50, 49, 177, 178, -1,
  51, 50, 178, 179, -1,
  52, 51, 179, 180, -1,
  53, 52, 180, 181, -1,
  54, 53, 181, 182, -1,
  55, 54, 182, 183, -1,
  56, 55, 183, 184, -1,
  57, 56, 184, 185, -1,
  58, 57, 185, 186, -1,
  59, 58, 186, 187, -1,
  60, 59, 187, 188, -1,
  61, 60, 188, 189, -1,
  62, 61, 189, 190, -1,
  63, 62, 190, 191, -1,
  64, 63, 191, 192, -1,
  65, 64, 192, 193, -1,
  66, 65, 193, 194, -1,
  67, 66, 194, 195, -1,
  68, 67, 195, 196, -1,
  69, 68, 196, 197, -1,
  70, 69, 197, 198, -1,
  71, 70, 198, 199, -1,
  72, 71, 199, 200, -1,
  73, 72, 200, 201, -1,
  74, 73, 201, 202, -1,
  75, 74, 202, 203, -1,
  76, 75, 203, 204, -1,
  77, 76, 204, 205, -1,
  78, 77, 205, 206, -1,
  79, 78, 206, 207, -1,
  80, 79, 207, 208, -1,
  81, 80, 208, 209, -1,
  82, 81, 209, 210, -1,
  83, 82, 210, 211, -1,
  84, 83, 211, 212, -1,
  85, 84, 212, 213, -1,
  86, 85, 213, 214, -1,
  87, 86, 214, 215, -1,
  88, 87, 215, 216, -1,
  89, 88, 216, 217, -1,
  90, 89, 217, 218, -1,
  91, 90, 218, 219, -1,
  92, 91, 219, 220, -1,
  93, 92, 220, 221, -1,
  94, 93, 221, 222, -1,
  95, 94, 222, 223, -1,
  96, 95, 223, 224, -1,
  97, 96, 224, 225, -1,
  98, 97, 225, 226, -1,
  99, 98, 226, 227, -1,
  100, 99, 227, 228, -1,
  101, 100, 228, 229, -1,
  102, 101, 229, 230, -1,
  103, 102, 230, 231, -1,
  104, 103, 231, 232, -1,
  105, 104, 232, 233, -1,
  106, 105, 233, 234, -1,
  107, 106, 234, 235, -1,
  108, 107, 235, 236, -1,
  109, 108, 236, 237, -1,
  110, 109, 237, 238, -1,
  111, 110, 238, 239, -1,
  112, 111, 239, 240, -1,
  113, 112, 240, 241, -1,
  114, 113, 241, 242, -1,
  115, 114, 242, 243, -1,
  116, 115, 243, 244, -1,
  117, 116, 244, 245, -1,
  118, 117, 245, 246, -1,
  119, 118, 246, 247, -1,
  120, 119, 247, 248, -1,
  121, 120, 248, 249, -1,
  122, 121, 249, 250, -1,
  123, 122, 250, 251, -1,
  124, 123, 251, 252, -1,
  125, 124, 252, 253, -1,
  126, 125, 253, 254, -1,
  127, 126, 254, 255, -1,
  0, 127, 255, 128, -1
 ]
convex TRUE
creaseAngle 0.3490
}
}
Shape {
appearance Appearance {
material DEF OUTMAT2 Material {
      diffuseColor 0.800 0.800 0.800
      ambientIntensity 0.299
      specularColor 0.000 0.000 0.000
      shininess 0.000
      transparency 0.000
}
}
geometry IndexedFaceSet {
coord Coordinate { point [
  61.820 7.013 -24.185,
  60.137 7.007 -22.503,
  60.067 6.986 -22.432,
  60.008 6.927 -22.373,
  59.971 6.840 -22.335,
  59.963 6.738 -22.326,
  60.008 6.290 -22.368,
  60.093 5.854 -22.449,
  60.214 5.434 -22.567,
  60.371 5.039 -22.721,
  60.562 4.674 -22.908,
  60.782 4.345 -23.126,
  60.839 4.299 -23.182,
  60.904 4.294 -23.247,
  60.963 4.330 -23.307,
  61.005 4.400 -23.349,
  61.020 4.489 -23.365,
  61.020 5.630 -23.374,
  61.359 5.631 -23.713,
  61.372 4.499 -23.717,
  61.386 4.404 -23.731,
  61.425 4.324 -23.769,
  61.483 4.270 -23.826,
  61.550 4.252 -23.894,
  61.836 4.253 -24.179,
  61.837 3.978 -24.178,
  61.851 3.882 -24.191,
  61.890 3.801 -24.230,
  61.948 3.747 -24.287,
  62.015 3.728 -24.354,
  62.440 3.730 -24.779,
  62.507 3.749 -24.846,
  62.564 3.803 -24.904,
  62.602 3.885 -24.942,
  62.615 3.980 -24.956,
  62.613 4.255 -24.957,
  63.110 4.257 -25.454,
  63.214 4.270 -25.557,
  63.503 4.382 -25.847,
  63.698 4.412 -26.042,
  63.894 4.399 -26.238,
  64.086 4.341 -26.430,
  64.164 4.329 -26.508,
  64.240 4.359 -26.584,
  64.302 4.425 -26.647,
  64.343 4.519 -26.689,
  64.358 4.627 -26.704,
  64.355 6.259 -26.714,
  64.694 6.260 -27.054,
  64.710 4.686 -27.057,
  64.726 4.555 -27.071,
  64.769 4.437 -27.114,
  64.836 4.344 -27.180,
  64.919 4.284 -27.263,
  65.012 4.263 -27.356,
  65.384 4.264 -27.727,
  65.490 4.288 -27.834,
  65.587 4.354 -27.931,
  65.665 4.459 -28.010,
  65.717 4.591 -28.063,
  65.740 4.740 -28.087,
  65.738 4.968 -28.088,
  65.731 5.045 -28.081,
  65.636 5.586 -27.990,
  65.556 6.132 -27.915,
  65.494 6.682 -27.856,
  65.447 7.235 -27.815,
  65.418 7.790 -27.789,
  65.404 8.346 -27.781,
  65.408 8.903 -27.789,
  65.428 9.459 -27.813,
  65.446 9.572 -27.832,
  65.487 9.673 -27.873,
  65.546 9.753 -27.933,
  65.668 9.842 -28.056,
  65.700 9.899 -28.088,
  65.710 9.970 -28.099,
  65.696 10.040 -28.086,
  65.661 10.093 -28.051,
  65.606 10.120 -27.997,
  65.564 10.162 -27.955,
  65.547 10.231 -27.938,
  65.560 10.301 -27.952,
  65.600 10.347 -27.992,
  65.610 10.350 -28.002,
  65.662 10.375 -28.054,
  65.697 10.434 -28.090,
  65.707 10.509 -28.101,
  65.689 10.582 -28.083,
  65.647 10.633 -28.042,
  65.616 10.650 -28.010,
  65.568 10.698 -27.962,
  65.545 10.775 -27.940,
  65.554 10.857 -27.951,
  65.593 10.919 -27.990,
  65.652 10.965 -28.049,
  65.690 11.010 -28.087,
  65.704 11.078 -28.102,
  65.690 11.146 -28.088,
  65.652 11.193 -28.051,
  65.479 11.270 -27.879,
  65.299 11.283 -27.698,
  65.122 11.233 -27.521,
  64.910 11.086 -27.308,
  64.856 11.064 -27.254,
  64.732 11.006 -27.129,
  64.624 10.903 -27.020,
  64.539 10.762 -26.934,
  64.484 10.594 -26.878,
  64.365 10.086 -26.755,
  64.221 9.591 -26.607,
  64.053 9.112 -26.436,
  63.863 8.649 -26.242,
  63.651 8.207 -26.026,
  63.418 7.786 -25.790,
  63.165 7.388 -25.534,
  62.894 7.017 -25.259,
  62.598 7.016 -24.963,
  62.596 7.291 -24.964,
  62.582 7.386 -24.951,
  62.543 7.467 -24.912,
  62.486 7.521 -24.855,
  62.418 7.540 -24.788,
  61.994 7.539 -24.363,
  61.926 7.519 -24.296,
  61.869 7.465 -24.238,
  61.831 7.384 -24.200,
  61.818 7.288 -24.186
 ] }
 coordIndex [ 58, 57, 56, -1, 60, 59, 58, -1, 60, 58, 56, -1, 60, 56, 55, -1,
     62, 61, 60, -1, 63, 62, 60, -1, 63, 60, 55, -1, 63, 55, 54, -1, 52, 51, 50, -1,
     54, 53, 52, -1, 52, 50, 49, -1, 54, 52, 49, -1, 63, 54, 49, -1, 63, 49, 48, -1,
     13, 12, 11, -1, 15, 14, 13, -1, 16, 15, 13, -1, 16, 13, 11, -1, 16, 11, 10, -1,
     17, 16, 10, -1, 17, 10, 9, -1, 17, 9, 8, -1, 17, 8, 7, -1, 7, 6, 5, -1,
     5, 4, 3, -1, 5, 3, 2, -1, 5, 2, 1, -1, 7, 5, 1, -1, 17, 7, 1, -1,
     17, 1, 0, -1, 18, 17, 0, -1, 126, 125, 124, -1, 126, 124, 123, -1, 127, 126, 123, -1,
     127, 123, 122, -1, 121, 120, 119, -1, 122, 121, 119, -1, 119, 118, 117, -1, 122, 119, 117, -1,
     0, 127, 122, -1, 0, 122, 117, -1, 18, 0, 117, -1, 18, 117, 116, -1, 33, 32, 31, -1,
     33, 31, 30, -1, 34, 33, 30, -1, 34, 30, 29, -1, 28, 27, 26, -1, 29, 28, 26, -1,
     26, 25, 24, -1, 29, 26, 24, -1, 35, 34, 29, -1, 35, 29, 24, -1, 22, 21, 20, -1,
     23, 22, 20, -1, 23, 20, 19, -1, 24, 23, 19, -1, 24, 19, 18, -1, 35, 24, 18, -1,
     36, 35, 18, -1, 37, 36, 18, -1, 37, 18, 116, -1, 38, 37, 116, -1, 39, 38, 116, -1,
     39, 116, 115, -1, 44, 43, 42, -1, 44, 42, 41, -1, 45, 44, 41, -1, 46, 45, 41, -1,
     46, 41, 40, -1, 46, 40, 39, -1, 47, 46, 39, -1, 47, 39, 115, -1, 48, 47, 115, -1,
     63, 48, 115, -1, 63, 115, 114, -1, 63, 114, 113, -1, 63, 113, 112, -1, 63, 112, 111, -1,
     63, 111, 110, -1, 63, 110, 109, -1, 63, 109, 108, -1, 63, 108, 107, -1, 63, 107, 106, -1,
     63, 106, 105, -1, 64, 63, 105, -1, 65, 64, 105, -1, 66, 65, 105, -1, 67, 66, 105, -1,
     68, 67, 105, -1, 69, 68, 105, -1, 70, 69, 105, -1, 71, 70, 105, -1, 78, 77, 76, -1,
     79, 78, 76, -1, 79, 76, 75, -1, 80, 79, 75, -1, 80, 75, 74, -1, 80, 74, 73, -1,
     81, 80, 73, -1, 81, 73, 72, -1, 81, 72, 71, -1, 81, 71, 105, -1, 82, 81, 105, -1,
     90, 89, 88, -1, 90, 88, 87, -1, 87, 86, 85, -1, 87, 85, 84, -1, 91, 90, 87, -1,
     87, 84, 83, -1, 87, 83, 82, -1, 91, 87, 82, -1, 92, 91, 82, -1, 92, 82, 105, -1,
     92, 105, 104, -1, 92, 104, 103, -1, 92, 103, 102, -1, 92, 102, 101, -1, 92, 101, 100, -1,
     93, 92, 100, -1, 94, 93, 100, -1, 95, 94, 100, -1, 96, 95, 100, -1, 99, 98, 97, -1,
     96, 100, 99, -1, 96, 99, 97, -1
 ]
convex TRUE
creaseAngle 0.3490
}
}
]
}
]
}


DEF Design6t1 Transform {
children [
Transform {
children [
Shape {
appearance Appearance {
material DEF INMAT3 Material {
      diffuseColor 0.800 0.925 0.953
      ambientIntensity 0.295
      specularColor 0.000 0.000 0.000
      shininess 0.000
      transparency 0.000
}
}
geometry IndexedFaceSet {
coord Coordinate { point [
  72.003 -18.167 -19.072,
  71.029 -15.216 -20.037,
  70.934 -14.965 -20.131,
  70.748 -14.508 -20.315,
  70.581 -14.038 -20.481,
  70.431 -13.555 -20.629,
  70.301 -13.062 -20.758,
  70.189 -12.559 -20.868,
  70.088 -12.176 -20.968,
  69.945 -11.821 -21.110,
  69.550 -11.041 -21.503,
  69.129 -10.289 -21.921,
  68.683 -9.566 -22.364,
  68.214 -8.874 -22.831,
  68.058 -8.678 -22.987,
  67.887 -8.509 -23.157,
  67.184 -7.929 -23.858,
  66.464 -7.394 -24.576,
  65.727 -6.907 -25.312,
  64.975 -6.467 -26.062,
  64.895 -6.447 -26.142,
  64.815 -6.471 -26.222,
  64.748 -6.536 -26.290,
  64.703 -6.633 -26.335,
  64.687 -6.746 -26.351,
  64.687 -9.737 -26.361,
  64.348 -9.737 -26.700,
  64.336 -7.939 -26.706,
  64.317 -7.839 -26.725,
  64.265 -7.766 -26.777,
  64.193 -7.740 -26.848,
  64.103 -7.766 -26.939,
  64.026 -7.839 -27.015,
  63.658 -8.362 -27.385,
  63.510 -8.619 -27.535,
  63.400 -8.912 -27.646,
  63.332 -9.230 -27.714,
  63.310 -9.561 -27.737,
  63.312 -10.388 -27.738,
  63.337 -10.690 -27.714,
  63.408 -10.977 -27.644,
  63.523 -11.233 -27.530,
  63.675 -11.448 -27.378,
  63.857 -11.609 -27.197,
  64.060 -11.709 -26.994,
  64.274 -11.743 -26.781,
  64.709 -11.743 -26.345,
  65.102 -11.806 -25.952,
  65.488 -11.930 -25.567,
  65.861 -12.113 -25.194,
  66.234 -12.345 -24.822,
  66.597 -12.608 -24.460,
  66.948 -12.898 -24.110,
  67.288 -13.217 -23.771,
  67.615 -13.562 -23.446,
  67.927 -13.932 -23.135,
  68.418 -14.574 -22.645,
  68.754 -15.011 -22.311,
  69.101 -15.431 -21.965,
  69.460 -15.831 -21.608,
  70.919 -17.399 -20.153,
  71.073 -17.585 -20.000,
  71.297 -17.875 -19.777,
  71.528 -18.152 -19.547,
  71.766 -18.417 -19.310,
  71.839 -18.457 -19.237,
  71.916 -18.442 -19.160,
  71.978 -18.377 -19.098,
  72.010 -18.276 -19.066,
  72.356 -18.166 -19.426,
  71.382 -15.215 -20.390,
  71.287 -14.964 -20.484,
  71.102 -14.507 -20.668,
  70.934 -14.037 -20.835,
  70.785 -13.554 -20.982,
  70.654 -13.061 -21.112,
  70.543 -12.558 -21.222,
  70.441 -12.175 -21.321,
  70.298 -11.820 -21.463,
  69.903 -11.040 -21.856,
  69.482 -10.288 -22.274,
  69.037 -9.565 -22.718,
  68.567 -8.872 -23.185,
  68.411 -8.677 -23.340,
  68.240 -8.508 -23.511,
  67.538 -7.928 -24.211,
  66.817 -7.393 -24.930,
  66.081 -6.905 -25.665,
  65.329 -6.466 -26.415,
  65.248 -6.446 -26.496,
  65.169 -6.470 -26.576,
  65.101 -6.535 -26.643,
  65.056 -6.631 -26.689,
  65.041 -6.745 -26.705,
  65.041 -9.736 -26.714,
  64.701 -9.736 -27.054,
  64.690 -7.938 -27.059,
  64.671 -7.838 -27.078,
  64.618 -7.765 -27.131,
  64.547 -7.739 -27.202,
  64.456 -7.765 -27.292,
  64.380 -7.838 -27.369,
  64.012 -8.361 -27.739,
  63.863 -8.618 -27.888,
  63.753 -8.911 -27.999,
  63.686 -9.229 -28.068,
  63.663 -9.560 -28.091,
  63.665 -10.387 -28.092,
  63.690 -10.689 -28.068,
  63.762 -10.975 -27.997,
  63.876 -11.232 -27.883,
  64.029 -11.447 -27.732,
  64.211 -11.608 -27.550,
  64.414 -11.708 -27.348,
  64.627 -11.742 -27.134,
  65.063 -11.742 -26.698,
  65.456 -11.805 -26.306,
  65.841 -11.929 -25.921,
  66.215 -12.111 -25.548,
  66.587 -12.344 -25.176,
  66.950 -12.606 -24.814,
  67.302 -12.897 -24.463,
  67.642 -13.216 -24.124,
  67.968 -13.561 -23.799,
  68.280 -13.931 -23.488,
  68.772 -14.573 -22.999,
  69.108 -15.010 -22.664,
  69.455 -15.430 -22.318,
  69.813 -15.830 -21.961,
  71.273 -17.398 -20.507,
  71.427 -17.584 -20.353,
  71.650 -17.874 -20.131,
  71.881 -18.151 -19.901,
  72.120 -18.416 -19.663,
  72.192 -18.456 -19.591,
  72.269 -18.441 -19.514,
  72.331 -18.375 -19.451,
  72.363 -18.275 -19.419
 ] }
coordIndex [ 66, 67, 68, -1, 64, 65, 66, -1, 66, 68, 0, -1, 64, 66, 0, -1,
     62, 63, 64, -1, 62, 64, 0, -1, 62, 0, 1, -1, 61, 62, 1, -1, 60, 61, 1, -1,
     59, 60, 1, -1, 59, 1, 2, -1, 59, 2, 3, -1, 59, 3, 4, -1, 59, 4, 5, -1,
     58, 59, 5, -1, 57, 58, 5, -1, 57, 5, 6, -1, 57, 6, 7, -1, 56, 57, 7, -1,
     7, 8, 9, -1, 56, 7, 9, -1, 55, 56, 9, -1, 55, 9, 10, -1, 54, 55, 10, -1,
     54, 10, 11, -1, 53, 54, 11, -1, 52, 53, 11, -1, 51, 52, 11, -1, 51, 11, 12, -1,
     50, 51, 12, -1, 50, 12, 13, -1, 13, 14, 15, -1, 50, 13, 15, -1, 50, 15, 16, -1,
     28, 29, 30, -1, 30, 31, 32, -1, 27, 28, 30, -1, 27, 30, 32, -1, 27, 32, 33, -1,
     26, 27, 33, -1, 33, 34, 35, -1, 26, 33, 35, -1, 26, 35, 36, -1, 19, 20, 21, -1,
     21, 22, 23, -1, 19, 21, 23, -1, 19, 23, 24, -1, 18, 19, 24, -1, 18, 24, 25, -1,
     17, 18, 25, -1, 16, 17, 25, -1, 49, 50, 16, -1, 49, 16, 25, -1, 48, 49, 25, -1,
     48, 25, 26, -1, 48, 26, 36, -1, 47, 48, 36, -1, 46, 47, 36, -1, 45, 46, 36, -1,
     44, 45, 36, -1, 43, 44, 36, -1, 42, 43, 36, -1, 41, 42, 36, -1, 40, 41, 36, -1,
     39, 40, 36, -1, 38, 39, 36, -1, 37, 38, 36, -1
  1, 0, 69, 70, -1,
  2, 1, 70, 71, -1,
  3, 2, 71, 72, -1,
  4, 3, 72, 73, -1,
  5, 4, 73, 74, -1,
  6, 5, 74, 75, -1,
  7, 6, 75, 76, -1,
  8, 7, 76, 77, -1,
  9, 8, 77, 78, -1,
  10, 9, 78, 79, -1,
  11, 10, 79, 80, -1,
  12, 11, 80, 81, -1,
  13, 12, 81, 82, -1,
  14, 13, 82, 83, -1,
  15, 14, 83, 84, -1,
  16, 15, 84, 85, -1,
  17, 16, 85, 86, -1,
  18, 17, 86, 87, -1,
  19, 18, 87, 88, -1,
  20, 19, 88, 89, -1,
  21, 20, 89, 90, -1,
  22, 21, 90, 91, -1,
  23, 22, 91, 92, -1,
  24, 23, 92, 93, -1,
  25, 24, 93, 94, -1,
  26, 25, 94, 95, -1,
  27, 26, 95, 96, -1,
  28, 27, 96, 97, -1,
  29, 28, 97, 98, -1,
  30, 29, 98, 99, -1,
  31, 30, 99, 100, -1,
  32, 31, 100, 101, -1,
  33, 32, 101, 102, -1,
  34, 33, 102, 103, -1,
  35, 34, 103, 104, -1,
  36, 35, 104, 105, -1,
  37, 36, 105, 106, -1,
  38, 37, 106, 107, -1,
  39, 38, 107, 108, -1,
  40, 39, 108, 109, -1,
  41, 40, 109, 110, -1,
  42, 41, 110, 111, -1,
  43, 42, 111, 112, -1,
  44, 43, 112, 113, -1,
  45, 44, 113, 114, -1,
  46, 45, 114, 115, -1,
  47, 46, 115, 116, -1,
  48, 47, 116, 117, -1,
  49, 48, 117, 118, -1,
  50, 49, 118, 119, -1,
  51, 50, 119, 120, -1,
  52, 51, 120, 121, -1,
  53, 52, 121, 122, -1,
  54, 53, 122, 123, -1,
  55, 54, 123, 124, -1,
  56, 55, 124, 125, -1,
  57, 56, 125, 126, -1,
  58, 57, 126, 127, -1,
  59, 58, 127, 128, -1,
  60, 59, 128, 129, -1,
  61, 60, 129, 130, -1,
  62, 61, 130, 131, -1,
  63, 62, 131, 132, -1,
  64, 63, 132, 133, -1,
  65, 64, 133, 134, -1,
  66, 65, 134, 135, -1,
  67, 66, 135, 136, -1,
  68, 67, 136, 137, -1,
  0, 68, 137, 69, -1
 ]
convex TRUE
creaseAngle 0.3490
}
}
Shape {
appearance Appearance {
material DEF OUTMAT3 Material {
      diffuseColor 0.800 0.800 0.800
      ambientIntensity 0.299
      specularColor 0.000 0.000 0.000
      shininess 0.000
      transparency 0.000
}
}
geometry IndexedFaceSet {
coord Coordinate { point [
  72.356 -18.166 -19.426,
  71.382 -15.215 -20.390,
  71.287 -14.964 -20.484,
  71.102 -14.507 -20.668,
  70.934 -14.037 -20.835,
  70.785 -13.554 -20.982,
  70.654 -13.061 -21.112,
  70.543 -12.558 -21.222,
  70.441 -12.175 -21.321,
  70.298 -11.820 -21.463,
  69.903 -11.040 -21.856,
  69.482 -10.288 -22.274,
  69.037 -9.565 -22.718,
  68.567 -8.872 -23.185,
  68.411 -8.677 -23.340,
  68.240 -8.508 -23.511,
  67.538 -7.928 -24.211,
  66.817 -7.393 -24.930,
  66.081 -6.905 -25.665,
  65.329 -6.466 -26.415,
  65.248 -6.446 -26.496,
  65.169 -6.470 -26.576,
  65.101 -6.535 -26.643,
  65.056 -6.631 -26.689,
  65.041 -6.745 -26.705,
  65.041 -9.736 -26.714,
  64.701 -9.736 -27.054,
  64.690 -7.938 -27.059,
  64.671 -7.838 -27.078,
  64.618 -7.765 -27.131,
  64.547 -7.739 -27.202,
  64.456 -7.765 -27.292,
  64.380 -7.838 -27.369,
  64.012 -8.361 -27.739,
  63.863 -8.618 -27.888,
  63.753 -8.911 -27.999,
  63.686 -9.229 -28.068,
  63.663 -9.560 -28.091,
  63.665 -10.387 -28.092,
  63.690 -10.689 -28.068,
  63.762 -10.975 -27.997,
  63.876 -11.232 -27.883,
  64.029 -11.447 -27.732,
  64.211 -11.608 -27.550,
  64.414 -11.708 -27.348,
  64.627 -11.742 -27.134,
  65.063 -11.742 -26.698,
  65.456 -11.805 -26.306,
  65.841 -11.929 -25.921,
  66.215 -12.111 -25.548,
  66.587 -12.344 -25.176,
  66.950 -12.606 -24.814,
  67.302 -12.897 -24.463,
  67.642 -13.216 -24.124,
  67.968 -13.561 -23.799,
  68.280 -13.931 -23.488,
  68.772 -14.573 -22.999,
  69.108 -15.010 -22.664,
  69.455 -15.430 -22.318,
  69.813 -15.830 -21.961,
  71.273 -17.398 -20.507,
  71.427 -17.584 -20.353,
  71.650 -17.874 -20.131,
  71.881 -18.151 -19.901,
  72.120 -18.416 -19.663,
  72.192 -18.456 -19.591,
  72.269 -18.441 -19.514,
  72.331 -18.375 -19.451,
  72.363 -18.275 -19.419
 ] }
 coordIndex [ 68, 67, 66, -1, 66, 65, 64, -1, 0, 68, 66, -1, 0, 66, 64, -1,
     64, 63, 62, -1, 0, 64, 62, -1, 1, 0, 62, -1, 1, 62, 61, -1, 1, 61, 60, -1,
     1, 60, 59, -1, 2, 1, 59, -1, 3, 2, 59, -1, 4, 3, 59, -1, 5, 4, 59, -1,
     5, 59, 58, -1, 5, 58, 57, -1, 6, 5, 57, -1, 7, 6, 57, -1, 7, 57, 56, -1,
     9, 8, 7, -1, 9, 7, 56, -1, 9, 56, 55, -1, 10, 9, 55, -1, 10, 55, 54, -1,
     11, 10, 54, -1, 11, 54, 53, -1, 11, 53, 52, -1, 11, 52, 51, -1, 12, 11, 51, -1,
     12, 51, 50, -1, 13, 12, 50, -1, 15, 14, 13, -1, 15, 13, 50, -1, 16, 15, 50, -1,
     30, 29, 28, -1, 32, 31, 30, -1, 30, 28, 27, -1, 32, 30, 27, -1, 33, 32, 27, -1,
     33, 27, 26, -1, 35, 34, 33, -1, 35, 33, 26, -1, 36, 35, 26, -1, 21, 20, 19, -1,
     23, 22, 21, -1, 23, 21, 19, -1, 24, 23, 19, -1, 24, 19, 18, -1, 25, 24, 18, -1,
     25, 18, 17, -1, 25, 17, 16, -1, 16, 50, 49, -1, 25, 16, 49, -1, 25, 49, 48, -1,
     26, 25, 48, -1, 36, 26, 48, -1, 36, 48, 47, -1, 36, 47, 46, -1, 36, 46, 45, -1,
     36, 45, 44, -1, 36, 44, 43, -1, 36, 43, 42, -1, 36, 42, 41, -1, 36, 41, 40, -1,
     36, 40, 39, -1, 36, 39, 38, -1, 36, 38, 37, -1
 ]
convex TRUE
creaseAngle 0.3490
}
}
]
}
]
}


DEF Design3t1 Transform {
children [
Transform {
children [
Shape {
appearance Appearance {
material DEF INMAT4 Material {
      diffuseColor 0.800 0.925 0.953
      ambientIntensity 0.295
      specularColor 0.000 0.000 0.000
      shininess 0.000
      transparency 0.000
}
}
geometry IndexedFaceSet {
coord Coordinate { point [
  61.115 -1.472 -31.966,
  61.115 0.644 -31.966,
  61.115 0.759 -31.989,
  61.115 0.857 -32.054,
  61.115 0.922 -32.151,
  61.115 0.944 -32.266,
  61.115 0.944 -33.693,
  61.115 0.923 -33.805,
  61.115 0.862 -33.900,
  61.115 0.770 -33.966,
  61.115 0.293 -34.166,
  61.115 -0.195 -34.336,
  61.115 -0.692 -34.475,
  61.115 -1.198 -34.582,
  61.115 -1.710 -34.656,
  61.115 -1.822 -34.663,
  61.115 -2.211 -34.663,
  61.115 -2.306 -34.667,
  61.115 -2.689 -34.704,
  61.115 -2.811 -34.690,
  61.115 -2.918 -34.628,
  61.115 -2.991 -34.528,
  61.115 -3.017 -34.408,
  61.115 -3.022 -33.871,
  61.115 -3.502 -33.871,
  61.115 -3.508 -34.434,
  61.115 -3.533 -34.563,
  61.115 -3.606 -34.673,
  61.115 -3.715 -34.746,
  61.115 -3.930 -34.852,
  61.115 -4.130 -34.983,
  61.115 -4.225 -35.032,
  61.115 -4.332 -35.049,
  61.115 -4.712 -35.049,
  61.115 -4.789 -35.028,
  61.115 -4.844 -34.970,
  61.115 -4.862 -34.892,
  61.115 -4.836 -34.816,
  61.115 -4.696 -34.556,
  61.115 -4.610 -34.274,
  61.115 -4.581 -33.980,
  61.115 -4.555 -33.661,
  61.115 -4.479 -33.350,
  61.115 -4.355 -33.055,
  61.115 -4.118 -32.646,
  61.115 -3.846 -32.259,
  61.115 -3.540 -31.898,
  61.115 -3.204 -31.565,
  61.115 -3.069 -31.462,
  61.115 -2.645 -31.172,
  61.115 -2.545 -31.128,
  61.115 -2.436 -31.131,
  61.115 -2.338 -31.181,
  61.115 -2.271 -31.267,
  61.115 -2.247 -31.374,
  61.115 -2.253 -33.291,
  61.115 -1.773 -33.291,
  61.115 -1.772 -32.266,
  61.115 -1.749 -32.151,
  61.115 -1.684 -32.054,
  61.115 -1.587 -31.989,
  61.615 -1.472 -31.966,
  61.615 0.644 -31.966,
  61.615 0.759 -31.989,
  61.615 0.857 -32.054,
  61.615 0.922 -32.151,
  61.615 0.944 -32.266,
  61.615 0.944 -33.693,
  61.615 0.923 -33.805,
  61.615 0.862 -33.900,
  61.615 0.770 -33.966,
  61.615 0.293 -34.166,
  61.615 -0.195 -34.336,
  61.615 -0.692 -34.475,
  61.615 -1.198 -34.582,
  61.615 -1.710 -34.656,
  61.615 -1.822 -34.663,
  61.615 -2.211 -34.663,
  61.615 -2.306 -34.667,
  61.615 -2.689 -34.704,
  61.615 -2.811 -34.690,
  61.615 -2.918 -34.628,
  61.615 -2.991 -34.528,
  61.615 -3.017 -34.408,
  61.615 -3.022 -33.871,
  61.615 -3.502 -33.871,
  61.615 -3.508 -34.434,
  61.615 -3.533 -34.563,
  61.615 -3.606 -34.673,
  61.615 -3.715 -34.746,
  61.615 -3.930 -34.852,
  61.615 -4.130 -34.983,
  61.615 -4.225 -35.032,
  61.615 -4.332 -35.049,
  61.615 -4.712 -35.049,
  61.615 -4.789 -35.028,
  61.615 -4.844 -34.970,
  61.615 -4.862 -34.892,
  61.615 -4.836 -34.816,
  61.615 -4.696 -34.556,
  61.615 -4.610 -34.274,
  61.615 -4.581 -33.980,
  61.615 -4.555 -33.661,
  61.615 -4.479 -33.350,
  61.615 -4.355 -33.055,
  61.615 -4.118 -32.646,
  61.615 -3.846 -32.259,
  61.615 -3.540 -31.898,
  61.615 -3.204 -31.565,
  61.615 -3.069 -31.462,
  61.615 -2.645 -31.172,
  61.615 -2.545 -31.128,
  61.615 -2.436 -31.131,
  61.615 -2.338 -31.181,
  61.615 -2.271 -31.267,
  61.615 -2.247 -31.374,
  61.615 -2.253 -33.291,
  61.615 -1.773 -33.291,
  61.615 -1.772 -32.266,
  61.615 -1.749 -32.151,
  61.615 -1.684 -32.054,
  61.615 -1.587 -31.989
 ] }
coordIndex [ 1, 2, 3, -1, 1, 3, 4, -1, 1, 4, 5, -1, 0, 1, 5, -1,
     0, 5, 6, -1, 8, 9, 10, -1, 8, 10, 11, -1, 6, 7, 8, -1, 6, 8, 11, -1,
     0, 6, 11, -1, 58, 59, 60, -1, 57, 58, 60, -1, 57, 60, 0, -1, 56, 57, 0, -1,
     56, 0, 11, -1, 56, 11, 12, -1, 50, 51, 52, -1, 52, 53, 54, -1, 49, 50, 52, -1,
     49, 52, 54, -1, 48, 49, 54, -1, 48, 54, 55, -1, 46, 47, 48, -1, 46, 48, 55, -1,
     45, 46, 55, -1, 56, 12, 13, -1, 56, 13, 14, -1, 56, 14, 15, -1, 55, 56, 15, -1,
     55, 15, 16, -1, 19, 20, 21, -1, 19, 21, 22, -1, 17, 18, 19, -1, 17, 19, 22, -1,
     16, 17, 22, -1, 16, 22, 23, -1, 55, 16, 23, -1, 45, 55, 23, -1, 45, 23, 24, -1,
     44, 45, 24, -1, 43, 44, 24, -1, 42, 43, 24, -1, 41, 42, 24, -1, 40, 41, 24, -1,
     40, 24, 25, -1, 26, 27, 28, -1, 25, 26, 28, -1, 40, 25, 28, -1, 40, 28, 29, -1,
     39, 40, 29, -1, 38, 39, 29, -1, 29, 30, 31, -1, 38, 29, 31, -1, 38, 31, 32, -1,
     37, 38, 32, -1, 35, 36, 37, -1, 33, 34, 35, -1, 33, 35, 37, -1, 33, 37, 32, -1
  1, 0, 61, 62, -1,
  2, 1, 62, 63, -1,
  3, 2, 63, 64, -1,
  4, 3, 64, 65, -1,
  5, 4, 65, 66, -1,
  6, 5, 66, 67, -1,
  7, 6, 67, 68, -1,
  8, 7, 68, 69, -1,
  9, 8, 69, 70, -1,
  10, 9, 70, 71, -1,
  11, 10, 71, 72, -1,
  12, 11, 72, 73, -1,
  13, 12, 73, 74, -1,
  14, 13, 74, 75, -1,
  15, 14, 75, 76, -1,
  16, 15, 76, 77, -1,
  17, 16, 77, 78, -1,
  18, 17, 78, 79, -1,
  19, 18, 79, 80, -1,
  20, 19, 80, 81, -1,
  21, 20, 81, 82, -1,
  22, 21, 82, 83, -1,
  23, 22, 83, 84, -1,
  24, 23, 84, 85, -1,
  25, 24, 85, 86, -1,
  26, 25, 86, 87, -1,
  27, 26, 87, 88, -1,
  28, 27, 88, 89, -1,
  29, 28, 89, 90, -1,
  30, 29, 90, 91, -1,
  31, 30, 91, 92, -1,
  32, 31, 92, 93, -1,
  33, 32, 93, 94, -1,
  34, 33, 94, 95, -1,
  35, 34, 95, 96, -1,
  36, 35, 96, 97, -1,
  37, 36, 97, 98, -1,
  38, 37, 98, 99, -1,
  39, 38, 99, 100, -1,
  40, 39, 100, 101, -1,
  41, 40, 101, 102, -1,
  42, 41, 102, 103, -1,
  43, 42, 103, 104, -1,
  44, 43, 104, 105, -1,
  45, 44, 105, 106, -1,
  46, 45, 106, 107, -1,
  47, 46, 107, 108, -1,
  48, 47, 108, 109, -1,
  49, 48, 109, 110, -1,
  50, 49, 110, 111, -1,
  51, 50, 111, 112, -1,
  52, 51, 112, 113, -1,
  53, 52, 113, 114, -1,
  54, 53, 114, 115, -1,
  55, 54, 115, 116, -1,
  56, 55, 116, 117, -1,
  57, 56, 117, 118, -1,
  58, 57, 118, 119, -1,
  59, 58, 119, 120, -1,
  60, 59, 120, 121, -1,
  0, 60, 121, 61, -1
 ]
convex TRUE
creaseAngle 0.3490
}
}
Shape {
appearance Appearance {
material DEF OUTMAT4 Material {
      diffuseColor 0.800 0.800 0.800
      ambientIntensity 0.299
      specularColor 0.000 0.000 0.000
      shininess 0.000
      transparency 0.000
}
}
geometry IndexedFaceSet {
coord Coordinate { point [
  61.615 -1.472 -31.966,
  61.615 0.644 -31.966,
  61.615 0.759 -31.989,
  61.615 0.857 -32.054,
  61.615 0.922 -32.151,
  61.615 0.944 -32.266,
  61.615 0.944 -33.693,
  61.615 0.923 -33.805,
  61.615 0.862 -33.900,
  61.615 0.770 -33.966,
  61.615 0.293 -34.166,
  61.615 -0.195 -34.336,
  61.615 -0.692 -34.475,
  61.615 -1.198 -34.582,
  61.615 -1.710 -34.656,
  61.615 -1.822 -34.663,
  61.615 -2.211 -34.663,
  61.615 -2.306 -34.667,
  61.615 -2.689 -34.704,
  61.615 -2.811 -34.690,
  61.615 -2.918 -34.628,
  61.615 -2.991 -34.528,
  61.615 -3.017 -34.408,
  61.615 -3.022 -33.871,
  61.615 -3.502 -33.871,
  61.615 -3.508 -34.434,
  61.615 -3.533 -34.563,
  61.615 -3.606 -34.673,
  61.615 -3.715 -34.746,
  61.615 -3.930 -34.852,
  61.615 -4.130 -34.983,
  61.615 -4.225 -35.032,
  61.615 -4.332 -35.049,
  61.615 -4.712 -35.049,
  61.615 -4.789 -35.028,
  61.615 -4.844 -34.970,
  61.615 -4.862 -34.892,
  61.615 -4.836 -34.816,
  61.615 -4.696 -34.556,
  61.615 -4.610 -34.274,
  61.615 -4.581 -33.980,
  61.615 -4.555 -33.661,
  61.615 -4.479 -33.350,
  61.615 -4.355 -33.055,
  61.615 -4.118 -32.646,
  61.615 -3.846 -32.259,
  61.615 -3.540 -31.898,
  61.615 -3.204 -31.565,
  61.615 -3.069 -31.462,
  61.615 -2.645 -31.172,
  61.615 -2.545 -31.128,
  61.615 -2.436 -31.131,
  61.615 -2.338 -31.181,
  61.615 -2.271 -31.267,
  61.615 -2.247 -31.374,
  61.615 -2.253 -33.291,
  61.615 -1.773 -33.291,
  61.615 -1.772 -32.266,
  61.615 -1.749 -32.151,
  61.615 -1.684 -32.054,
  61.615 -1.587 -31.989
 ] }
 coordIndex [ 3, 2, 1, -1, 4, 3, 1, -1, 5, 4, 1, -1, 5, 1, 0, -1,
     6, 5, 0, -1, 10, 9, 8, -1, 11, 10, 8, -1, 8, 7, 6, -1, 11, 8, 6, -1,
     11, 6, 0, -1, 60, 59, 58, -1, 60, 58, 57, -1, 0, 60, 57, -1, 0, 57, 56, -1,
     11, 0, 56, -1, 12, 11, 56, -1, 52, 51, 50, -1, 54, 53, 52, -1, 52, 50, 49, -1,
     54, 52, 49, -1, 54, 49, 48, -1, 55, 54, 48, -1, 48, 47, 46, -1, 55, 48, 46, -1,
     55, 46, 45, -1, 13, 12, 56, -1, 14, 13, 56, -1, 15, 14, 56, -1, 15, 56, 55, -1,
     16, 15, 55, -1, 21, 20, 19, -1, 22, 21, 19, -1, 19, 18, 17, -1, 22, 19, 17, -1,
     22, 17, 16, -1, 23, 22, 16, -1, 23, 16, 55, -1, 23, 55, 45, -1, 24, 23, 45, -1,
     24, 45, 44, -1, 24, 44, 43, -1, 24, 43, 42, -1, 24, 42, 41, -1, 24, 41, 40, -1,
     25, 24, 40, -1, 28, 27, 26, -1, 28, 26, 25, -1, 28, 25, 40, -1, 29, 28, 40, -1,
     29, 40, 39, -1, 29, 39, 38, -1, 31, 30, 29, -1, 31, 29, 38, -1, 32, 31, 38, -1,
     32, 38, 37, -1, 37, 36, 35, -1, 35, 34, 33, -1, 37, 35, 33, -1, 32, 37, 33, -1
 ]
convex TRUE
creaseAngle 0.3490
}
}
]
}
]
}


DEF Design2t1 Transform {
children [
Transform {
children [
Shape {
appearance Appearance {
material DEF INMAT5 Material {
      diffuseColor 0.800 0.925 0.953
      ambientIntensity 0.295
      specularColor 0.000 0.000 0.000
      shininess 0.000
      transparency 0.000
}
}
geometry IndexedFaceSet {
coord Coordinate { point [
  61.595 -3.022 -35.871,
  61.597 -3.022 -34.962,
  61.619 -3.022 -34.861,
  61.679 -3.022 -34.777,
  61.769 -3.022 -34.725,
  61.871 -3.022 -34.714,
  62.296 -3.022 -34.786,
  62.705 -3.022 -34.919,
  63.092 -3.022 -35.110,
  63.309 -3.022 -35.220,
  63.537 -3.022 -35.303,
  63.662 -3.022 -35.368,
  63.752 -3.022 -35.476,
  63.795 -3.022 -35.609,
  63.881 -3.022 -35.993,
  63.880 -3.022 -36.175,
  63.839 -3.022 -36.352,
  63.761 -3.022 -36.516,
  63.677 -3.022 -36.710,
  63.655 -3.022 -36.920,
  63.697 -3.022 -37.127,
  63.802 -3.022 -37.323,
  63.956 -3.022 -37.483,
  64.020 -3.022 -37.543,
  64.124 -3.022 -37.693,
  64.189 -3.022 -37.864,
  64.210 -3.022 -38.047,
  64.196 -3.022 -38.099,
  64.156 -3.022 -38.136,
  64.102 -3.022 -38.147,
  64.051 -3.022 -38.127,
  63.933 -3.022 -38.052,
  63.806 -3.022 -37.994,
  63.709 -3.022 -37.937,
  63.636 -3.022 -37.852,
  63.584 -3.022 -37.800,
  63.529 -3.022 -37.781,
  63.471 -3.022 -37.790,
  63.434 -3.022 -37.820,
  63.419 -3.022 -37.864,
  63.396 -3.022 -38.069,
  63.370 -3.022 -38.118,
  63.321 -3.022 -38.144,
  63.266 -3.022 -38.141,
  63.221 -3.022 -38.109,
  63.158 -3.022 -38.041,
  63.001 -3.022 -37.933,
  62.932 -3.022 -37.862,
  62.856 -3.022 -37.803,
  62.762 -3.022 -37.787,
  62.671 -3.022 -37.816,
  62.510 -3.022 -37.939,
  62.379 -3.022 -38.093,
  62.322 -3.022 -38.138,
  62.249 -3.022 -38.144,
  62.185 -3.022 -38.108,
  62.153 -3.022 -38.043,
  62.144 -3.022 -37.888,
  62.170 -3.022 -37.736,
  62.228 -3.022 -37.592,
  62.287 -3.022 -37.463,
  62.326 -3.022 -37.328,
  62.382 -3.022 -37.208,
  62.483 -3.022 -37.124,
  62.606 -3.022 -37.035,
  62.697 -3.022 -36.912,
  62.746 -3.022 -36.768,
  62.750 -3.022 -36.615,
  62.748 -3.022 -36.592,
  62.713 -3.022 -36.466,
  62.628 -3.022 -36.367,
  62.509 -3.022 -36.314,
  62.379 -3.022 -36.316,
  62.261 -3.022 -36.373,
  62.094 -3.022 -36.487,
  61.901 -3.022 -36.581,
  61.634 -3.022 -36.666,
  61.355 -3.022 -36.695,
  61.076 -3.022 -36.666,
  60.809 -3.022 -36.581,
  60.615 -3.022 -36.487,
  60.448 -3.022 -36.373,
  60.331 -3.022 -36.316,
  60.201 -3.022 -36.314,
  60.082 -3.022 -36.367,
  59.997 -3.022 -36.466,
  59.962 -3.022 -36.592,
  59.960 -3.022 -36.615,
  59.964 -3.022 -36.768,
  60.013 -3.022 -36.912,
  60.104 -3.022 -37.035,
  60.227 -3.022 -37.124,
  60.328 -3.022 -37.208,
  60.383 -3.022 -37.328,
  60.423 -3.022 -37.463,
  60.482 -3.022 -37.592,
  60.540 -3.022 -37.736,
  60.565 -3.022 -37.888,
  60.557 -3.022 -38.043,
  60.524 -3.022 -38.108,
  60.461 -3.022 -38.144,
  60.388 -3.022 -38.138,
  60.331 -3.022 -38.093,
  60.201 -3.022 -37.941,
  60.043 -3.022 -37.819,
  59.953 -3.022 -37.789,
  59.859 -3.022 -37.805,
  59.783 -3.022 -37.862,
  59.713 -3.022 -37.932,
  59.554 -3.022 -38.040,
  59.489 -3.022 -38.109,
  59.444 -3.022 -38.141,
  59.389 -3.022 -38.144,
  59.340 -3.022 -38.118,
  59.313 -3.022 -38.069,
  59.291 -3.022 -37.864,
  59.275 -3.022 -37.820,
  59.239 -3.022 -37.790,
  59.181 -3.022 -37.781,
  59.118 -3.022 -37.805,
  59.073 -3.022 -37.852,
  59.000 -3.022 -37.937,
  58.903 -3.022 -37.994,
  58.777 -3.022 -38.052,
  58.659 -3.022 -38.127,
  58.608 -3.022 -38.147,
  58.554 -3.022 -38.136,
  58.514 -3.022 -38.099,
  58.499 -3.022 -38.047,
  58.521 -3.022 -37.863,
  58.587 -3.022 -37.690,
  58.693 -3.022 -37.539,
  58.754 -3.022 -37.482,
  58.908 -3.022 -37.322,
  59.012 -3.022 -37.127,
  59.054 -3.022 -36.920,
  59.032 -3.022 -36.710,
  58.949 -3.022 -36.516,
  58.870 -3.022 -36.352,
  58.829 -3.022 -36.174,
  58.829 -3.022 -35.993,
  58.915 -3.022 -35.609,
  58.958 -3.022 -35.475,
  59.048 -3.022 -35.368,
  59.172 -3.022 -35.303,
  59.401 -3.022 -35.220,
  59.618 -3.022 -35.110,
  60.004 -3.022 -34.919,
  60.414 -3.022 -34.786,
  60.838 -3.022 -34.714,
  60.941 -3.022 -34.725,
  61.030 -3.022 -34.777,
  61.091 -3.022 -34.861,
  61.112 -3.022 -34.962,
  61.115 -3.022 -35.871,
  61.595 -3.522 -35.871,
  61.597 -3.522 -34.962,
  61.619 -3.522 -34.861,
  61.679 -3.522 -34.777,
  61.769 -3.522 -34.725,
  61.871 -3.522 -34.714,
  62.296 -3.522 -34.786,
  62.705 -3.522 -34.919,
  63.092 -3.522 -35.110,
  63.309 -3.522 -35.220,
  63.537 -3.522 -35.303,
  63.662 -3.522 -35.368,
  63.752 -3.522 -35.476,
  63.795 -3.522 -35.609,
  63.881 -3.522 -35.993,
  63.880 -3.522 -36.175,
  63.839 -3.522 -36.352,
  63.761 -3.522 -36.516,
  63.677 -3.522 -36.710,
  63.655 -3.522 -36.920,
  63.697 -3.522 -37.127,
  63.802 -3.522 -37.323,
  63.956 -3.522 -37.483,
  64.020 -3.522 -37.543,
  64.124 -3.522 -37.693,
  64.189 -3.522 -37.864,
  64.210 -3.522 -38.047,
  64.196 -3.522 -38.099,
  64.156 -3.522 -38.136,
  64.102 -3.522 -38.147,
  64.051 -3.522 -38.127,
  63.933 -3.522 -38.052,
  63.806 -3.522 -37.994,
  63.709 -3.522 -37.937,
  63.636 -3.522 -37.852,
  63.584 -3.522 -37.800,
  63.529 -3.522 -37.781,
  63.471 -3.522 -37.790,
  63.434 -3.522 -37.820,
  63.419 -3.522 -37.864,
  63.396 -3.522 -38.069,
  63.370 -3.522 -38.118,
  63.321 -3.522 -38.144,
  63.266 -3.522 -38.141,
  63.221 -3.522 -38.109,
  63.158 -3.522 -38.041,
  63.001 -3.522 -37.933,
  62.932 -3.522 -37.862,
  62.856 -3.522 -37.803,
  62.762 -3.522 -37.787,
  62.671 -3.522 -37.816,
  62.510 -3.522 -37.939,
  62.379 -3.522 -38.093,
  62.322 -3.522 -38.138,
  62.249 -3.522 -38.144,
  62.185 -3.522 -38.108,
  62.153 -3.522 -38.043,
  62.144 -3.522 -37.888,
  62.170 -3.522 -37.736,
  62.228 -3.522 -37.592,
  62.287 -3.522 -37.463,
  62.326 -3.522 -37.328,
  62.382 -3.522 -37.208,
  62.483 -3.522 -37.124,
  62.606 -3.522 -37.035,
  62.697 -3.522 -36.912,
  62.746 -3.522 -36.768,
  62.750 -3.522 -36.615,
  62.748 -3.522 -36.592,
  62.713 -3.522 -36.466,
  62.628 -3.522 -36.367,
  62.509 -3.522 -36.314,
  62.379 -3.522 -36.316,
  62.261 -3.522 -36.373,
  62.094 -3.522 -36.487,
  61.901 -3.522 -36.581,
  61.634 -3.522 -36.666,
  61.355 -3.522 -36.695,
  61.076 -3.522 -36.666,
  60.809 -3.522 -36.581,
  60.615 -3.522 -36.487,
  60.448 -3.522 -36.373,
  60.331 -3.522 -36.316,
  60.201 -3.522 -36.314,
  60.082 -3.522 -36.367,
  59.997 -3.522 -36.466,
  59.962 -3.522 -36.592,
  59.960 -3.522 -36.615,
  59.964 -3.522 -36.768,
  60.013 -3.522 -36.912,
  60.104 -3.522 -37.035,
  60.227 -3.522 -37.124,
  60.328 -3.522 -37.208,
  60.383 -3.522 -37.328,
  60.423 -3.522 -37.463,
  60.482 -3.522 -37.592,
  60.540 -3.522 -37.736,
  60.565 -3.522 -37.888,
  60.557 -3.522 -38.043,
  60.524 -3.522 -38.108,
  60.461 -3.522 -38.144,
  60.388 -3.522 -38.138,
  60.331 -3.522 -38.093,
  60.201 -3.522 -37.941,
  60.043 -3.522 -37.819,
  59.953 -3.522 -37.789,
  59.859 -3.522 -37.805,
  59.783 -3.522 -37.862,
  59.713 -3.522 -37.932,
  59.554 -3.522 -38.040,
  59.489 -3.522 -38.109,
  59.444 -3.522 -38.141,
  59.389 -3.522 -38.144,
  59.340 -3.522 -38.118,
  59.313 -3.522 -38.069,
  59.291 -3.522 -37.864,
  59.275 -3.522 -37.820,
  59.239 -3.522 -37.790,
  59.181 -3.522 -37.781,
  59.118 -3.522 -37.805,
  59.073 -3.522 -37.852,
  59.000 -3.522 -37.937,
  58.903 -3.522 -37.994,
  58.777 -3.522 -38.052,
  58.659 -3.522 -38.127,
  58.608 -3.522 -38.147,
  58.554 -3.522 -38.136,
  58.514 -3.522 -38.099,
  58.499 -3.522 -38.047,
  58.521 -3.522 -37.863,
  58.587 -3.522 -37.690,
  58.693 -3.522 -37.539,
  58.754 -3.522 -37.482,
  58.908 -3.522 -37.322,
  59.012 -3.522 -37.127,
  59.054 -3.522 -36.920,
  59.032 -3.522 -36.710,
  58.949 -3.522 -36.516,
  58.870 -3.522 -36.352,
  58.829 -3.522 -36.174,
  58.829 -3.522 -35.993,
  58.915 -3.522 -35.609,
  58.958 -3.522 -35.475,
  59.048 -3.522 -35.368,
  59.172 -3.522 -35.303,
  59.401 -3.522 -35.220,
  59.618 -3.522 -35.110,
  60.004 -3.522 -34.919,
  60.414 -3.522 -34.786,
  60.838 -3.522 -34.714,
  60.941 -3.522 -34.725,
  61.030 -3.522 -34.777,
  61.091 -3.522 -34.861,
  61.112 -3.522 -34.962,
  61.115 -3.522 -35.871
 ] }
coordIndex [ 100, 101, 102, -1, 98, 99, 100, -1, 98, 100, 102, -1, 97, 98, 102, -1,
     97, 102, 103, -1, 96, 97, 103, -1, 95, 96, 103, -1, 94, 95, 103, -1, 94, 103, 104, -1,
     94, 104, 105, -1, 94, 105, 106, -1, 93, 94, 106, -1, 91, 92, 93, -1, 91, 93, 106, -1,
     111, 112, 113, -1, 111, 113, 114, -1, 109, 110, 111, -1, 109, 111, 114, -1, 109, 114, 115, -1,
     109, 115, 116, -1, 107, 108, 109, -1, 107, 109, 116, -1, 106, 107, 116, -1, 106, 116, 117, -1,
     91, 106, 117, -1, 126, 127, 128, -1, 124, 125, 126, -1, 124, 126, 128, -1, 124, 128, 129, -1,
     123, 124, 129, -1, 122, 123, 129, -1, 122, 129, 130, -1, 122, 130, 131, -1, 121, 122, 131, -1,
     120, 121, 131, -1, 120, 131, 132, -1, 119, 120, 132, -1, 118, 119, 132, -1, 117, 118, 132, -1,
     91, 117, 132, -1, 91, 132, 133, -1, 91, 133, 134, -1, 90, 91, 134, -1, 89, 90, 134, -1,
     89, 134, 135, -1, 89, 135, 136, -1, 89, 136, 137, -1, 89, 137, 138, -1, 89, 138, 139, -1,
     89, 139, 140, -1, 89, 140, 141, -1, 88, 89, 141, -1, 87, 88, 141, -1, 86, 87, 141, -1,
     85, 86, 141, -1, 141, 142, 143, -1, 85, 141, 143, -1, 143, 144, 145, -1, 85, 143, 145, -1,
     84, 85, 145, -1, 84, 145, 146, -1, 83, 84, 146, -1, 83, 146, 147, -1, 149, 150, 151, -1,
     149, 151, 152, -1, 149, 152, 153, -1, 148, 149, 153, -1, 147, 148, 153, -1, 147, 153, 154, -1,
     83, 147, 154, -1, 82, 83, 154, -1, 81, 82, 154, -1, 80, 81, 154, -1, 79, 80, 154, -1,
     78, 79, 154, -1, 77, 78, 154, -1, 52, 53, 54, -1, 54, 55, 56, -1, 52, 54, 56, -1,
     52, 56, 57, -1, 51, 52, 57, -1, 51, 57, 58, -1, 51, 58, 59, -1, 51, 59, 60, -1,
     50, 51, 60, -1, 49, 50, 60, -1, 49, 60, 61, -1, 48, 49, 61, -1, 48, 61, 62, -1,
     48, 62, 63, -1, 77, 154, 0, -1, 76, 77, 0, -1, 75, 76, 0, -1, 74, 75, 0, -1,
     73, 74, 0, -1, 3, 4, 5, -1, 2, 3, 5, -1, 1, 2, 5, -1, 1, 5, 6, -1,
     1, 6, 7, -1, 0, 1, 7, -1, 73, 0, 7, -1, 72, 73, 7, -1, 72, 7, 8, -1,
     71, 72, 8, -1, 70, 71, 8, -1, 70, 8, 9, -1, 70, 9, 10, -1, 10, 11, 12, -1,
     10, 12, 13, -1, 70, 10, 13, -1, 70, 13, 14, -1, 70, 14, 15, -1, 69, 70, 15, -1,
     68, 69, 15, -1, 67, 68, 15, -1, 66, 67, 15, -1, 65, 66, 15, -1, 64, 65, 15, -1,
     63, 64, 15, -1, 15, 16, 17, -1, 15, 17, 18, -1, 63, 15, 18, -1, 63, 18, 19, -1,
     48, 63, 19, -1, 48, 19, 20, -1, 48, 20, 21, -1, 47, 48, 21, -1, 41, 42, 43, -1,
     40, 41, 43, -1, 43, 44, 45, -1, 40, 43, 45, -1, 39, 40, 45, -1, 45, 46, 47, -1,
     39, 45, 47, -1, 38, 39, 47, -1, 37, 38, 47, -1, 36, 37, 47, -1, 36, 47, 21, -1,
     35, 36, 21, -1, 35, 21, 22, -1, 34, 35, 22, -1, 34, 22, 23, -1, 33, 34, 23, -1,
     32, 33, 23, -1, 32, 23, 24, -1, 32, 24, 25, -1, 31, 32, 25, -1, 30, 31, 25, -1,
     30, 25, 26, -1, 26, 27, 28, -1, 30, 26, 28, -1, 29, 30, 28, -1
  1, 0, 155, 156, -1,
  2, 1, 156, 157, -1,
  3, 2, 157, 158, -1,
  4, 3, 158, 159, -1,
  5, 4, 159, 160, -1,
  6, 5, 160, 161, -1,
  7, 6, 161, 162, -1,
  8, 7, 162, 163, -1,
  9, 8, 163, 164, -1,
  10, 9, 164, 165, -1,
  11, 10, 165, 166, -1,
  12, 11, 166, 167, -1,
  13, 12, 167, 168, -1,
  14, 13, 168, 169, -1,
  15, 14, 169, 170, -1,
  16, 15, 170, 171, -1,
  17, 16, 171, 172, -1,
  18, 17, 172, 173, -1,
  19, 18, 173, 174, -1,
  20, 19, 174, 175, -1,
  21, 20, 175, 176, -1,
  22, 21, 176, 177, -1,
  23, 22, 177, 178, -1,
  24, 23, 178, 179, -1,
  25, 24, 179, 180, -1,
  26, 25, 180, 181, -1,
  27, 26, 181, 182, -1,
  28, 27, 182, 183, -1,
  29, 28, 183, 184, -1,
  30, 29, 184, 185, -1,
  31, 30, 185, 186, -1,
  32, 31, 186, 187, -1,
  33, 32, 187, 188, -1,
  34, 33, 188, 189, -1,
  35, 34, 189, 190, -1,
  36, 35, 190, 191, -1,
  37, 36, 191, 192, -1,
  38, 37, 192, 193, -1,
  39, 38, 193, 194, -1,
  40, 39, 194, 195, -1,
  41, 40, 195, 196, -1,
  42, 41, 196, 197, -1,
  43, 42, 197, 198, -1,
  44, 43, 198, 199, -1,
  45, 44, 199, 200, -1,
  46, 45, 200, 201, -1,
  47, 46, 201, 202, -1,
  48, 47, 202, 203, -1,
  49, 48, 203, 204, -1,
  50, 49, 204, 205, -1,
  51, 50, 205, 206, -1,
  52, 51, 206, 207, -1,
  53, 52, 207, 208, -1,
  54, 53, 208, 209, -1,
  55, 54, 209, 210, -1,
  56, 55, 210, 211, -1,
  57, 56, 211, 212, -1,
  58, 57, 212, 213, -1,
  59, 58, 213, 214, -1,
  60, 59, 214, 215, -1,
  61, 60, 215, 216, -1,
  62, 61, 216, 217, -1,
  63, 62, 217, 218, -1,
  64, 63, 218, 219, -1,
  65, 64, 219, 220, -1,
  66, 65, 220, 221, -1,
  67, 66, 221, 222, -1,
  68, 67, 222, 223, -1,
  69, 68, 223, 224, -1,
  70, 69, 224, 225, -1,
  71, 70, 225, 226, -1,
  72, 71, 226, 227, -1,
  73, 72, 227, 228, -1,
  74, 73, 228, 229, -1,
  75, 74, 229, 230, -1,
  76, 75, 230, 231, -1,
  77, 76, 231, 232, -1,
  78, 77, 232, 233, -1,
  79, 78, 233, 234, -1,
  80, 79, 234, 235, -1,
  81, 80, 235, 236, -1,
  82, 81, 236, 237, -1,
  83, 82, 237, 238, -1,
  84, 83, 238, 239, -1,
  85, 84, 239, 240, -1,
  86, 85, 240, 241, -1,
  87, 86, 241, 242, -1,
  88, 87, 242, 243, -1,
  89, 88, 243, 244, -1,
  90, 89, 244, 245, -1,
  91, 90, 245, 246, -1,
  92, 91, 246, 247, -1,
  93, 92, 247, 248, -1,
  94, 93, 248, 249, -1,
  95, 94, 249, 250, -1,
  96, 95, 250, 251, -1,
  97, 96, 251, 252, -1,
  98, 97, 252, 253, -1,
  99, 98, 253, 254, -1,
  100, 99, 254, 255, -1,
  101, 100, 255, 256, -1,
  102, 101, 256, 257, -1,
  103, 102, 257, 258, -1,
  104, 103, 258, 259, -1,
  105, 104, 259, 260, -1,
  106, 105, 260, 261, -1,
  107, 106, 261, 262, -1,
  108, 107, 262, 263, -1,
  109, 108, 263, 264, -1,
  110, 109, 264, 265, -1,
  111, 110, 265, 266, -1,
  112, 111, 266, 267, -1,
  113, 112, 267, 268, -1,
  114, 113, 268, 269, -1,
  115, 114, 269, 270, -1,
  116, 115, 270, 271, -1,
  117, 116, 271, 272, -1,
  118, 117, 272, 273, -1,
  119, 118, 273, 274, -1,
  120, 119, 274, 275, -1,
  121, 120, 275, 276, -1,
  122, 121, 276, 277, -1,
  123, 122, 277, 278, -1,
  124, 123, 278, 279, -1,
  125, 124, 279, 280, -1,
  126, 125, 280, 281, -1,
  127, 126, 281, 282, -1,
  128, 127, 282, 283, -1,
  129, 128, 283, 284, -1,
  130, 129, 284, 285, -1,
  131, 130, 285, 286, -1,
  132, 131, 286, 287, -1,
  133, 132, 287, 288, -1,
  134, 133, 288, 289, -1,
  135, 134, 289, 290, -1,
  136, 135, 290, 291, -1,
  137, 136, 291, 292, -1,
  138, 137, 292, 293, -1,
  139, 138, 293, 294, -1,
  140, 139, 294, 295, -1,
  141, 140, 295, 296, -1,
  142, 141, 296, 297, -1,
  143, 142, 297, 298, -1,
  144, 143, 298, 299, -1,
  145, 144, 299, 300, -1,
  146, 145, 300, 301, -1,
  147, 146, 301, 302, -1,
  148, 147, 302, 303, -1,
  149, 148, 303, 304, -1,
  150, 149, 304, 305, -1,
  151, 150, 305, 306, -1,
  152, 151, 306, 307, -1,
  153, 152, 307, 308, -1,
  154, 153, 308, 309, -1,
  0, 154, 309, 155, -1
 ]
convex TRUE
creaseAngle 0.3490
}
}
Shape {
appearance Appearance {
material DEF OUTMAT5 Material {
      diffuseColor 0.800 0.800 0.800
      ambientIntensity 0.299
      specularColor 0.000 0.000 0.000
      shininess 0.000
      transparency 0.000
}
}
geometry IndexedFaceSet {
coord Coordinate { point [
  61.595 -3.522 -35.871,
  61.597 -3.522 -34.962,
  61.619 -3.522 -34.861,
  61.679 -3.522 -34.777,
  61.769 -3.522 -34.725,
  61.871 -3.522 -34.714,
  62.296 -3.522 -34.786,
  62.705 -3.522 -34.919,
  63.092 -3.522 -35.110,
  63.309 -3.522 -35.220,
  63.537 -3.522 -35.303,
  63.662 -3.522 -35.368,
  63.752 -3.522 -35.476,
  63.795 -3.522 -35.609,
  63.881 -3.522 -35.993,
  63.880 -3.522 -36.175,
  63.839 -3.522 -36.352,
  63.761 -3.522 -36.516,
  63.677 -3.522 -36.710,
  63.655 -3.522 -36.920,
  63.697 -3.522 -37.127,
  63.802 -3.522 -37.323,
  63.956 -3.522 -37.483,
  64.020 -3.522 -37.543,
  64.124 -3.522 -37.693,
  64.189 -3.522 -37.864,
  64.210 -3.522 -38.047,
  64.196 -3.522 -38.099,
  64.156 -3.522 -38.136,
  64.102 -3.522 -38.147,
  64.051 -3.522 -38.127,
  63.933 -3.522 -38.052,
  63.806 -3.522 -37.994,
  63.709 -3.522 -37.937,
  63.636 -3.522 -37.852,
  63.584 -3.522 -37.800,
  63.529 -3.522 -37.781,
  63.471 -3.522 -37.790,
  63.434 -3.522 -37.820,
  63.419 -3.522 -37.864,
  63.396 -3.522 -38.069,
  63.370 -3.522 -38.118,
  63.321 -3.522 -38.144,
  63.266 -3.522 -38.141,
  63.221 -3.522 -38.109,
  63.158 -3.522 -38.041,
  63.001 -3.522 -37.933,
  62.932 -3.522 -37.862,
  62.856 -3.522 -37.803,
  62.762 -3.522 -37.787,
  62.671 -3.522 -37.816,
  62.510 -3.522 -37.939,
  62.379 -3.522 -38.093,
  62.322 -3.522 -38.138,
  62.249 -3.522 -38.144,
  62.185 -3.522 -38.108,
  62.153 -3.522 -38.043,
  62.144 -3.522 -37.888,
  62.170 -3.522 -37.736,
  62.228 -3.522 -37.592,
  62.287 -3.522 -37.463,
  62.326 -3.522 -37.328,
  62.382 -3.522 -37.208,
  62.483 -3.522 -37.124,
  62.606 -3.522 -37.035,
  62.697 -3.522 -36.912,
  62.746 -3.522 -36.768,
  62.750 -3.522 -36.615,
  62.748 -3.522 -36.592,
  62.713 -3.522 -36.466,
  62.628 -3.522 -36.367,
  62.509 -3.522 -36.314,
  62.379 -3.522 -36.316,
  62.261 -3.522 -36.373,
  62.094 -3.522 -36.487,
  61.901 -3.522 -36.581,
  61.634 -3.522 -36.666,
  61.355 -3.522 -36.695,
  61.076 -3.522 -36.666,
  60.809 -3.522 -36.581,
  60.615 -3.522 -36.487,
  60.448 -3.522 -36.373,
  60.331 -3.522 -36.316,
  60.201 -3.522 -36.314,
  60.082 -3.522 -36.367,
  59.997 -3.522 -36.466,
  59.962 -3.522 -36.592,
  59.960 -3.522 -36.615,
  59.964 -3.522 -36.768,
  60.013 -3.522 -36.912,
  60.104 -3.522 -37.035,
  60.227 -3.522 -37.124,
  60.328 -3.522 -37.208,
  60.383 -3.522 -37.328,
  60.423 -3.522 -37.463,
  60.482 -3.522 -37.592,
  60.540 -3.522 -37.736,
  60.565 -3.522 -37.888,
  60.557 -3.522 -38.043,
  60.524 -3.522 -38.108,
  60.461 -3.522 -38.144,
  60.388 -3.522 -38.138,
  60.331 -3.522 -38.093,
  60.201 -3.522 -37.941,
  60.043 -3.522 -37.819,
  59.953 -3.522 -37.789,
  59.859 -3.522 -37.805,
  59.783 -3.522 -37.862,
  59.713 -3.522 -37.932,
  59.554 -3.522 -38.040,
  59.489 -3.522 -38.109,
  59.444 -3.522 -38.141,
  59.389 -3.522 -38.144,
  59.340 -3.522 -38.118,
  59.313 -3.522 -38.069,
  59.291 -3.522 -37.864,
  59.275 -3.522 -37.820,
  59.239 -3.522 -37.790,
  59.181 -3.522 -37.781,
  59.118 -3.522 -37.805,
  59.073 -3.522 -37.852,
  59.000 -3.522 -37.937,
  58.903 -3.522 -37.994,
  58.777 -3.522 -38.052,
  58.659 -3.522 -38.127,
  58.608 -3.522 -38.147,
  58.554 -3.522 -38.136,
  58.514 -3.522 -38.099,
  58.499 -3.522 -38.047,
  58.521 -3.522 -37.863,
  58.587 -3.522 -37.690,
  58.693 -3.522 -37.539,
  58.754 -3.522 -37.482,
  58.908 -3.522 -37.322,
  59.012 -3.522 -37.127,
  59.054 -3.522 -36.920,
  59.032 -3.522 -36.710,
  58.949 -3.522 -36.516,
  58.870 -3.522 -36.352,
  58.829 -3.522 -36.174,
  58.829 -3.522 -35.993,
  58.915 -3.522 -35.609,
  58.958 -3.522 -35.475,
  59.048 -3.522 -35.368,
  59.172 -3.522 -35.303,
  59.401 -3.522 -35.220,
  59.618 -3.522 -35.110,
  60.004 -3.522 -34.919,
  60.414 -3.522 -34.786,
  60.838 -3.522 -34.714,
  60.941 -3.522 -34.725,
  61.030 -3.522 -34.777,
  61.091 -3.522 -34.861,
  61.112 -3.522 -34.962,
  61.115 -3.522 -35.871
 ] }
 coordIndex [ 102, 101, 100, -1, 100, 99, 98, -1, 102, 100, 98, -1, 102, 98, 97, -1,
     103, 102, 97, -1, 103, 97, 96, -1, 103, 96, 95, -1, 103, 95, 94, -1, 104, 103, 94, -1,
     105, 104, 94, -1, 106, 105, 94, -1, 106, 94, 93, -1, 93, 92, 91, -1, 106, 93, 91, -1,
     113, 112, 111, -1, 114, 113, 111, -1, 111, 110, 109, -1, 114, 111, 109, -1, 115, 114, 109, -1,
     116, 115, 109, -1, 109, 108, 107, -1, 116, 109, 107, -1, 116, 107, 106, -1, 117, 116, 106, -1,
     117, 106, 91, -1, 128, 127, 126, -1, 126, 125, 124, -1, 128, 126, 124, -1, 129, 128, 124, -1,
     129, 124, 123, -1, 129, 123, 122, -1, 130, 129, 122, -1, 131, 130, 122, -1, 131, 122, 121, -1,
     131, 121, 120, -1, 132, 131, 120, -1, 132, 120, 119, -1, 132, 119, 118, -1, 132, 118, 117, -1,
     132, 117, 91, -1, 133, 132, 91, -1, 134, 133, 91, -1, 134, 91, 90, -1, 134, 90, 89, -1,
     135, 134, 89, -1, 136, 135, 89, -1, 137, 136, 89, -1, 138, 137, 89, -1, 139, 138, 89, -1,
     140, 139, 89, -1, 141, 140, 89, -1, 141, 89, 88, -1, 141, 88, 87, -1, 141, 87, 86, -1,
     141, 86, 85, -1, 143, 142, 141, -1, 143, 141, 85, -1, 145, 144, 143, -1, 145, 143, 85, -1,
     145, 85, 84, -1, 146, 145, 84, -1, 146, 84, 83, -1, 147, 146, 83, -1, 151, 150, 149, -1,
     152, 151, 149, -1, 153, 152, 149, -1, 153, 149, 148, -1, 153, 148, 147, -1, 154, 153, 147, -1,
     154, 147, 83, -1, 154, 83, 82, -1, 154, 82, 81, -1, 154, 81, 80, -1, 154, 80, 79, -1,
     154, 79, 78, -1, 154, 78, 77, -1, 54, 53, 52, -1, 56, 55, 54, -1, 56, 54, 52, -1,
     57, 56, 52, -1, 57, 52, 51, -1, 58, 57, 51, -1, 59, 58, 51, -1, 60, 59, 51, -1,
     60, 51, 50, -1, 60, 50, 49, -1, 61, 60, 49, -1, 61, 49, 48, -1, 62, 61, 48, -1,
     63, 62, 48, -1, 0, 154, 77, -1, 0, 77, 76, -1, 0, 76, 75, -1, 0, 75, 74, -1,
     0, 74, 73, -1, 5, 4, 3, -1, 5, 3, 2, -1, 5, 2, 1, -1, 6, 5, 1, -1,
     7, 6, 1, -1, 7, 1, 0, -1, 7, 0, 73, -1, 7, 73, 72, -1, 8, 7, 72, -1,
     8, 72, 71, -1, 8, 71, 70, -1, 9, 8, 70, -1, 10, 9, 70, -1, 12, 11, 10, -1,
     13, 12, 10, -1, 13, 10, 70, -1, 14, 13, 70, -1, 15, 14, 70, -1, 15, 70, 69, -1,
     15, 69, 68, -1, 15, 68, 67, -1, 15, 67, 66, -1, 15, 66, 65, -1, 15, 65, 64, -1,
     15, 64, 63, -1, 17, 16, 15, -1, 18, 17, 15, -1, 18, 15, 63, -1, 19, 18, 63, -1,
     19, 63, 48, -1, 20, 19, 48, -1, 21, 20, 48, -1, 21, 48, 47, -1, 43, 42, 41, -1,
     43, 41, 40, -1, 45, 44, 43, -1, 45, 43, 40, -1, 45, 40, 39, -1, 47, 46, 45, -1,
     47, 45, 39, -1, 47, 39, 38, -1, 47, 38, 37, -1, 47, 37, 36, -1, 21, 47, 36, -1,
     21, 36, 35, -1, 22, 21, 35, -1, 22, 35, 34, -1, 23, 22, 34, -1, 23, 34, 33, -1,
     23, 33, 32, -1, 24, 23, 32, -1, 25, 24, 32, -1, 25, 32, 31, -1, 25, 31, 30, -1,
     26, 25, 30, -1, 28, 27, 26, -1, 28, 26, 30, -1, 28, 30, 29, -1
 ]
convex TRUE
creaseAngle 0.3490
}
}
]
}
]
}


DEF Design1t1 Transform {
children [
Transform {
children [
Shape {
appearance Appearance {
material DEF INMAT6 Material {
      diffuseColor 0.800 0.925 0.953
      ambientIntensity 0.295
      specularColor 0.000 0.000 0.000
      shininess 0.000
      transparency 0.000
}
}
geometry IndexedFaceSet {
coord Coordinate { point [
  61.139 1.522 -15.423,
  61.134 1.522 -12.061,
  61.134 1.042 -12.061,
  61.135 1.040 -12.603,
  61.135 1.013 -12.703,
  61.135 0.940 -12.777,
  61.135 0.840 -12.804,
  61.135 -1.054 -12.801,
  61.135 -1.169 -12.773,
  61.135 -1.258 -12.696,
  61.134 -1.301 -12.587,
  61.134 -1.291 -12.470,
  61.134 -1.227 -12.371,
  61.134 -0.820 -12.014,
  61.133 -0.382 -11.697,
  61.133 0.085 -11.423,
  61.132 0.575 -11.194,
  61.132 0.912 -11.082,
  61.132 1.262 -11.018,
  61.132 1.731 -10.934,
  61.132 2.186 -10.790,
  61.131 2.434 -10.663,
  61.131 2.650 -10.487,
  61.129 3.843 -9.298,
  61.129 3.940 -9.163,
  61.129 3.987 -9.004,
  61.128 3.979 -8.838,
  61.128 3.917 -8.684,
  61.125 2.540 -6.524,
  61.124 2.403 -6.270,
  61.123 2.119 -5.640,
  61.123 2.108 -5.557,
  61.123 2.143 -5.480,
  61.123 2.214 -5.435,
  61.123 2.298 -5.434,
  61.123 2.369 -5.479,
  61.124 2.748 -5.884,
  61.124 3.151 -6.264,
  61.125 3.578 -6.617,
  61.125 3.731 -6.748,
  61.127 4.788 -7.751,
  61.128 5.359 -8.325,
  61.128 5.562 -8.496,
  61.128 6.060 -8.846,
  61.129 6.216 -8.971,
  61.129 6.353 -9.115,
  61.130 6.927 -9.802,
  61.130 7.072 -9.952,
  61.130 7.236 -10.082,
  61.132 8.317 -10.822,
  61.134 9.987 -11.995,
  61.134 10.038 -12.057,
  61.134 10.049 -12.136,
  61.134 10.019 -12.210,
  61.134 9.954 -12.258,
  61.134 9.874 -12.265,
  61.134 9.372 -12.163,
  61.134 8.875 -12.035,
  61.133 8.386 -11.884,
  61.133 7.904 -11.708,
  61.133 7.642 -11.583,
  61.133 7.401 -11.421,
  61.132 7.131 -11.209,
  61.132 7.064 -11.193,
  61.132 7.001 -11.217,
  61.132 6.961 -11.272,
  61.132 6.957 -11.339,
  61.133 6.992 -11.398,
  61.133 7.366 -11.728,
  61.134 7.753 -12.042,
  61.134 8.153 -12.339,
  61.135 8.566 -12.620,
  61.135 8.990 -12.883,
  61.135 9.046 -12.943,
  61.135 9.063 -13.024,
  61.135 9.033 -13.102,
  61.135 8.967 -13.152,
  61.135 8.884 -13.159,
  61.135 8.430 -13.055,
  61.135 7.983 -12.923,
  61.135 7.546 -12.764,
  61.135 7.313 -12.653,
  61.134 6.896 -12.448,
  61.134 6.260 -12.222,
  61.134 5.890 -12.054,
  61.133 5.424 -11.808,
  61.133 5.243 -11.728,
  61.133 5.048 -11.693,
  61.133 4.851 -11.704,
  61.133 4.661 -11.760,
  61.133 4.273 -11.907,
  61.134 3.873 -12.015,
  61.134 3.629 -12.103,
  61.134 3.415 -12.252,
  61.134 3.247 -12.450,
  61.135 3.009 -12.863,
  61.136 2.813 -13.299,
  61.136 2.661 -13.752,
  61.137 2.555 -14.218,
  61.138 2.487 -14.755,
  61.138 2.410 -15.010,
  61.139 2.285 -15.246,
  61.139 2.119 -15.454,
  61.139 1.916 -15.627,
  61.139 1.816 -15.669,
  61.139 1.708 -15.664,
  61.139 1.612 -15.614,
  61.139 1.546 -15.528,
  61.639 1.522 -15.422,
  61.634 1.522 -12.061,
  61.634 1.042 -12.060,
  61.635 1.040 -12.602,
  61.635 1.013 -12.702,
  61.635 0.940 -12.776,
  61.635 0.840 -12.803,
  61.635 -1.054 -12.800,
  61.635 -1.169 -12.772,
  61.635 -1.258 -12.695,
  61.634 -1.301 -12.586,
  61.634 -1.291 -12.469,
  61.634 -1.227 -12.370,
  61.634 -0.820 -12.013,
  61.633 -0.382 -11.696,
  61.633 0.085 -11.422,
  61.632 0.575 -11.193,
  61.632 0.912 -11.081,
  61.632 1.262 -11.017,
  61.632 1.731 -10.933,
  61.632 2.186 -10.789,
  61.631 2.434 -10.662,
  61.631 2.650 -10.486,
  61.629 3.843 -9.297,
  61.629 3.940 -9.162,
  61.629 3.987 -9.003,
  61.628 3.979 -8.837,
  61.628 3.917 -8.683,
  61.625 2.540 -6.523,
  61.624 2.403 -6.269,
  61.623 2.119 -5.639,
  61.623 2.108 -5.556,
  61.623 2.143 -5.479,
  61.623 2.214 -5.434,
  61.623 2.298 -5.433,
  61.623 2.369 -5.479,
  61.624 2.748 -5.883,
  61.624 3.151 -6.263,
  61.625 3.578 -6.616,
  61.625 3.731 -6.747,
  61.627 4.788 -7.751,
  61.628 5.359 -8.324,
  61.628 5.562 -8.495,
  61.628 6.060 -8.845,
  61.629 6.216 -8.970,
  61.629 6.353 -9.115,
  61.630 6.927 -9.801,
  61.630 7.072 -9.951,
  61.630 7.236 -10.081,
  61.632 8.317 -10.821,
  61.634 9.987 -11.994,
  61.634 10.038 -12.056,
  61.634 10.049 -12.135,
  61.634 10.019 -12.209,
  61.634 9.954 -12.257,
  61.634 9.874 -12.265,
  61.634 9.372 -12.162,
  61.634 8.875 -12.035,
  61.633 8.386 -11.883,
  61.633 7.904 -11.708,
  61.633 7.642 -11.582,
  61.633 7.401 -11.420,
  61.632 7.131 -11.208,
  61.632 7.064 -11.192,
  61.632 7.001 -11.216,
  61.632 6.961 -11.271,
  61.632 6.957 -11.339,
  61.633 6.992 -11.397,
  61.633 7.366 -11.727,
  61.634 7.753 -12.041,
  61.634 8.153 -12.339,
  61.635 8.566 -12.619,
  61.635 8.990 -12.882,
  61.635 9.046 -12.942,
  61.635 9.063 -13.024,
  61.635 9.033 -13.101,
  61.635 8.967 -13.151,
  61.635 8.884 -13.158,
  61.635 8.430 -13.055,
  61.635 7.983 -12.923,
  61.635 7.546 -12.763,
  61.635 7.313 -12.652,
  61.634 6.896 -12.447,
  61.634 6.260 -12.221,
  61.634 5.890 -12.054,
  61.633 5.424 -11.807,
  61.633 5.243 -11.728,
  61.633 5.048 -11.692,
  61.633 4.851 -11.703,
  61.633 4.661 -11.760,
  61.633 4.273 -11.906,
  61.634 3.873 -12.014,
  61.634 3.629 -12.103,
  61.634 3.415 -12.251,
  61.634 3.247 -12.449,
  61.635 3.009 -12.863,
  61.636 2.813 -13.298,
  61.636 2.661 -13.751,
  61.637 2.555 -14.217,
  61.638 2.487 -14.754,
  61.638 2.410 -15.009,
  61.639 2.285 -15.245,
  61.639 2.119 -15.453,
  61.639 1.916 -15.626,
  61.639 1.816 -15.668,
  61.639 1.708 -15.663,
  61.639 1.612 -15.613,
  61.639 1.546 -15.527
 ] }
coordIndex [ 50, 51, 52, -1, 52, 53, 54, -1, 52, 54, 55, -1, 50, 52, 55, -1,
     50, 55, 56, -1, 50, 56, 57, -1, 49, 50, 57, -1, 49, 57, 58, -1, 49, 58, 59, -1,
     49, 59, 60, -1, 49, 60, 61, -1, 49, 61, 62, -1, 48, 49, 62, -1, 48, 62, 63, -1,
     48, 63, 64, -1, 47, 48, 64, -1, 46, 47, 64, -1, 45, 46, 64, -1, 72, 73, 74, -1,
     74, 75, 76, -1, 74, 76, 77, -1, 72, 74, 77, -1, 72, 77, 78, -1, 71, 72, 78, -1,
     71, 78, 79, -1, 70, 71, 79, -1, 70, 79, 80, -1, 69, 70, 80, -1, 69, 80, 81, -1,
     69, 81, 82, -1, 68, 69, 82, -1, 67, 68, 82, -1, 66, 67, 82, -1, 66, 82, 83, -1,
     66, 83, 84, -1, 65, 66, 84, -1, 64, 65, 84, -1, 64, 84, 85, -1, 64, 85, 86, -1,
     45, 64, 86, -1, 44, 45, 86, -1, 43, 44, 86, -1, 43, 86, 87, -1, 43, 87, 88, -1,
     43, 88, 89, -1, 89, 90, 91, -1, 43, 89, 91, -1, 32, 33, 34, -1, 30, 31, 32, -1,
     32, 34, 35, -1, 30, 32, 35, -1, 30, 35, 36, -1, 29, 30, 36, -1, 28, 29, 36, -1,
     28, 36, 37, -1, 37, 38, 39, -1, 28, 37, 39, -1, 27, 28, 39, -1, 27, 39, 40, -1,
     26, 27, 40, -1, 25, 26, 40, -1, 25, 40, 41, -1, 25, 41, 42, -1, 25, 42, 43, -1,
     24, 25, 43, -1, 23, 24, 43, -1, 22, 23, 43, -1, 22, 43, 91, -1, 22, 91, 92, -1,
     21, 22, 92, -1, 21, 92, 93, -1, 20, 21, 93, -1, 20, 93, 94, -1, 19, 20, 94, -1,
     18, 19, 94, -1, 17, 18, 94, -1, 17, 94, 95, -1, 17, 95, 96, -1, 98, 99, 100, -1,
     98, 100, 101, -1, 98, 101, 102, -1, 98, 102, 103, -1, 17, 96, 97, -1, 10, 11, 12, -1,
     8, 9, 10, -1, 7, 8, 10, -1, 7, 10, 12, -1, 7, 12, 13, -1, 6, 7, 13, -1,
     6, 13, 14, -1, 6, 14, 15, -1, 3, 4, 5, -1, 3, 5, 6, -1, 2, 3, 6, -1,
     2, 6, 15, -1, 2, 15, 16, -1, 1, 2, 16, -1, 1, 16, 17, -1, 1, 17, 97, -1,
     0, 1, 97, -1, 0, 97, 98, -1, 107, 0, 98, -1, 106, 107, 98, -1, 105, 106, 98, -1,
     104, 105, 98, -1, 104, 98, 103, -1
  1, 0, 108, 109, -1,
  2, 1, 109, 110, -1,
  3, 2, 110, 111, -1,
  4, 3, 111, 112, -1,
  5, 4, 112, 113, -1,
  6, 5, 113, 114, -1,
  7, 6, 114, 115, -1,
  8, 7, 115, 116, -1,
  9, 8, 116, 117, -1,
  10, 9, 117, 118, -1,
  11, 10, 118, 119, -1,
  12, 11, 119, 120, -1,
  13, 12, 120, 121, -1,
  14, 13, 121, 122, -1,
  15, 14, 122, 123, -1,
  16, 15, 123, 124, -1,
  17, 16, 124, 125, -1,
  18, 17, 125, 126, -1,
  19, 18, 126, 127, -1,
  20, 19, 127, 128, -1,
  21, 20, 128, 129, -1,
  22, 21, 129, 130, -1,
  23, 22, 130, 131, -1,
  24, 23, 131, 132, -1,
  25, 24, 132, 133, -1,
  26, 25, 133, 134, -1,
  27, 26, 134, 135, -1,
  28, 27, 135, 136, -1,
  29, 28, 136, 137, -1,
  30, 29, 137, 138, -1,
  31, 30, 138, 139, -1,
  32, 31, 139, 140, -1,
  33, 32, 140, 141, -1,
  34, 33, 141, 142, -1,
  35, 34, 142, 143, -1,
  36, 35, 143, 144, -1,
  37, 36, 144, 145, -1,
  38, 37, 145, 146, -1,
  39, 38, 146, 147, -1,
  40, 39, 147, 148, -1,
  41, 40, 148, 149, -1,
  42, 41, 149, 150, -1,
  43, 42, 150, 151, -1,
  44, 43, 151, 152, -1,
  45, 44, 152, 153, -1,
  46, 45, 153, 154, -1,
  47, 46, 154, 155, -1,
  48, 47, 155, 156, -1,
  49, 48, 156, 157, -1,
  50, 49, 157, 158, -1,
  51, 50, 158, 159, -1,
  52, 51, 159, 160, -1,
  53, 52, 160, 161, -1,
  54, 53, 161, 162, -1,
  55, 54, 162, 163, -1,
  56, 55, 163, 164, -1,
  57, 56, 164, 165, -1,
  58, 57, 165, 166, -1,
  59, 58, 166, 167, -1,
  60, 59, 167, 168, -1,
  61, 60, 168, 169, -1,
  62, 61, 169, 170, -1,
  63, 62, 170, 171, -1,
  64, 63, 171, 172, -1,
  65, 64, 172, 173, -1,
  66, 65, 173, 174, -1,
  67, 66, 174, 175, -1,
  68, 67, 175, 176, -1,
  69, 68, 176, 177, -1,
  70, 69, 177, 178, -1,
  71, 70, 178, 179, -1,
  72, 71, 179, 180, -1,
  73, 72, 180, 181, -1,
  74, 73, 181, 182, -1,
  75, 74, 182, 183, -1,
  76, 75, 183, 184, -1,
  77, 76, 184, 185, -1,
  78, 77, 185, 186, -1,
  79, 78, 186, 187, -1,
  80, 79, 187, 188, -1,
  81, 80, 188, 189, -1,
  82, 81, 189, 190, -1,
  83, 82, 190, 191, -1,
  84, 83, 191, 192, -1,
  85, 84, 192, 193, -1,
  86, 85, 193, 194, -1,
  87, 86, 194, 195, -1,
  88, 87, 195, 196, -1,
  89, 88, 196, 197, -1,
  90, 89, 197, 198, -1,
  91, 90, 198, 199, -1,
  92, 91, 199, 200, -1,
  93, 92, 200, 201, -1,
  94, 93, 201, 202, -1,
  95, 94, 202, 203, -1,
  96, 95, 203, 204, -1,
  97, 96, 204, 205, -1,
  98, 97, 205, 206, -1,
  99, 98, 206, 207, -1,
  100, 99, 207, 208, -1,
  101, 100, 208, 209, -1,
  102, 101, 209, 210, -1,
  103, 102, 210, 211, -1,
  104, 103, 211, 212, -1,
  105, 104, 212, 213, -1,
  106, 105, 213, 214, -1,
  107, 106, 214, 215, -1,
  0, 107, 215, 108, -1
 ]
convex TRUE
creaseAngle 0.3490
}
}
Shape {
appearance Appearance {
material DEF OUTMAT6 Material {
      diffuseColor 0.800 0.800 0.800
      ambientIntensity 0.299
      specularColor 0.000 0.000 0.000
      shininess 0.000
      transparency 0.000
}
}
geometry IndexedFaceSet {
coord Coordinate { point [
  61.639 1.522 -15.422,
  61.634 1.522 -12.061,
  61.634 1.042 -12.060,
  61.635 1.040 -12.602,
  61.635 1.013 -12.702,
  61.635 0.940 -12.776,
  61.635 0.840 -12.803,
  61.635 -1.054 -12.800,
  61.635 -1.169 -12.772,
  61.635 -1.258 -12.695,
  61.634 -1.301 -12.586,
  61.634 -1.291 -12.469,
  61.634 -1.227 -12.370,
  61.634 -0.820 -12.013,
  61.633 -0.382 -11.696,
  61.633 0.085 -11.422,
  61.632 0.575 -11.193,
  61.632 0.912 -11.081,
  61.632 1.262 -11.017,
  61.632 1.731 -10.933,
  61.632 2.186 -10.789,
  61.631 2.434 -10.662,
  61.631 2.650 -10.486,
  61.629 3.843 -9.297,
  61.629 3.940 -9.162,
  61.629 3.987 -9.003,
  61.628 3.979 -8.837,
  61.628 3.917 -8.683,
  61.625 2.540 -6.523,
  61.624 2.403 -6.269,
  61.623 2.119 -5.639,
  61.623 2.108 -5.556,
  61.623 2.143 -5.479,
  61.623 2.214 -5.434,
  61.623 2.298 -5.433,
  61.623 2.369 -5.479,
  61.624 2.748 -5.883,
  61.624 3.151 -6.263,
  61.625 3.578 -6.616,
  61.625 3.731 -6.747,
  61.627 4.788 -7.751,
  61.628 5.359 -8.324,
  61.628 5.562 -8.495,
  61.628 6.060 -8.845,
  61.629 6.216 -8.970,
  61.629 6.353 -9.115,
  61.630 6.927 -9.801,
  61.630 7.072 -9.951,
  61.630 7.236 -10.081,
  61.632 8.317 -10.821,
  61.634 9.987 -11.994,
  61.634 10.038 -12.056,
  61.634 10.049 -12.135,
  61.634 10.019 -12.209,
  61.634 9.954 -12.257,
  61.634 9.874 -12.265,
  61.634 9.372 -12.162,
  61.634 8.875 -12.035,
  61.633 8.386 -11.883,
  61.633 7.904 -11.708,
  61.633 7.642 -11.582,
  61.633 7.401 -11.420,
  61.632 7.131 -11.208,
  61.632 7.064 -11.192,
  61.632 7.001 -11.216,
  61.632 6.961 -11.271,
  61.632 6.957 -11.339,
  61.633 6.992 -11.397,
  61.633 7.366 -11.727,
  61.634 7.753 -12.041,
  61.634 8.153 -12.339,
  61.635 8.566 -12.619,
  61.635 8.990 -12.882,
  61.635 9.046 -12.942,
  61.635 9.063 -13.024,
  61.635 9.033 -13.101,
  61.635 8.967 -13.151,
  61.635 8.884 -13.158,
  61.635 8.430 -13.055,
  61.635 7.983 -12.923,
  61.635 7.546 -12.763,
  61.635 7.313 -12.652,
  61.634 6.896 -12.447,
  61.634 6.260 -12.221,
  61.634 5.890 -12.054,
  61.633 5.424 -11.807,
  61.633 5.243 -11.728,
  61.633 5.048 -11.692,
  61.633 4.851 -11.703,
  61.633 4.661 -11.760,
  61.633 4.273 -11.906,
  61.634 3.873 -12.014,
  61.634 3.629 -12.103,
  61.634 3.415 -12.251,
  61.634 3.247 -12.449,
  61.635 3.009 -12.863,
  61.636 2.813 -13.298,
  61.636 2.661 -13.751,
  61.637 2.555 -14.217,
  61.638 2.487 -14.754,
  61.638 2.410 -15.009,
  61.639 2.285 -15.245,
  61.639 2.119 -15.453,
  61.639 1.916 -15.626,
  61.639 1.816 -15.668,
  61.639 1.708 -15.663,
  61.639 1.612 -15.613,
  61.639 1.546 -15.527
 ] }
 coordIndex [ 52, 51, 50, -1, 54, 53, 52, -1, 55, 54, 52, -1, 55, 52, 50, -1,
     56, 55, 50, -1, 57, 56, 50, -1, 57, 50, 49, -1, 58, 57, 49, -1, 59, 58, 49, -1,
     60, 59, 49, -1, 61, 60, 49, -1, 62, 61, 49, -1, 62, 49, 48, -1, 63, 62, 48, -1,
     64, 63, 48, -1, 64, 48, 47, -1, 64, 47, 46, -1, 64, 46, 45, -1, 74, 73, 72, -1,
     76, 75, 74, -1, 77, 76, 74, -1, 77, 74, 72, -1, 78, 77, 72, -1, 78, 72, 71, -1,
     79, 78, 71, -1, 79, 71, 70, -1, 80, 79, 70, -1, 80, 70, 69, -1, 81, 80, 69, -1,
     82, 81, 69, -1, 82, 69, 68, -1, 82, 68, 67, -1, 82, 67, 66, -1, 83, 82, 66, -1,
     84, 83, 66, -1, 84, 66, 65, -1, 84, 65, 64, -1, 85, 84, 64, -1, 86, 85, 64, -1,
     86, 64, 45, -1, 86, 45, 44, -1, 86, 44, 43, -1, 87, 86, 43, -1, 88, 87, 43, -1,
     89, 88, 43, -1, 91, 90, 89, -1, 91, 89, 43, -1, 34, 33, 32, -1, 32, 31, 30, -1,
     35, 34, 32, -1, 35, 32, 30, -1, 36, 35, 30, -1, 36, 30, 29, -1, 36, 29, 28, -1,
     37, 36, 28, -1, 39, 38, 37, -1, 39, 37, 28, -1, 39, 28, 27, -1, 40, 39, 27, -1,
     40, 27, 26, -1, 40, 26, 25, -1, 41, 40, 25, -1, 42, 41, 25, -1, 43, 42, 25, -1,
     43, 25, 24, -1, 43, 24, 23, -1, 43, 23, 22, -1, 91, 43, 22, -1, 92, 91, 22, -1,
     92, 22, 21, -1, 93, 92, 21, -1, 93, 21, 20, -1, 94, 93, 20, -1, 94, 20, 19, -1,
     94, 19, 18, -1, 94, 18, 17, -1, 95, 94, 17, -1, 96, 95, 17, -1, 100, 99, 98, -1,
     101, 100, 98, -1, 102, 101, 98, -1, 103, 102, 98, -1, 97, 96, 17, -1, 12, 11, 10, -1,
     10, 9, 8, -1, 10, 8, 7, -1, 12, 10, 7, -1, 13, 12, 7, -1, 13, 7, 6, -1,
     14, 13, 6, -1, 15, 14, 6, -1, 5, 4, 3, -1, 6, 5, 3, -1, 6, 3, 2, -1,
     15, 6, 2, -1, 16, 15, 2, -1, 16, 2, 1, -1, 17, 16, 1, -1, 97, 17, 1, -1,
     97, 1, 0, -1, 98, 97, 0, -1, 98, 0, 107, -1, 98, 107, 106, -1, 98, 106, 105, -1,
     98, 105, 104, -1, 103, 98, 104, -1
 ]
convex TRUE
creaseAngle 0.3490
}
}
]
}
]
}



Transform {
children [
Transform {
children [
Shape {
appearance Appearance {
material DEF INMAT7 Material {
      diffuseColor 0.800 0.925 0.953
      ambientIntensity 0.295
      specularColor 0.000 0.000 0.000
      shininess 0.000
      transparency 0.000
}
}
geometry IndexedFaceSet {
coord Coordinate { point [
  58.003 0.236 -26.358,
  58.019 -1.395 -26.355,
  58.034 -1.504 -26.341,
  58.077 -1.598 -26.299,
  58.140 -1.663 -26.236,
  58.216 -1.692 -26.161,
  58.294 -1.680 -26.083,
  58.485 -1.621 -25.891,
  58.681 -1.606 -25.695,
  58.876 -1.635 -25.500,
  59.167 -1.745 -25.210,
  59.270 -1.757 -25.107,
  59.767 -1.756 -24.610,
  59.769 -2.031 -24.610,
  59.783 -2.126 -24.597,
  59.822 -2.207 -24.559,
  59.879 -2.261 -24.502,
  59.947 -2.280 -24.434,
  60.371 -2.279 -24.010,
  60.439 -2.259 -23.942,
  60.496 -2.205 -23.885,
  60.534 -2.124 -23.846,
  60.547 -2.028 -23.833,
  60.545 -1.753 -23.832,
  61.007 -1.752 -23.370,
  61.455 -1.750 -22.922,
  61.520 -1.732 -22.857,
  61.576 -1.682 -22.800,
  61.799 -1.350 -22.575,
  61.990 -0.980 -22.381,
  62.147 -0.579 -22.221,
  62.267 -0.154 -22.097,
  62.348 0.290 -22.012,
  62.390 0.745 -21.967,
  62.380 0.846 -21.976,
  62.342 0.933 -22.013,
  62.283 0.992 -22.072,
  62.212 1.013 -22.143,
  61.520 1.010 -22.834,
  61.453 0.991 -22.901,
  61.396 0.937 -22.959,
  61.358 0.857 -22.997,
  61.345 0.762 -23.011,
  61.345 -0.370 -23.021,
  61.006 -0.371 -23.360,
  60.993 0.761 -23.364,
  60.978 0.856 -23.377,
  60.939 0.936 -23.416,
  60.882 0.989 -23.473,
  60.815 1.008 -23.540,
  60.529 1.007 -23.825,
  60.528 1.282 -23.825,
  60.514 1.378 -23.838,
  60.475 1.459 -23.876,
  60.417 1.513 -23.933,
  60.349 1.532 -24.001,
  59.925 1.530 -24.425,
  59.858 1.511 -24.493,
  59.801 1.456 -24.550,
  59.763 1.375 -24.589,
  59.750 1.280 -24.602,
  59.751 1.005 -24.603,
  59.455 1.003 -24.899,
  59.180 1.374 -25.172,
  58.922 1.769 -25.426,
  58.684 2.189 -25.660,
  58.467 2.630 -25.874,
  58.272 3.091 -26.066,
  58.099 3.569 -26.235,
  57.950 4.063 -26.380,
  57.824 4.570 -26.501,
  57.768 4.738 -26.556,
  57.681 4.878 -26.642,
  57.572 4.981 -26.751,
  57.447 5.038 -26.875,
  57.393 5.059 -26.929,
  57.343 5.095 -26.978,
  57.180 5.205 -27.141,
  57.002 5.254 -27.318,
  56.822 5.239 -27.498,
  56.650 5.161 -27.671,
  56.612 5.114 -27.709,
  56.599 5.046 -27.723,
  56.614 4.979 -27.708,
  56.652 4.933 -27.670,
  56.711 4.888 -27.612,
  56.751 4.826 -27.572,
  56.762 4.744 -27.563,
  56.740 4.667 -27.585,
  56.692 4.619 -27.633,
  56.661 4.601 -27.665,
  56.620 4.550 -27.706,
  56.602 4.477 -27.724,
  56.613 4.402 -27.714,
  56.649 4.344 -27.678,
  56.711 4.315 -27.616,
  56.752 4.270 -27.577,
  56.766 4.200 -27.563,
  56.749 4.131 -27.580,
  56.708 4.089 -27.622,
  56.653 4.062 -27.677,
  56.619 4.008 -27.712,
  56.605 3.938 -27.725,
  56.616 3.867 -27.715,
  56.649 3.811 -27.683,
  56.772 3.723 -27.560,
  56.832 3.643 -27.501,
  56.874 3.542 -27.460,
  56.893 3.429 -27.442,
  56.920 2.873 -27.420,
  56.930 2.316 -27.414,
  56.923 1.760 -27.426,
  56.899 1.205 -27.453,
  56.859 0.651 -27.498,
  56.803 0.101 -27.559,
  56.730 -0.446 -27.636,
  56.641 -0.987 -27.730,
  56.634 -1.064 -27.737,
  56.636 -1.292 -27.738,
  56.660 -1.440 -27.715,
  56.714 -1.573 -27.662,
  56.793 -1.677 -27.583,
  56.890 -1.743 -27.487,
  56.997 -1.765 -27.380,
  57.368 -1.764 -27.009,
  57.461 -1.743 -26.916,
  57.544 -1.682 -26.832,
  57.610 -1.588 -26.766,
  57.652 -1.470 -26.723,
  57.666 -1.339 -26.708,
  57.664 0.235 -26.697,
  58.357 0.239 -26.711,
  58.372 -1.392 -26.709,
  58.388 -1.501 -26.694,
  58.430 -1.595 -26.653,
  58.493 -1.660 -26.590,
  58.569 -1.689 -26.514,
  58.647 -1.677 -26.436,
  58.839 -1.618 -26.244,
  59.035 -1.603 -26.048,
  59.230 -1.632 -25.853,
  59.520 -1.742 -25.564,
  59.624 -1.755 -25.460,
  60.121 -1.753 -24.963,
  60.122 -2.028 -24.964,
  60.136 -2.123 -24.951,
  60.175 -2.204 -24.913,
  60.233 -2.258 -24.855,
  60.301 -2.277 -24.788,
  60.725 -2.276 -24.363,
  60.792 -2.257 -24.296,
  60.849 -2.202 -24.238,
  60.887 -2.121 -24.200,
  60.900 -2.025 -24.186,
  60.899 -1.750 -24.185,
  61.360 -1.749 -23.724,
  61.808 -1.747 -23.276,
  61.874 -1.730 -23.210,
  61.930 -1.679 -23.154,
  62.152 -1.347 -22.928,
  62.343 -0.977 -22.734,
  62.500 -0.577 -22.574,
  62.620 -0.151 -22.451,
  62.702 0.293 -22.366,
  62.743 0.748 -22.320,
  62.733 0.849 -22.330,
  62.695 0.936 -22.367,
  62.636 0.995 -22.425,
  62.565 1.016 -22.496,
  61.874 1.013 -23.187,
  61.807 0.994 -23.255,
  61.750 0.940 -23.312,
  61.712 0.860 -23.351,
  61.699 0.765 -23.365,
  61.699 -0.367 -23.374,
  61.359 -0.369 -23.713,
  61.346 0.764 -23.717,
  61.332 0.859 -23.731,
  61.293 0.939 -23.769,
  61.235 0.992 -23.826,
  61.168 1.011 -23.893,
  60.883 1.010 -24.179,
  60.881 1.285 -24.178,
  60.867 1.381 -24.191,
  60.828 1.462 -24.230,
  60.771 1.516 -24.287,
  60.703 1.534 -24.354,
  60.279 1.533 -24.779,
  60.211 1.514 -24.846,
  60.154 1.459 -24.904,
  60.116 1.378 -24.942,
  60.103 1.282 -24.956,
  60.105 1.007 -24.957,
  59.809 1.006 -25.253,
  59.533 1.376 -25.525,
  59.276 1.772 -25.780,
  59.038 2.191 -26.014,
  58.821 2.633 -26.228,
  58.625 3.094 -26.419,
  58.453 3.572 -26.588,
  58.303 4.066 -26.734,
  58.178 4.573 -26.855,
  58.121 4.741 -26.910,
  58.035 4.881 -26.995,
  57.925 4.983 -27.104,
  57.800 5.041 -27.229,
  57.747 5.062 -27.282,
  57.697 5.098 -27.332,
  57.533 5.208 -27.494,
  57.356 5.257 -27.672,
  57.175 5.242 -27.852,
  57.003 5.164 -28.024,
  56.966 5.117 -28.062,
  56.953 5.049 -28.076,
  56.968 4.981 -28.062,
  57.006 4.936 -28.024,
  57.065 4.891 -27.965,
  57.105 4.829 -27.926,
  57.115 4.747 -27.916,
  57.093 4.670 -27.939,
  57.046 4.622 -27.987,
  57.014 4.604 -28.018,
  56.973 4.553 -28.060,
  56.956 4.480 -28.078,
  56.967 4.405 -28.067,
  57.003 4.347 -28.032,
  57.065 4.318 -27.970,
  57.105 4.273 -27.930,
  57.119 4.203 -27.916,
  57.103 4.134 -27.934,
  57.061 4.092 -27.976,
  57.006 4.065 -28.030,
  56.972 4.011 -28.065,
  56.959 3.941 -28.079,
  56.970 3.870 -28.068,
  57.003 3.814 -28.036,
  57.126 3.726 -27.914,
  57.186 3.646 -27.854,
  57.227 3.545 -27.814,
  57.247 3.431 -27.795,
  57.273 2.876 -27.773,
  57.283 2.319 -27.768,
  57.276 1.763 -27.779,
  57.253 1.207 -27.807,
  57.213 0.654 -27.852,
  57.157 0.104 -27.913,
  57.084 -0.443 -27.990,
  56.994 -0.984 -28.084,
  56.988 -1.061 -28.091,
  56.989 -1.289 -28.091,
  57.013 -1.438 -28.068,
  57.067 -1.570 -28.015,
  57.147 -1.674 -27.937,
  57.244 -1.740 -27.840,
  57.351 -1.762 -27.734,
  57.722 -1.761 -27.362,
  57.815 -1.740 -27.270,
  57.898 -1.679 -27.186,
  57.963 -1.585 -27.119,
  58.005 -1.467 -27.076,
  58.019 -1.336 -27.062,
  58.017 0.238 -27.051
 ] }
coordIndex [ 120, 121, 122, -1, 118, 119, 120, -1, 118, 120, 122, -1, 118, 122, 123, -1,
     116, 117, 118, -1, 115, 116, 118, -1, 115, 118, 123, -1, 115, 123, 124, -1, 126, 127, 128, -1,
     124, 125, 126, -1, 126, 128, 129, -1, 124, 126, 129, -1, 115, 124, 129, -1, 115, 129, 130, -1,
     33, 34, 35, -1, 33, 35, 36, -1, 33, 36, 37, -1, 32, 33, 37, -1, 32, 37, 38, -1,
     38, 39, 40, -1, 38, 40, 41, -1, 38, 41, 42, -1, 32, 38, 42, -1, 31, 32, 42, -1,
     31, 42, 43, -1, 30, 31, 43, -1, 29, 30, 43, -1, 28, 29, 43, -1, 28, 43, 44, -1,
     25, 26, 27, -1, 25, 27, 28, -1, 25, 28, 44, -1, 24, 25, 44, -1, 19, 20, 21, -1,
     18, 19, 21, -1, 18, 21, 22, -1, 17, 18, 22, -1, 14, 15, 16, -1, 14, 16, 17, -1,
     12, 13, 14, -1, 12, 14, 17, -1, 17, 22, 23, -1, 12, 17, 23, -1, 23, 24, 44, -1,
     12, 23, 44, -1, 11, 12, 44, -1, 46, 47, 48, -1, 46, 48, 49, -1, 45, 46, 49, -1,
     45, 49, 50, -1, 44, 45, 50, -1, 10, 11, 44, -1, 10, 44, 50, -1, 57, 58, 59, -1,
     56, 57, 59, -1, 56, 59, 60, -1, 55, 56, 60, -1, 52, 53, 54, -1, 52, 54, 55, -1,
     50, 51, 52, -1, 50, 52, 55, -1, 55, 60, 61, -1, 50, 55, 61, -1, 10, 50, 61, -1,
     10, 61, 62, -1, 9, 10, 62, -1, 8, 9, 62, -1, 8, 62, 63, -1, 3, 4, 5, -1,
     3, 5, 6, -1, 2, 3, 6, -1, 1, 2, 6, -1, 1, 6, 7, -1, 1, 7, 8, -1,
     0, 1, 8, -1, 0, 8, 63, -1, 130, 0, 63, -1, 115, 130, 63, -1, 115, 63, 64, -1,
     114, 115, 64, -1, 113, 114, 64, -1, 113, 64, 65, -1, 113, 65, 66, -1, 112, 113, 66, -1,
     111, 112, 66, -1, 111, 66, 67, -1, 110, 111, 67, -1, 109, 110, 67, -1, 109, 67, 68, -1,
     108, 109, 68, -1, 108, 68, 69, -1, 108, 69, 70, -1, 72, 73, 74, -1, 70, 71, 72, -1,
     70, 72, 74, -1, 108, 70, 74, -1, 89, 90, 91, -1, 89, 91, 92, -1, 92, 93, 94, -1,
     92, 94, 95, -1, 92, 95, 96, -1, 88, 89, 92, -1, 88, 92, 96, -1, 88, 96, 97, -1,
     100, 101, 102, -1, 99, 100, 102, -1, 99, 102, 103, -1, 98, 99, 103, -1, 98, 103, 104, -1,
     98, 104, 105, -1, 97, 98, 105, -1, 97, 105, 106, -1, 97, 106, 107, -1, 107, 108, 74, -1,
     97, 107, 74, -1, 88, 97, 74, -1, 88, 74, 75, -1, 75, 76, 77, -1, 88, 75, 77, -1,
     87, 88, 77, -1, 87, 77, 78, -1, 87, 78, 79, -1, 86, 87, 79, -1, 85, 86, 79, -1,
     84, 85, 79, -1, 83, 84, 79, -1, 83, 79, 80, -1, 82, 83, 80, -1, 82, 80, 81, -1
  1, 0, 131, 132, -1,
  2, 1, 132, 133, -1,
  3, 2, 133, 134, -1,
  4, 3, 134, 135, -1,
  5, 4, 135, 136, -1,
  6, 5, 136, 137, -1,
  7, 6, 137, 138, -1,
  8, 7, 138, 139, -1,
  9, 8, 139, 140, -1,
  10, 9, 140, 141, -1,
  11, 10, 141, 142, -1,
  12, 11, 142, 143, -1,
  13, 12, 143, 144, -1,
  14, 13, 144, 145, -1,
  15, 14, 145, 146, -1,
  16, 15, 146, 147, -1,
  17, 16, 147, 148, -1,
  18, 17, 148, 149, -1,
  19, 18, 149, 150, -1,
  20, 19, 150, 151, -1,
  21, 20, 151, 152, -1,
  22, 21, 152, 153, -1,
  23, 22, 153, 154, -1,
  24, 23, 154, 155, -1,
  25, 24, 155, 156, -1,
  26, 25, 156, 157, -1,
  27, 26, 157, 158, -1,
  28, 27, 158, 159, -1,
  29, 28, 159, 160, -1,
  30, 29, 160, 161, -1,
  31, 30, 161, 162, -1,
  32, 31, 162, 163, -1,
  33, 32, 163, 164, -1,
  34, 33, 164, 165, -1,
  35, 34, 165, 166, -1,
  36, 35, 166, 167, -1,
  37, 36, 167, 168, -1,
  38, 37, 168, 169, -1,
  39, 38, 169, 170, -1,
  40, 39, 170, 171, -1,
  41, 40, 171, 172, -1,
  42, 41, 172, 173, -1,
  43, 42, 173, 174, -1,
  44, 43, 174, 175, -1,
  45, 44, 175, 176, -1,
  46, 45, 176, 177, -1,
  47, 46, 177, 178, -1,
  48, 47, 178, 179, -1,
  49, 48, 179, 180, -1,
  50, 49, 180, 181, -1,
  51, 50, 181, 182, -1,
  52, 51, 182, 183, -1,
  53, 52, 183, 184, -1,
  54, 53, 184, 185, -1,
  55, 54, 185, 186, -1,
  56, 55, 186, 187, -1,
  57, 56, 187, 188, -1,
  58, 57, 188, 189, -1,
  59, 58, 189, 190, -1,
  60, 59, 190, 191, -1,
  61, 60, 191, 192, -1,
  62, 61, 192, 193, -1,
  63, 62, 193, 194, -1,
  64, 63, 194, 195, -1,
  65, 64, 195, 196, -1,
  66, 65, 196, 197, -1,
  67, 66, 197, 198, -1,
  68, 67, 198, 199, -1,
  69, 68, 199, 200, -1,
  70, 69, 200, 201, -1,
  71, 70, 201, 202, -1,
  72, 71, 202, 203, -1,
  73, 72, 203, 204, -1,
  74, 73, 204, 205, -1,
  75, 74, 205, 206, -1,
  76, 75, 206, 207, -1,
  77, 76, 207, 208, -1,
  78, 77, 208, 209, -1,
  79, 78, 209, 210, -1,
  80, 79, 210, 211, -1,
  81, 80, 211, 212, -1,
  82, 81, 212, 213, -1,
  83, 82, 213, 214, -1,
  84, 83, 214, 215, -1,
  85, 84, 215, 216, -1,
  86, 85, 216, 217, -1,
  87, 86, 217, 218, -1,
  88, 87, 218, 219, -1,
  89, 88, 219, 220, -1,
  90, 89, 220, 221, -1,
  91, 90, 221, 222, -1,
  92, 91, 222, 223, -1,
  93, 92, 223, 224, -1,
  94, 93, 224, 225, -1,
  95, 94, 225, 226, -1,
  96, 95, 226, 227, -1,
  97, 96, 227, 228, -1,
  98, 97, 228, 229, -1,
  99, 98, 229, 230, -1,
  100, 99, 230, 231, -1,
  101, 100, 231, 232, -1,
  102, 101, 232, 233, -1,
  103, 102, 233, 234, -1,
  104, 103, 234, 235, -1,
  105, 104, 235, 236, -1,
  106, 105, 236, 237, -1,
  107, 106, 237, 238, -1,
  108, 107, 238, 239, -1,
  109, 108, 239, 240, -1,
  110, 109, 240, 241, -1,
  111, 110, 241, 242, -1,
  112, 111, 242, 243, -1,
  113, 112, 243, 244, -1,
  114, 113, 244, 245, -1,
  115, 114, 245, 246, -1,
  116, 115, 246, 247, -1,
  117, 116, 247, 248, -1,
  118, 117, 248, 249, -1,
  119, 118, 249, 250, -1,
  120, 119, 250, 251, -1,
  121, 120, 251, 252, -1,
  122, 121, 252, 253, -1,
  123, 122, 253, 254, -1,
  124, 123, 254, 255, -1,
  125, 124, 255, 256, -1,
  126, 125, 256, 257, -1,
  127, 126, 257, 258, -1,
  128, 127, 258, 259, -1,
  129, 128, 259, 260, -1,
  130, 129, 260, 261, -1,
  0, 130, 261, 131, -1
 ]
convex TRUE
creaseAngle 0.3490
}
}
Shape {
appearance Appearance {
material DEF OUTMAT7 Material {
      diffuseColor 0.800 0.800 0.800
      ambientIntensity 0.299
      specularColor 0.000 0.000 0.000
      shininess 0.000
      transparency 0.000
}
}
geometry IndexedFaceSet {
coord Coordinate { point [
  58.357 0.239 -26.711,
  58.372 -1.392 -26.709,
  58.388 -1.501 -26.694,
  58.430 -1.595 -26.653,
  58.493 -1.660 -26.590,
  58.569 -1.689 -26.514,
  58.647 -1.677 -26.436,
  58.839 -1.618 -26.244,
  59.035 -1.603 -26.048,
  59.230 -1.632 -25.853,
  59.520 -1.742 -25.564,
  59.624 -1.755 -25.460,
  60.121 -1.753 -24.963,
  60.122 -2.028 -24.964,
  60.136 -2.123 -24.951,
  60.175 -2.204 -24.913,
  60.233 -2.258 -24.855,
  60.301 -2.277 -24.788,
  60.725 -2.276 -24.363,
  60.792 -2.257 -24.296,
  60.849 -2.202 -24.238,
  60.887 -2.121 -24.200,
  60.900 -2.025 -24.186,
  60.899 -1.750 -24.185,
  61.360 -1.749 -23.724,
  61.808 -1.747 -23.276,
  61.874 -1.730 -23.210,
  61.930 -1.679 -23.154,
  62.152 -1.347 -22.928,
  62.343 -0.977 -22.734,
  62.500 -0.577 -22.574,
  62.620 -0.151 -22.451,
  62.702 0.293 -22.366,
  62.743 0.748 -22.320,
  62.733 0.849 -22.330,
  62.695 0.936 -22.367,
  62.636 0.995 -22.425,
  62.565 1.016 -22.496,
  61.874 1.013 -23.187,
  61.807 0.994 -23.255,
  61.750 0.940 -23.312,
  61.712 0.860 -23.351,
  61.699 0.765 -23.365,
  61.699 -0.367 -23.374,
  61.359 -0.369 -23.713,
  61.346 0.764 -23.717,
  61.332 0.859 -23.731,
  61.293 0.939 -23.769,
  61.235 0.992 -23.826,
  61.168 1.011 -23.893,
  60.883 1.010 -24.179,
  60.881 1.285 -24.178,
  60.867 1.381 -24.191,
  60.828 1.462 -24.230,
  60.771 1.516 -24.287,
  60.703 1.534 -24.354,
  60.279 1.533 -24.779,
  60.211 1.514 -24.846,
  60.154 1.459 -24.904,
  60.116 1.378 -24.942,
  60.103 1.282 -24.956,
  60.105 1.007 -24.957,
  59.809 1.006 -25.253,
  59.533 1.376 -25.525,
  59.276 1.772 -25.780,
  59.038 2.191 -26.014,
  58.821 2.633 -26.228,
  58.625 3.094 -26.419,
  58.453 3.572 -26.588,
  58.303 4.066 -26.734,
  58.178 4.573 -26.855,
  58.121 4.741 -26.910,
  58.035 4.881 -26.995,
  57.925 4.983 -27.104,
  57.800 5.041 -27.229,
  57.747 5.062 -27.282,
  57.697 5.098 -27.332,
  57.533 5.208 -27.494,
  57.356 5.257 -27.672,
  57.175 5.242 -27.852,
  57.003 5.164 -28.024,
  56.966 5.117 -28.062,
  56.953 5.049 -28.076,
  56.968 4.981 -28.062,
  57.006 4.936 -28.024,
  57.065 4.891 -27.965,
  57.105 4.829 -27.926,
  57.115 4.747 -27.916,
  57.093 4.670 -27.939,
  57.046 4.622 -27.987,
  57.014 4.604 -28.018,
  56.973 4.553 -28.060,
  56.956 4.480 -28.078,
  56.967 4.405 -28.067,
  57.003 4.347 -28.032,
  57.065 4.318 -27.970,
  57.105 4.273 -27.930,
  57.119 4.203 -27.916,
  57.103 4.134 -27.934,
  57.061 4.092 -27.976,
  57.006 4.065 -28.030,
  56.972 4.011 -28.065,
  56.959 3.941 -28.079,
  56.970 3.870 -28.068,
  57.003 3.814 -28.036,
  57.126 3.726 -27.914,
  57.186 3.646 -27.854,
  57.227 3.545 -27.814,
  57.247 3.431 -27.795,
  57.273 2.876 -27.773,
  57.283 2.319 -27.768,
  57.276 1.763 -27.779,
  57.253 1.207 -27.807,
  57.213 0.654 -27.852,
  57.157 0.104 -27.913,
  57.084 -0.443 -27.990,
  56.994 -0.984 -28.084,
  56.988 -1.061 -28.091,
  56.989 -1.289 -28.091,
  57.013 -1.438 -28.068,
  57.067 -1.570 -28.015,
  57.147 -1.674 -27.937,
  57.244 -1.740 -27.840,
  57.351 -1.762 -27.734,
  57.722 -1.761 -27.362,
  57.815 -1.740 -27.270,
  57.898 -1.679 -27.186,
  57.963 -1.585 -27.119,
  58.005 -1.467 -27.076,
  58.019 -1.336 -27.062,
  58.017 0.238 -27.051
 ] }
 coordIndex [ 122, 121, 120, -1, 120, 119, 118, -1, 122, 120, 118, -1, 123, 122, 118, -1,
     118, 117, 116, -1, 118, 116, 115, -1, 123, 118, 115, -1, 124, 123, 115, -1, 128, 127, 126, -1,
     126, 125, 124, -1, 129, 128, 126, -1, 129, 126, 124, -1, 129, 124, 115, -1, 130, 129, 115, -1,
     35, 34, 33, -1, 36, 35, 33, -1, 37, 36, 33, -1, 37, 33, 32, -1, 38, 37, 32, -1,
     40, 39, 38, -1, 41, 40, 38, -1, 42, 41, 38, -1, 42, 38, 32, -1, 42, 32, 31, -1,
     43, 42, 31, -1, 43, 31, 30, -1, 43, 30, 29, -1, 43, 29, 28, -1, 44, 43, 28, -1,
     27, 26, 25, -1, 28, 27, 25, -1, 44, 28, 25, -1, 44, 25, 24, -1, 21, 20, 19, -1,
     21, 19, 18, -1, 22, 21, 18, -1, 22, 18, 17, -1, 16, 15, 14, -1, 17, 16, 14, -1,
     14, 13, 12, -1, 17, 14, 12, -1, 23, 22, 17, -1, 23, 17, 12, -1, 44, 24, 23, -1,
     44, 23, 12, -1, 44, 12, 11, -1, 48, 47, 46, -1, 49, 48, 46, -1, 49, 46, 45, -1,
     50, 49, 45, -1, 50, 45, 44, -1, 44, 11, 10, -1, 50, 44, 10, -1, 59, 58, 57, -1,
     59, 57, 56, -1, 60, 59, 56, -1, 60, 56, 55, -1, 54, 53, 52, -1, 55, 54, 52, -1,
     52, 51, 50, -1, 55, 52, 50, -1, 61, 60, 55, -1, 61, 55, 50, -1, 61, 50, 10, -1,
     62, 61, 10, -1, 62, 10, 9, -1, 62, 9, 8, -1, 63, 62, 8, -1, 5, 4, 3, -1,
     6, 5, 3, -1, 6, 3, 2, -1, 6, 2, 1, -1, 7, 6, 1, -1, 8, 7, 1, -1,
     8, 1, 0, -1, 63, 8, 0, -1, 63, 0, 130, -1, 63, 130, 115, -1, 64, 63, 115, -1,
     64, 115, 114, -1, 64, 114, 113, -1, 65, 64, 113, -1, 66, 65, 113, -1, 66, 113, 112, -1,
     66, 112, 111, -1, 67, 66, 111, -1, 67, 111, 110, -1, 67, 110, 109, -1, 68, 67, 109, -1,
     68, 109, 108, -1, 69, 68, 108, -1, 70, 69, 108, -1, 74, 73, 72, -1, 72, 71, 70, -1,
     74, 72, 70, -1, 74, 70, 108, -1, 91, 90, 89, -1, 92, 91, 89, -1, 94, 93, 92, -1,
     95, 94, 92, -1, 96, 95, 92, -1, 92, 89, 88, -1, 96, 92, 88, -1, 97, 96, 88, -1,
     102, 101, 100, -1, 102, 100, 99, -1, 103, 102, 99, -1, 103, 99, 98, -1, 104, 103, 98, -1,
     105, 104, 98, -1, 105, 98, 97, -1, 106, 105, 97, -1, 107, 106, 97, -1, 74, 108, 107, -1,
     74, 107, 97, -1, 74, 97, 88, -1, 75, 74, 88, -1, 77, 76, 75, -1, 77, 75, 88, -1,
     77, 88, 87, -1, 78, 77, 87, -1, 79, 78, 87, -1, 79, 87, 86, -1, 79, 86, 85, -1,
     79, 85, 84, -1, 79, 84, 83, -1, 80, 79, 83, -1, 80, 83, 82, -1, 81, 80, 82, -1
 ]
convex TRUE
creaseAngle 0.3490
}
}
]
}
]
}


DEF Design4t1 Transform {
children [
Transform {
children [
Shape {
appearance Appearance {
material DEF INMAT8 Material {
      diffuseColor 0.800 0.925 0.953
      ambientIntensity 0.295
      specularColor 0.000 0.000 0.000
      shininess 0.000
      transparency 0.000
}
}
geometry IndexedFaceSet {
coord Coordinate { point [
  59.678 -9.753 -24.004,
  59.682 -9.753 -23.995,
  60.372 -9.753 -24.004,
  59.781 -9.753 -24.596,
  60.121 -9.753 -24.935,
  60.884 -9.753 -24.171,
  61.836 -9.753 -24.171,
  62.600 -9.753 -24.935,
  62.939 -9.753 -24.596,
  62.175 -9.753 -23.832,
  61.836 -9.753 -24.171,
  60.884 -9.753 -24.171,
  60.545 -9.753 -23.832,
  60.372 -9.753 -24.004,
  59.682 -9.753 -23.995,
  59.795 -9.753 -23.737,
  59.962 -9.753 -23.486,
  60.172 -9.753 -23.269,
  60.417 -9.753 -23.093,
  60.690 -9.753 -22.962,
  60.981 -9.753 -22.883,
  61.281 -9.753 -22.856,
  61.439 -9.753 -22.856,
  61.740 -9.753 -22.883,
  62.031 -9.753 -22.962,
  62.303 -9.753 -23.093,
  62.548 -9.753 -23.269,
  62.758 -9.753 -23.486,
  62.926 -9.753 -23.737,
  63.047 -9.753 -24.014,
  63.241 -9.753 -24.595,
  63.290 -9.753 -24.894,
  63.282 -9.753 -25.196,
  63.217 -9.753 -25.492,
  63.096 -9.753 -25.770,
  62.925 -9.753 -26.019,
  62.710 -9.753 -26.232,
  62.458 -9.753 -26.400,
  62.179 -9.753 -26.516,
  61.883 -9.753 -26.578,
  61.779 -9.753 -26.568,
  61.689 -9.753 -26.516,
  61.628 -9.753 -26.433,
  61.605 -9.753 -26.331,
  61.600 -9.753 -25.291,
  61.120 -9.753 -25.291,
  61.115 -9.753 -26.331,
  61.093 -9.753 -26.433,
  61.031 -9.753 -26.516,
  60.941 -9.753 -26.568,
  60.837 -9.753 -26.578,
  60.541 -9.753 -26.516,
  60.262 -9.753 -26.400,
  60.010 -9.753 -26.232,
  59.795 -9.753 -26.019,
  59.624 -9.753 -25.769,
  59.504 -9.753 -25.492,
  59.438 -9.753 -25.196,
  59.430 -9.753 -24.894,
  59.479 -9.753 -24.595,
  59.678 -10.253 -24.004,
  59.682 -10.253 -23.995,
  60.372 -10.253 -24.004,
  59.781 -10.253 -24.596,
  60.121 -10.253 -24.935,
  60.884 -10.253 -24.171,
  61.836 -10.253 -24.171,
  62.600 -10.253 -24.935,
  62.939 -10.253 -24.596,
  62.175 -10.253 -23.832,
  61.836 -10.253 -24.171,
  60.884 -10.253 -24.171,
  60.545 -10.253 -23.832,
  60.372 -10.253 -24.004,
  59.682 -10.253 -23.995,
  59.795 -10.253 -23.737,
  59.962 -10.253 -23.486,
  60.172 -10.253 -23.269,
  60.417 -10.253 -23.093,
  60.690 -10.253 -22.962,
  60.981 -10.253 -22.883,
  61.281 -10.253 -22.856,
  61.439 -10.253 -22.856,
  61.740 -10.253 -22.883,
  62.031 -10.253 -22.962,
  62.303 -10.253 -23.093,
  62.548 -10.253 -23.269,
  62.758 -10.253 -23.486,
  62.926 -10.253 -23.737,
  63.047 -10.253 -24.014,
  63.241 -10.253 -24.595,
  63.290 -10.253 -24.894,
  63.282 -10.253 -25.196,
  63.217 -10.253 -25.492,
  63.096 -10.253 -25.770,
  62.925 -10.253 -26.019,
  62.710 -10.253 -26.232,
  62.458 -10.253 -26.400,
  62.179 -10.253 -26.516,
  61.883 -10.253 -26.578,
  61.779 -10.253 -26.568,
  61.689 -10.253 -26.516,
  61.628 -10.253 -26.433,
  61.605 -10.253 -26.331,
  61.600 -10.253 -25.291,
  61.120 -10.253 -25.291,
  61.115 -10.253 -26.331,
  61.093 -10.253 -26.433,
  61.031 -10.253 -26.516,
  60.941 -10.253 -26.568,
  60.837 -10.253 -26.578,
  60.541 -10.253 -26.516,
  60.262 -10.253 -26.400,
  60.010 -10.253 -26.232,
  59.795 -10.253 -26.019,
  59.624 -10.253 -25.769,
  59.504 -10.253 -25.492,
  59.438 -10.253 -25.196,
  59.430 -10.253 -24.894,
  59.479 -10.253 -24.595
 ] }
coordIndex [ 2, 0, 15, -1, 2, 15, 16, -1, 12, 2, 16, -1, 12, 16, 17, -1,
     12, 17, 18, -1, 12, 18, 19, -1, 19, 20, 21, -1, 12, 19, 21, -1, 5, 12, 21, -1,
     6, 5, 21, -1, 9, 6, 21, -1, 22, 23, 24, -1, 21, 22, 24, -1, 9, 21, 24, -1,
     9, 24, 25, -1, 9, 25, 26, -1, 9, 26, 27, -1, 9, 27, 28, -1, 9, 28, 29, -1,
     8, 9, 29, -1, 8, 29, 30, -1, 39, 40, 41, -1, 39, 41, 42, -1, 39, 42, 43, -1,
     38, 39, 43, -1, 37, 38, 43, -1, 37, 43, 44, -1, 35, 36, 37, -1, 35, 37, 44, -1,
     8, 30, 31, -1, 8, 31, 32, -1, 7, 8, 32, -1, 7, 32, 33, -1, 7, 33, 34, -1,
     7, 34, 35, -1, 7, 35, 44, -1, 6, 7, 44, -1, 5, 6, 44, -1, 5, 44, 45, -1,
     4, 5, 45, -1, 0, 2, 3, -1, 59, 0, 3, -1, 58, 59, 3, -1, 58, 3, 4, -1,
     57, 58, 4, -1, 56, 57, 4, -1, 55, 56, 4, -1, 54, 55, 4, -1, 54, 4, 45, -1,
     52, 53, 54, -1, 52, 54, 45, -1, 52, 45, 46, -1, 51, 52, 46, -1, 50, 51, 46, -1,
     50, 46, 47, -1, 50, 47, 48, -1, 50, 48, 49, -1
  1, 0, 60, 61, -1,
  2, 1, 61, 62, -1,
  3, 2, 62, 63, -1,
  4, 3, 63, 64, -1,
  5, 4, 64, 65, -1,
  6, 5, 65, 66, -1,
  7, 6, 66, 67, -1,
  8, 7, 67, 68, -1,
  9, 8, 68, 69, -1,
  10, 9, 69, 70, -1,
  11, 10, 70, 71, -1,
  12, 11, 71, 72, -1,
  13, 12, 72, 73, -1,
  14, 13, 73, 74, -1,
  15, 14, 74, 75, -1,
  16, 15, 75, 76, -1,
  17, 16, 76, 77, -1,
  18, 17, 77, 78, -1,
  19, 18, 78, 79, -1,
  20, 19, 79, 80, -1,
  21, 20, 80, 81, -1,
  22, 21, 81, 82, -1,
  23, 22, 82, 83, -1,
  24, 23, 83, 84, -1,
  25, 24, 84, 85, -1,
  26, 25, 85, 86, -1,
  27, 26, 86, 87, -1,
  28, 27, 87, 88, -1,
  29, 28, 88, 89, -1,
  30, 29, 89, 90, -1,
  31, 30, 90, 91, -1,
  32, 31, 91, 92, -1,
  33, 32, 92, 93, -1,
  34, 33, 93, 94, -1,
  35, 34, 94, 95, -1,
  36, 35, 95, 96, -1,
  37, 36, 96, 97, -1,
  38, 37, 97, 98, -1,
  39, 38, 98, 99, -1,
  40, 39, 99, 100, -1,
  41, 40, 100, 101, -1,
  42, 41, 101, 102, -1,
  43, 42, 102, 103, -1,
  44, 43, 103, 104, -1,
  45, 44, 104, 105, -1,
  46, 45, 105, 106, -1,
  47, 46, 106, 107, -1,
  48, 47, 107, 108, -1,
  49, 48, 108, 109, -1,
  50, 49, 109, 110, -1,
  51, 50, 110, 111, -1,
  52, 51, 111, 112, -1,
  53, 52, 112, 113, -1,
  54, 53, 113, 114, -1,
  55, 54, 114, 115, -1,
  56, 55, 115, 116, -1,
  57, 56, 116, 117, -1,
  58, 57, 117, 118, -1,
  59, 58, 118, 119, -1,
  0, 59, 119, 60, -1
 ]
convex TRUE
creaseAngle 0.3490
}
}
Shape {
appearance Appearance {
material DEF OUTMAT8 Material {
      diffuseColor 0.800 0.800 0.800
      ambientIntensity 0.299
      specularColor 0.000 0.000 0.000
      shininess 0.000
      transparency 0.000
}
}
geometry IndexedFaceSet {
coord Coordinate { point [
  59.678 -10.253 -24.004,
  59.682 -10.253 -23.995,
  60.372 -10.253 -24.004,
  59.781 -10.253 -24.596,
  60.121 -10.253 -24.935,
  60.884 -10.253 -24.171,
  61.836 -10.253 -24.171,
  62.600 -10.253 -24.935,
  62.939 -10.253 -24.596,
  62.175 -10.253 -23.832,
  61.836 -10.253 -24.171,
  60.884 -10.253 -24.171,
  60.545 -10.253 -23.832,
  60.372 -10.253 -24.004,
  59.682 -10.253 -23.995,
  59.795 -10.253 -23.737,
  59.962 -10.253 -23.486,
  60.172 -10.253 -23.269,
  60.417 -10.253 -23.093,
  60.690 -10.253 -22.962,
  60.981 -10.253 -22.883,
  61.281 -10.253 -22.856,
  61.439 -10.253 -22.856,
  61.740 -10.253 -22.883,
  62.031 -10.253 -22.962,
  62.303 -10.253 -23.093,
  62.548 -10.253 -23.269,
  62.758 -10.253 -23.486,
  62.926 -10.253 -23.737,
  63.047 -10.253 -24.014,
  63.241 -10.253 -24.595,
  63.290 -10.253 -24.894,
  63.282 -10.253 -25.196,
  63.217 -10.253 -25.492,
  63.096 -10.253 -25.770,
  62.925 -10.253 -26.019,
  62.710 -10.253 -26.232,
  62.458 -10.253 -26.400,
  62.179 -10.253 -26.516,
  61.883 -10.253 -26.578,
  61.779 -10.253 -26.568,
  61.689 -10.253 -26.516,
  61.628 -10.253 -26.433,
  61.605 -10.253 -26.331,
  61.600 -10.253 -25.291,
  61.120 -10.253 -25.291,
  61.115 -10.253 -26.331,
  61.093 -10.253 -26.433,
  61.031 -10.253 -26.516,
  60.941 -10.253 -26.568,
  60.837 -10.253 -26.578,
  60.541 -10.253 -26.516,
  60.262 -10.253 -26.400,
  60.010 -10.253 -26.232,
  59.795 -10.253 -26.019,
  59.624 -10.253 -25.769,
  59.504 -10.253 -25.492,
  59.438 -10.253 -25.196,
  59.430 -10.253 -24.894,
  59.479 -10.253 -24.595
 ] }
 coordIndex [ 15, 0, 2, -1, 16, 15, 2, -1, 16, 2, 12, -1, 17, 16, 12, -1,
     18, 17, 12, -1, 19, 18, 12, -1, 21, 20, 19, -1, 21, 19, 12, -1, 21, 12, 5, -1,
     21, 5, 6, -1, 21, 6, 9, -1, 24, 23, 22, -1, 24, 22, 21, -1, 24, 21, 9, -1,
     25, 24, 9, -1, 26, 25, 9, -1, 27, 26, 9, -1, 28, 27, 9, -1, 29, 28, 9, -1,
     29, 9, 8, -1, 30, 29, 8, -1, 41, 40, 39, -1, 42, 41, 39, -1, 43, 42, 39, -1,
     43, 39, 38, -1, 43, 38, 37, -1, 44, 43, 37, -1, 37, 36, 35, -1, 44, 37, 35, -1,
     31, 30, 8, -1, 32, 31, 8, -1, 32, 8, 7, -1, 33, 32, 7, -1, 34, 33, 7, -1,
     35, 34, 7, -1, 44, 35, 7, -1, 44, 7, 6, -1, 44, 6, 5, -1, 45, 44, 5, -1,
     45, 5, 4, -1, 3, 2, 0, -1, 3, 0, 59, -1, 3, 59, 58, -1, 4, 3, 58, -1,
     4, 58, 57, -1, 4, 57, 56, -1, 4, 56, 55, -1, 4, 55, 54, -1, 45, 4, 54, -1,
     54, 53, 52, -1, 45, 54, 52, -1, 46, 45, 52, -1, 46, 52, 51, -1, 46, 51, 50, -1,
     47, 46, 50, -1, 48, 47, 50, -1, 49, 48, 50, -1
 ]
convex TRUE
creaseAngle 0.3490
}
}
]
}
]
}


DEF Design7t1 Transform {
children [
Transform {
children [
Shape {
appearance Appearance {
material DEF INMAT9 Material {
      diffuseColor 0.800 0.925 0.953
      ambientIntensity 0.295
      specularColor 0.000 0.000 0.000
      shininess 0.000
      transparency 0.000
}
}
geometry IndexedFaceSet {
coord Coordinate { point [
  51.675 -15.246 -20.019,
  50.701 -18.197 -19.055,
  50.695 -18.306 -19.049,
  50.726 -18.407 -19.081,
  50.789 -18.472 -19.143,
  50.866 -18.487 -19.220,
  50.938 -18.447 -19.292,
  51.176 -18.182 -19.530,
  51.407 -17.905 -19.760,
  51.631 -17.615 -19.982,
  51.785 -17.429 -20.136,
  53.244 -15.861 -21.590,
  53.603 -15.461 -21.947,
  53.950 -15.041 -22.293,
  54.286 -14.604 -22.628,
  54.778 -13.962 -23.117,
  55.090 -13.592 -23.428,
  55.416 -13.247 -23.754,
  55.756 -12.928 -24.092,
  56.107 -12.637 -24.443,
  56.470 -12.375 -24.805,
  56.843 -12.143 -25.177,
  57.217 -11.960 -25.550,
  57.602 -11.836 -25.935,
  57.995 -11.773 -26.328,
  58.430 -11.773 -26.763,
  58.644 -11.739 -26.977,
  58.847 -11.639 -27.179,
  59.029 -11.478 -27.361,
  59.181 -11.263 -27.512,
  59.296 -11.006 -27.626,
  59.368 -10.720 -27.697,
  59.392 -10.418 -27.721,
  59.394 -9.591 -27.720,
  59.372 -9.260 -27.697,
  59.305 -8.942 -27.628,
  59.194 -8.649 -27.517,
  59.046 -8.392 -27.368,
  58.678 -7.869 -26.998,
  58.601 -7.796 -26.921,
  58.511 -7.770 -26.831,
  58.440 -7.796 -26.760,
  58.387 -7.869 -26.707,
  58.368 -7.969 -26.688,
  58.357 -9.767 -26.683,
  58.017 -9.767 -26.343,
  58.017 -6.776 -26.334,
  58.001 -6.663 -26.318,
  57.956 -6.566 -26.273,
  57.889 -6.501 -26.205,
  57.809 -6.477 -26.125,
  57.729 -6.497 -26.045,
  56.977 -6.937 -25.294,
  56.240 -7.424 -24.559,
  55.520 -7.959 -23.840,
  54.817 -8.539 -23.140,
  54.646 -8.708 -22.969,
  54.490 -8.904 -22.814,
  54.021 -9.596 -22.347,
  53.575 -10.319 -21.904,
  53.155 -11.071 -21.485,
  52.759 -11.851 -21.093,
  52.616 -12.206 -20.951,
  52.515 -12.589 -20.851,
  52.404 -13.092 -20.741,
  52.273 -13.585 -20.612,
  52.124 -14.068 -20.464,
  51.956 -14.538 -20.298,
  51.770 -14.995 -20.114,
  51.322 -15.244 -20.373,
  50.348 -18.196 -19.409,
  50.341 -18.305 -19.402,
  50.373 -18.405 -19.434,
  50.435 -18.471 -19.496,
  50.512 -18.486 -19.574,
  50.584 -18.446 -19.646,
  50.823 -18.181 -19.883,
  51.054 -17.904 -20.114,
  51.277 -17.614 -20.336,
  51.431 -17.428 -20.489,
  52.891 -15.860 -21.944,
  53.249 -15.460 -22.301,
  53.597 -15.040 -22.647,
  53.932 -14.602 -22.981,
  54.424 -13.961 -23.471,
  54.736 -13.591 -23.782,
  55.062 -13.246 -24.107,
  55.402 -12.927 -24.446,
  55.754 -12.636 -24.797,
  56.117 -12.374 -25.159,
  56.489 -12.141 -25.531,
  56.863 -11.959 -25.904,
  57.249 -11.835 -26.289,
  57.641 -11.772 -26.681,
  58.077 -11.772 -27.117,
  58.290 -11.738 -27.330,
  58.493 -11.638 -27.533,
  58.675 -11.477 -27.714,
  58.828 -11.262 -27.866,
  58.943 -11.005 -27.980,
  59.014 -10.719 -28.051,
  59.039 -10.417 -28.074,
  59.041 -9.590 -28.074,
  59.018 -9.259 -28.050,
  58.951 -8.941 -27.982,
  58.841 -8.648 -27.871,
  58.692 -8.391 -27.721,
  58.324 -7.868 -27.352,
  58.248 -7.795 -27.275,
  58.157 -7.769 -27.184,
  58.086 -7.795 -27.113,
  58.034 -7.868 -27.061,
  58.014 -7.968 -27.042,
  58.003 -9.766 -27.036,
  57.664 -9.765 -26.697,
  57.664 -6.775 -26.687,
  57.648 -6.661 -26.671,
  57.603 -6.565 -26.626,
  57.536 -6.500 -26.558,
  57.456 -6.475 -26.479,
  57.375 -6.496 -26.398,
  56.624 -6.935 -25.648,
  55.887 -7.423 -24.913,
  55.166 -7.958 -24.194,
  54.464 -8.538 -23.493,
  54.293 -8.707 -23.323,
  54.137 -8.902 -23.167,
  53.667 -9.595 -22.700,
  53.222 -10.318 -22.257,
  52.801 -11.070 -21.839,
  52.406 -11.850 -21.446,
  52.263 -12.205 -21.304,
  52.162 -12.588 -21.204,
  52.050 -13.091 -21.094,
  51.919 -13.584 -20.965,
  51.770 -14.067 -20.817,
  51.602 -14.537 -20.651,
  51.417 -14.994 -20.467
 ] }
coordIndex [ 2, 3, 4, -1, 4, 5, 6, -1, 1, 2, 4, -1, 1, 4, 6, -1,
     6, 7, 8, -1, 1, 6, 8, -1, 0, 1, 8, -1, 0, 8, 9, -1, 0, 9, 10, -1,
     0, 10, 11, -1, 68, 0, 11, -1, 67, 68, 11, -1, 66, 67, 11, -1, 65, 66, 11, -1,
     65, 11, 12, -1, 65, 12, 13, -1, 64, 65, 13, -1, 63, 64, 13, -1, 63, 13, 14, -1,
     61, 62, 63, -1, 61, 63, 14, -1, 61, 14, 15, -1, 60, 61, 15, -1, 60, 15, 16, -1,
     59, 60, 16, -1, 59, 16, 17, -1, 59, 17, 18, -1, 59, 18, 19, -1, 58, 59, 19, -1,
     58, 19, 20, -1, 57, 58, 20, -1, 55, 56, 57, -1, 55, 57, 20, -1, 54, 55, 20, -1,
     40, 41, 42, -1, 38, 39, 40, -1, 40, 42, 43, -1, 38, 40, 43, -1, 37, 38, 43, -1,
     37, 43, 44, -1, 35, 36, 37, -1, 35, 37, 44, -1, 34, 35, 44, -1, 49, 50, 51, -1,
     47, 48, 49, -1, 47, 49, 51, -1, 46, 47, 51, -1, 46, 51, 52, -1, 45, 46, 52, -1,
     45, 52, 53, -1, 45, 53, 54, -1, 45, 54, 20, -1, 44, 45, 20, -1, 34, 44, 20, -1,
     34, 20, 21, -1, 34, 21, 22, -1, 34, 22, 23, -1, 34, 23, 24, -1, 33, 34, 24, -1,
     33, 24, 25, -1, 25, 26, 27, -1, 27, 28, 29, -1, 25, 27, 29, -1, 30, 31, 32, -1,
     29, 30, 32, -1, 33, 25, 29, -1, 33, 29, 32, -1
  1, 0, 69, 70, -1,
  2, 1, 70, 71, -1,
  3, 2, 71, 72, -1,
  4, 3, 72, 73, -1,
  5, 4, 73, 74, -1,
  6, 5, 74, 75, -1,
  7, 6, 75, 76, -1,
  8, 7, 76, 77, -1,
  9, 8, 77, 78, -1,
  10, 9, 78, 79, -1,
  11, 10, 79, 80, -1,
  12, 11, 80, 81, -1,
  13, 12, 81, 82, -1,
  14, 13, 82, 83, -1,
  15, 14, 83, 84, -1,
  16, 15, 84, 85, -1,
  17, 16, 85, 86, -1,
  18, 17, 86, 87, -1,
  19, 18, 87, 88, -1,
  20, 19, 88, 89, -1,
  21, 20, 89, 90, -1,
  22, 21, 90, 91, -1,
  23, 22, 91, 92, -1,
  24, 23, 92, 93, -1,
  25, 24, 93, 94, -1,
  26, 25, 94, 95, -1,
  27, 26, 95, 96, -1,
  28, 27, 96, 97, -1,
  29, 28, 97, 98, -1,
  30, 29, 98, 99, -1,
  31, 30, 99, 100, -1,
  32, 31, 100, 101, -1,
  33, 32, 101, 102, -1,
  34, 33, 102, 103, -1,
  35, 34, 103, 104, -1,
  36, 35, 104, 105, -1,
  37, 36, 105, 106, -1,
  38, 37, 106, 107, -1,
  39, 38, 107, 108, -1,
  40, 39, 108, 109, -1,
  41, 40, 109, 110, -1,
  42, 41, 110, 111, -1,
  43, 42, 111, 112, -1,
  44, 43, 112, 113, -1,
  45, 44, 113, 114, -1,
  46, 45, 114, 115, -1,
  47, 46, 115, 116, -1,
  48, 47, 116, 117, -1,
  49, 48, 117, 118, -1,
  50, 49, 118, 119, -1,
  51, 50, 119, 120, -1,
  52, 51, 120, 121, -1,
  53, 52, 121, 122, -1,
  54, 53, 122, 123, -1,
  55, 54, 123, 124, -1,
  56, 55, 124, 125, -1,
  57, 56, 125, 126, -1,
  58, 57, 126, 127, -1,
  59, 58, 127, 128, -1,
  60, 59, 128, 129, -1,
  61, 60, 129, 130, -1,
  62, 61, 130, 131, -1,
  63, 62, 131, 132, -1,
  64, 63, 132, 133, -1,
  65, 64, 133, 134, -1,
  66, 65, 134, 135, -1,
  67, 66, 135, 136, -1,
  68, 67, 136, 137, -1,
  0, 68, 137, 69, -1
 ]
convex TRUE
creaseAngle 0.3490
}
}
Shape {
appearance Appearance {
material DEF OUTMAT9 Material {
      diffuseColor 0.800 0.800 0.800
      ambientIntensity 0.299
      specularColor 0.000 0.000 0.000
      shininess 0.000
      transparency 0.000
}
}
geometry IndexedFaceSet {
coord Coordinate { point [
  51.322 -15.244 -20.373,
  50.348 -18.196 -19.409,
  50.341 -18.305 -19.402,
  50.373 -18.405 -19.434,
  50.435 -18.471 -19.496,
  50.512 -18.486 -19.574,
  50.584 -18.446 -19.646,
  50.823 -18.181 -19.883,
  51.054 -17.904 -20.114,
  51.277 -17.614 -20.336,
  51.431 -17.428 -20.489,
  52.891 -15.860 -21.944,
  53.249 -15.460 -22.301,
  53.597 -15.040 -22.647,
  53.932 -14.602 -22.981,
  54.424 -13.961 -23.471,
  54.736 -13.591 -23.782,
  55.062 -13.246 -24.107,
  55.402 -12.927 -24.446,
  55.754 -12.636 -24.797,
  56.117 -12.374 -25.159,
  56.489 -12.141 -25.531,
  56.863 -11.959 -25.904,
  57.249 -11.835 -26.289,
  57.641 -11.772 -26.681,
  58.077 -11.772 -27.117,
  58.290 -11.738 -27.330,
  58.493 -11.638 -27.533,
  58.675 -11.477 -27.714,
  58.828 -11.262 -27.866,
  58.943 -11.005 -27.980,
  59.014 -10.719 -28.051,
  59.039 -10.417 -28.074,
  59.041 -9.590 -28.074,
  59.018 -9.259 -28.050,
  58.951 -8.941 -27.982,
  58.841 -8.648 -27.871,
  58.692 -8.391 -27.721,
  58.324 -7.868 -27.352,
  58.248 -7.795 -27.275,
  58.157 -7.769 -27.184,
  58.086 -7.795 -27.113,
  58.034 -7.868 -27.061,
  58.014 -7.968 -27.042,
  58.003 -9.766 -27.036,
  57.664 -9.765 -26.697,
  57.664 -6.775 -26.687,
  57.648 -6.661 -26.671,
  57.603 -6.565 -26.626,
  57.536 -6.500 -26.558,
  57.456 -6.475 -26.479,
  57.375 -6.496 -26.398,
  56.624 -6.935 -25.648,
  55.887 -7.423 -24.913,
  55.166 -7.958 -24.194,
  54.464 -8.538 -23.493,
  54.293 -8.707 -23.323,
  54.137 -8.902 -23.167,
  53.667 -9.595 -22.700,
  53.222 -10.318 -22.257,
  52.801 -11.070 -21.839,
  52.406 -11.850 -21.446,
  52.263 -12.205 -21.304,
  52.162 -12.588 -21.204,
  52.050 -13.091 -21.094,
  51.919 -13.584 -20.965,
  51.770 -14.067 -20.817,
  51.602 -14.537 -20.651,
  51.417 -14.994 -20.467
 ] }
 coordIndex [ 4, 3, 2, -1, 6, 5, 4, -1, 4, 2, 1, -1, 6, 4, 1, -1,
     8, 7, 6, -1, 8, 6, 1, -1, 8, 1, 0, -1, 9, 8, 0, -1, 10, 9, 0, -1,
     11, 10, 0, -1, 11, 0, 68, -1, 11, 68, 67, -1, 11, 67, 66, -1, 11, 66, 65, -1,
     12, 11, 65, -1, 13, 12, 65, -1, 13, 65, 64, -1, 13, 64, 63, -1, 14, 13, 63, -1,
     63, 62, 61, -1, 14, 63, 61, -1, 15, 14, 61, -1, 15, 61, 60, -1, 16, 15, 60, -1,
     16, 60, 59, -1, 17, 16, 59, -1, 18, 17, 59, -1, 19, 18, 59, -1, 19, 59, 58, -1,
     20, 19, 58, -1, 20, 58, 57, -1, 57, 56, 55, -1, 20, 57, 55, -1, 20, 55, 54, -1,
     42, 41, 40, -1, 40, 39, 38, -1, 43, 42, 40, -1, 43, 40, 38, -1, 43, 38, 37, -1,
     44, 43, 37, -1, 37, 36, 35, -1, 44, 37, 35, -1, 44, 35, 34, -1, 51, 50, 49, -1,
     49, 48, 47, -1, 51, 49, 47, -1, 51, 47, 46, -1, 52, 51, 46, -1, 52, 46, 45, -1,
     53, 52, 45, -1, 54, 53, 45, -1, 20, 54, 45, -1, 20, 45, 44, -1, 20, 44, 34, -1,
     21, 20, 34, -1, 22, 21, 34, -1, 23, 22, 34, -1, 24, 23, 34, -1, 24, 34, 33, -1,
     25, 24, 33, -1, 27, 26, 25, -1, 29, 28, 27, -1, 29, 27, 25, -1, 32, 31, 30, -1,
     32, 30, 29, -1, 29, 25, 33, -1, 32, 29, 33, -1
 ]
convex TRUE
creaseAngle 0.3490
}
}
]
}
]
}

]
}
DEF DesignMove1n1 PositionInterpolator {
key [ 0.0 0.00000 0.12500 0.25000 0.37500 0.50000 0.62500 0.75000 0.87500 1.00000 1.0 ]
keyValue [
  0.000 0.000 0.000
  0.000 0.000 0.000
  0.000 0.000 0.000
  0.000 0.000 0.000
  0.000 0.000 0.000
  0.000 0.000 0.000
  0.000 0.000 0.000
  0.000 0.000 0.000
  0.000 0.000 -10.000
  0.000 0.000 -10.000
  0.000 0.000 -10.000
]
}
DEF DesignMove2n1 PositionInterpolator {
key [ 0.0 0.00000 0.12500 0.25000 0.37500 0.50000 0.62500 0.75000 0.87500 1.00000 1.0 ]
keyValue [
  0.000 0.000 0.000
  0.000 0.000 0.000
  0.000 0.000 0.000
  0.000 0.000 0.000
  0.000 0.000 0.000
  0.000 0.000 0.000
  0.000 0.000 0.000
  0.000 0.000 10.000
  0.000 0.000 10.000
  0.000 0.000 10.000
  0.000 0.000 10.000
]
}
DEF DesignMove3n1 PositionInterpolator {
key [ 0.0 0.00000 0.12500 0.25000 0.37500 0.50000 0.62500 0.75000 0.87500 1.00000 1.0 ]
keyValue [
  0.000 0.000 0.000
  0.000 0.000 0.000
  0.000 0.000 0.000
  0.000 0.000 0.000
  0.000 0.000 0.000
  0.000 0.000 0.000
  0.000 0.000 8.000
  0.000 0.000 8.000
  0.000 0.000 8.000
  0.000 0.000 8.000
  0.000 0.000 8.000
]
}
DEF DesignMove4n1 PositionInterpolator {
key [ 0.0 0.00000 0.12500 0.25000 0.37500 0.50000 0.62500 0.75000 0.87500 1.00000 1.0 ]
keyValue [
  0.000 0.000 0.000
  0.000 0.000 0.000
  0.000 0.000 0.000
  0.000 0.000 0.000
  0.000 0.000 0.000
  0.000 8.000 0.000
  0.000 8.000 0.000
  0.000 8.000 0.000
  0.000 8.000 0.000
  0.000 8.000 0.000
  0.000 8.000 0.000
]
}
DEF DesignMove5n1 PositionInterpolator {
key [ 0.0 0.00000 0.12500 0.25000 0.37500 0.50000 0.62500 0.75000 0.87500 1.00000 1.0 ]
keyValue [
  0.000 0.000 0.000
  0.000 0.000 0.000
  0.000 0.000 0.000
  0.000 0.000 0.000
  0.000 -8.000 0.000
  0.000 -8.000 0.000
  0.000 -8.000 0.000
  0.000 -8.000 0.000
  0.000 -8.000 0.000
  0.000 -8.000 0.000
  0.000 -8.000 0.000
]
}
DEF DesignMove6n1 PositionInterpolator {
key [ 0.0 0.00000 0.12500 0.25000 0.37500 0.50000 0.62500 0.75000 0.87500 1.00000 1.0 ]
keyValue [
  0.000 0.000 0.000
  0.000 0.000 0.000
  0.000 0.000 0.000
  0.000 10.000 0.000
  0.000 10.000 0.000
  0.000 10.000 0.000
  0.000 10.000 0.000
  0.000 10.000 0.000
  0.000 10.000 0.000
  0.000 10.000 0.000
  0.000 10.000 0.000
]
}
DEF DesignMove7n1 PositionInterpolator {
key [ 0.0 0.00000 0.12500 0.25000 0.37500 0.50000 0.62500 0.75000 0.87500 1.00000 1.0 ]
keyValue [
  0.000 0.000 0.000
  0.000 0.000 0.000
  0.000 0.000 0.000
  0.000 10.000 0.000
  0.000 10.000 0.000
  0.000 10.000 0.000
  0.000 10.000 0.000
  0.000 10.000 0.000
  0.000 10.000 0.000
  0.000 10.000 0.000
  0.000 10.000 0.000
]
}
DEF DesignMove8n1 PositionInterpolator {
key [ 0.0 0.00000 0.12500 0.25000 0.37500 0.50000 0.62500 0.75000 0.87500 1.00000 1.0 ]
keyValue [
  0.000 0.000 0.000
  0.000 0.000 0.000
  0.000 -6.000 0.000
  0.000 -6.000 0.000
  0.000 -6.000 0.000
  0.000 -6.000 0.000
  0.000 -6.000 0.000
  0.000 -6.000 0.000
  0.000 -6.000 0.000
  0.000 -6.000 0.000
  0.000 -6.000 0.000
]
}
DEF FoldRotateTime TimeSensor {
  startTime 1
  stopTime 0
  loop TRUE
  cycleInterval 24.00000
}

ROUTE FoldRotateTime.fraction_changed TO DesignMove1n1.set_fraction
ROUTE DesignMove1n1.value_changed TO Design1t1.translation
ROUTE FoldRotateTime.fraction_changed TO DesignMove2n1.set_fraction
ROUTE DesignMove2n1.value_changed TO Design2t1.translation
ROUTE FoldRotateTime.fraction_changed TO DesignMove3n1.set_fraction
ROUTE DesignMove3n1.value_changed TO Design3t1.translation
ROUTE FoldRotateTime.fraction_changed TO DesignMove4n1.set_fraction
ROUTE DesignMove4n1.value_changed TO Design4t1.translation
ROUTE FoldRotateTime.fraction_changed TO DesignMove5n1.set_fraction
ROUTE DesignMove5n1.value_changed TO Design5t1.translation
ROUTE FoldRotateTime.fraction_changed TO DesignMove6n1.set_fraction
ROUTE DesignMove6n1.value_changed TO Design6t1.translation
ROUTE FoldRotateTime.fraction_changed TO DesignMove7n1.set_fraction
ROUTE DesignMove7n1.value_changed TO Design7t1.translation
ROUTE FoldRotateTime.fraction_changed TO DesignMove8n1.set_fraction
ROUTE DesignMove8n1.value_changed TO Design8t1.translation
