#VRML V2.0 utf8
Background {
skyColor 1.00 1.00 1.00
}
DEF VIEWPOINT Viewpoint {
position 150.8253 -35.6393 -10.2521
orientation -1.000 0.021 -0.018 -1.382
fieldOfView 0.6077
centerOfRotation 147.1040 -0.0110 -20.0835
description "Initial View"
}
NavigationInfo {
type "EXAMINE"
}

WorldInfo {
title "S＆D‗スチレン恐竜組立キット_ヴェロキラプトル_001_05"
info [ "3D output created by ArtiosCAD"
"units cm"
"http://www.esko.com"
]
}

Transform {
scale 1 1 1

children [

DEF Design1t1 Transform {
children [
Transform {
children [
Shape {
appearance Appearance {
material DEF INMAT1 Material {
      diffuseColor 0.800 0.800 0.800
      ambientIntensity 0.299
      specularColor 0.000 0.000 0.000
      shininess 0.000
      transparency 0.000
}
}
geometry IndexedFaceSet {
coord Coordinate { point [
  153.421 2.998 -28.481,
  149.421 2.998 -28.481,
  148.995 2.967 -28.481,
  148.576 2.876 -28.481,
  148.175 2.727 -28.481,
  148.004 2.633 -28.481,
  148.004 -1.175 -28.481,
  148.984 -1.175 -28.481,
  148.984 -1.655 -28.481,
  148.004 -1.655 -28.481,
  148.004 -1.175 -28.481,
  148.004 2.633 -28.481,
  147.800 2.521 -28.481,
  147.457 2.265 -28.481,
  147.154 1.962 -28.481,
  146.898 1.620 -28.481,
  146.693 1.244 -28.481,
  146.543 0.843 -28.481,
  146.452 0.425 -28.481,
  146.421 -0.002 -28.481,
  146.452 -0.429 -28.481,
  146.543 -0.847 -28.481,
  146.693 -1.249 -28.481,
  146.898 -1.624 -28.481,
  147.154 -1.967 -28.481,
  147.457 -2.270 -28.481,
  147.800 -2.526 -28.481,
  148.175 -2.731 -28.481,
  148.576 -2.881 -28.481,
  148.995 -2.972 -28.481,
  149.421 -3.002 -28.481,
  153.421 -3.002 -28.481,
  153.848 -2.972 -28.481,
  154.267 -2.881 -28.481,
  154.668 -2.731 -28.481,
  154.839 -2.638 -28.481,
  155.043 -2.526 -28.481,
  155.386 -2.270 -28.481,
  155.689 -1.967 -28.481,
  155.945 -1.624 -28.481,
  156.150 -1.249 -28.481,
  156.300 -0.847 -28.481,
  156.391 -0.429 -28.481,
  156.421 -0.002 -28.481,
  156.391 0.425 -28.481,
  156.300 0.843 -28.481,
  156.150 1.244 -28.481,
  155.945 1.620 -28.481,
  155.689 1.962 -28.481,
  155.386 2.265 -28.481,
  155.043 2.521 -28.481,
  154.839 2.633 -28.481,
  154.668 2.727 -28.481,
  154.668 1.650 -28.481,
  154.839 1.650 -28.481,
  154.839 1.170 -28.481,
  153.859 1.170 -28.481,
  153.859 1.650 -28.481,
  154.668 1.650 -28.481,
  154.668 2.727 -28.481,
  154.267 2.876 -28.481,
  153.848 2.967 -28.481,
  148.984 -2.969 -28.481,
  153.421 2.998 -28.981,
  149.421 2.998 -28.981,
  148.995 2.967 -28.981,
  148.576 2.876 -28.981,
  148.175 2.727 -28.981,
  148.004 2.633 -28.981,
  148.004 -1.175 -28.981,
  148.984 -1.175 -28.981,
  148.984 -1.655 -28.981,
  148.004 -1.655 -28.981,
  148.004 -1.175 -28.981,
  148.004 2.633 -28.981,
  147.800 2.521 -28.981,
  147.457 2.265 -28.981,
  147.154 1.962 -28.981,
  146.898 1.620 -28.981,
  146.693 1.244 -28.981,
  146.543 0.843 -28.981,
  146.452 0.425 -28.981,
  146.421 -0.002 -28.981,
  146.452 -0.429 -28.981,
  146.543 -0.847 -28.981,
  146.693 -1.249 -28.981,
  146.898 -1.624 -28.981,
  147.154 -1.967 -28.981,
  147.457 -2.270 -28.981,
  147.800 -2.526 -28.981,
  148.175 -2.731 -28.981,
  148.576 -2.881 -28.981,
  148.995 -2.972 -28.981,
  149.421 -3.002 -28.981,
  153.421 -3.002 -28.981,
  153.848 -2.972 -28.981,
  154.267 -2.881 -28.981,
  154.668 -2.731 -28.981,
  154.839 -2.638 -28.981,
  155.043 -2.526 -28.981,
  155.386 -2.270 -28.981,
  155.689 -1.967 -28.981,
  155.945 -1.624 -28.981,
  156.150 -1.249 -28.981,
  156.300 -0.847 -28.981,
  156.391 -0.429 -28.981,
  156.421 -0.002 -28.981,
  156.391 0.425 -28.981,
  156.300 0.843 -28.981,
  156.150 1.244 -28.981,
  155.945 1.620 -28.981,
  155.689 1.962 -28.981,
  155.386 2.265 -28.981,
  155.043 2.521 -28.981,
  154.839 2.633 -28.981,
  154.668 2.727 -28.981,
  154.668 1.650 -28.981,
  154.839 1.650 -28.981,
  154.839 1.170 -28.981,
  153.859 1.170 -28.981,
  153.859 1.650 -28.981,
  154.668 1.650 -28.981,
  154.668 2.727 -28.981,
  154.267 2.876 -28.981,
  153.848 2.967 -28.981,
  148.984 -2.969 -28.981
 ] }
coordIndex [ 14, 15, 16, -1, 13, 14, 16, -1, 12, 13, 16, -1, 5, 12, 16, -1,
     6, 5, 16, -1, 6, 16, 17, -1, 17, 18, 19, -1, 6, 17, 19, -1, 9, 6, 19, -1,
     20, 21, 22, -1, 19, 20, 22, -1, 9, 19, 22, -1, 9, 22, 23, -1, 9, 23, 24, -1,
     9, 24, 25, -1, 9, 25, 26, -1, 9, 26, 27, -1, 8, 9, 27, -1, 8, 27, 28, -1,
     8, 28, 29, -1, 5, 6, 7, -1, 1, 2, 3, -1, 3, 4, 5, -1, 1, 3, 5, -1,
     1, 5, 7, -1, 53, 54, 51, -1, 53, 51, 52, -1, 57, 53, 52, -1, 57, 52, 60, -1,
     57, 60, 61, -1, 57, 61, 0, -1, 57, 0, 1, -1, 57, 1, 7, -1, 8, 29, 30, -1,
     7, 8, 30, -1, 7, 30, 31, -1, 56, 57, 7, -1, 56, 7, 31, -1, 31, 32, 33, -1,
     33, 34, 35, -1, 31, 33, 35, -1, 56, 31, 35, -1, 55, 56, 35, -1, 49, 50, 51, -1,
     49, 51, 54, -1, 48, 49, 54, -1, 48, 54, 55, -1, 47, 48, 55, -1, 46, 47, 55, -1,
     44, 45, 46, -1, 43, 44, 46, -1, 43, 46, 55, -1, 38, 39, 40, -1, 37, 38, 40, -1,
     36, 37, 40, -1, 35, 36, 40, -1, 55, 35, 40, -1, 55, 40, 41, -1, 43, 55, 41, -1,
     43, 41, 42, -1
  1, 0, 63, 64, -1,
  2, 1, 64, 65, -1,
  3, 2, 65, 66, -1,
  4, 3, 66, 67, -1,
  5, 4, 67, 68, -1,
  6, 5, 68, 69, -1,
  7, 6, 69, 70, -1,
  8, 7, 70, 71, -1,
  9, 8, 71, 72, -1,
  10, 9, 72, 73, -1,
  11, 10, 73, 74, -1,
  12, 11, 74, 75, -1,
  13, 12, 75, 76, -1,
  14, 13, 76, 77, -1,
  15, 14, 77, 78, -1,
  16, 15, 78, 79, -1,
  17, 16, 79, 80, -1,
  18, 17, 80, 81, -1,
  19, 18, 81, 82, -1,
  20, 19, 82, 83, -1,
  21, 20, 83, 84, -1,
  22, 21, 84, 85, -1,
  23, 22, 85, 86, -1,
  24, 23, 86, 87, -1,
  25, 24, 87, 88, -1,
  26, 25, 88, 89, -1,
  27, 26, 89, 90, -1,
  28, 27, 90, 91, -1,
  29, 28, 91, 92, -1,
  30, 29, 92, 93, -1,
  31, 30, 93, 94, -1,
  32, 31, 94, 95, -1,
  33, 32, 95, 96, -1,
  34, 33, 96, 97, -1,
  35, 34, 97, 98, -1,
  36, 35, 98, 99, -1,
  37, 36, 99, 100, -1,
  38, 37, 100, 101, -1,
  39, 38, 101, 102, -1,
  40, 39, 102, 103, -1,
  41, 40, 103, 104, -1,
  42, 41, 104, 105, -1,
  43, 42, 105, 106, -1,
  44, 43, 106, 107, -1,
  45, 44, 107, 108, -1,
  46, 45, 108, 109, -1,
  47, 46, 109, 110, -1,
  48, 47, 110, 111, -1,
  49, 48, 111, 112, -1,
  50, 49, 112, 113, -1,
  51, 50, 113, 114, -1,
  52, 51, 114, 115, -1,
  53, 52, 115, 116, -1,
  54, 53, 116, 117, -1,
  55, 54, 117, 118, -1,
  56, 55, 118, 119, -1,
  57, 56, 119, 120, -1,
  58, 57, 120, 121, -1,
  59, 58, 121, 122, -1,
  60, 59, 122, 123, -1,
  61, 60, 123, 124, -1,
  0, 61, 124, 63, -1
 ]
convex TRUE
creaseAngle 0.3490
}
}
Shape {
appearance Appearance {
material DEF OUTMAT1 Material {
      diffuseColor 0.800 0.925 0.953
      ambientIntensity 0.295
      specularColor 0.000 0.000 0.000
      shininess 0.000
      transparency 0.000
}
}
geometry IndexedFaceSet {
coord Coordinate { point [
  153.421 2.998 -28.981,
  149.421 2.998 -28.981,
  148.995 2.967 -28.981,
  148.576 2.876 -28.981,
  148.175 2.727 -28.981,
  148.004 2.633 -28.981,
  148.004 -1.175 -28.981,
  148.984 -1.175 -28.981,
  148.984 -1.655 -28.981,
  148.004 -1.655 -28.981,
  148.004 -1.175 -28.981,
  148.004 2.633 -28.981,
  147.800 2.521 -28.981,
  147.457 2.265 -28.981,
  147.154 1.962 -28.981,
  146.898 1.620 -28.981,
  146.693 1.244 -28.981,
  146.543 0.843 -28.981,
  146.452 0.425 -28.981,
  146.421 -0.002 -28.981,
  146.452 -0.429 -28.981,
  146.543 -0.847 -28.981,
  146.693 -1.249 -28.981,
  146.898 -1.624 -28.981,
  147.154 -1.967 -28.981,
  147.457 -2.270 -28.981,
  147.800 -2.526 -28.981,
  148.175 -2.731 -28.981,
  148.576 -2.881 -28.981,
  148.995 -2.972 -28.981,
  149.421 -3.002 -28.981,
  153.421 -3.002 -28.981,
  153.848 -2.972 -28.981,
  154.267 -2.881 -28.981,
  154.668 -2.731 -28.981,
  154.839 -2.638 -28.981,
  155.043 -2.526 -28.981,
  155.386 -2.270 -28.981,
  155.689 -1.967 -28.981,
  155.945 -1.624 -28.981,
  156.150 -1.249 -28.981,
  156.300 -0.847 -28.981,
  156.391 -0.429 -28.981,
  156.421 -0.002 -28.981,
  156.391 0.425 -28.981,
  156.300 0.843 -28.981,
  156.150 1.244 -28.981,
  155.945 1.620 -28.981,
  155.689 1.962 -28.981,
  155.386 2.265 -28.981,
  155.043 2.521 -28.981,
  154.839 2.633 -28.981,
  154.668 2.727 -28.981,
  154.668 1.650 -28.981,
  154.839 1.650 -28.981,
  154.839 1.170 -28.981,
  153.859 1.170 -28.981,
  153.859 1.650 -28.981,
  154.668 1.650 -28.981,
  154.668 2.727 -28.981,
  154.267 2.876 -28.981,
  153.848 2.967 -28.981,
  148.984 -2.969 -28.981
 ] }
 coordIndex [ 16, 15, 14, -1, 16, 14, 13, -1, 16, 13, 12, -1, 16, 12, 5, -1,
     16, 5, 6, -1, 17, 16, 6, -1, 19, 18, 17, -1, 19, 17, 6, -1, 19, 6, 9, -1,
     22, 21, 20, -1, 22, 20, 19, -1, 22, 19, 9, -1, 23, 22, 9, -1, 24, 23, 9, -1,
     25, 24, 9, -1, 26, 25, 9, -1, 27, 26, 9, -1, 27, 9, 8, -1, 28, 27, 8, -1,
     29, 28, 8, -1, 7, 6, 5, -1, 3, 2, 1, -1, 5, 4, 3, -1, 5, 3, 1, -1,
     7, 5, 1, -1, 51, 54, 53, -1, 52, 51, 53, -1, 52, 53, 57, -1, 60, 52, 57, -1,
     61, 60, 57, -1, 0, 61, 57, -1, 1, 0, 57, -1, 7, 1, 57, -1, 30, 29, 8, -1,
     30, 8, 7, -1, 31, 30, 7, -1, 7, 57, 56, -1, 31, 7, 56, -1, 33, 32, 31, -1,
     35, 34, 33, -1, 35, 33, 31, -1, 35, 31, 56, -1, 35, 56, 55, -1, 51, 50, 49, -1,
     54, 51, 49, -1, 54, 49, 48, -1, 55, 54, 48, -1, 55, 48, 47, -1, 55, 47, 46, -1,
     46, 45, 44, -1, 46, 44, 43, -1, 55, 46, 43, -1, 40, 39, 38, -1, 40, 38, 37, -1,
     40, 37, 36, -1, 40, 36, 35, -1, 40, 35, 55, -1, 41, 40, 55, -1, 41, 55, 43, -1,
     42, 41, 43, -1
 ]
convex TRUE
creaseAngle 0.3490
}
}
]
}
]
}


DEF Design7t1 Transform {
children [
Transform {
children [
Shape {
appearance Appearance {
material DEF INMAT2 Material {
      diffuseColor 0.800 0.800 0.800
      ambientIntensity 0.299
      specularColor 0.000 0.000 0.000
      shininess 0.000
      transparency 0.000
}
}
geometry IndexedFaceSet {
coord Coordinate { point [
  150.132 -0.250 -24.722,
  150.132 -0.252 -23.364,
  150.132 -0.276 -23.258,
  150.132 -0.343 -23.172,
  150.132 -0.439 -23.123,
  150.132 -0.547 -23.119,
  150.132 -0.647 -23.161,
  150.132 -0.874 -23.361,
  150.132 -1.053 -23.605,
  150.132 -1.140 -23.809,
  150.132 -1.169 -24.029,
  150.132 -1.169 -24.323,
  150.132 -1.544 -24.323,
  150.132 -1.619 -24.343,
  150.132 -1.674 -24.398,
  150.132 -1.694 -24.473,
  150.132 -1.694 -25.473,
  150.132 -1.674 -25.548,
  150.132 -1.619 -25.603,
  150.132 -1.544 -25.623,
  150.132 -1.169 -25.623,
  150.132 -1.169 -25.706,
  150.132 -1.145 -25.842,
  150.132 -1.009 -26.134,
  150.132 -0.823 -26.397,
  150.132 -0.594 -26.624,
  150.132 -0.328 -26.806,
  150.132 -0.257 -26.835,
  150.132 -0.181 -26.845,
  150.132 0.162 -26.845,
  150.132 0.237 -26.835,
  150.132 0.308 -26.807,
  150.132 0.575 -26.625,
  150.132 0.805 -26.399,
  150.132 0.993 -26.136,
  150.132 1.131 -25.845,
  150.132 1.156 -25.706,
  150.132 1.156 -25.623,
  150.132 1.531 -25.623,
  150.132 1.606 -25.603,
  150.132 1.660 -25.548,
  150.132 1.681 -25.473,
  150.132 1.681 -24.473,
  150.132 1.660 -24.398,
  150.132 1.606 -24.343,
  150.132 1.531 -24.323,
  150.132 1.156 -24.323,
  150.132 1.156 -24.029,
  150.132 1.126 -23.809,
  150.132 1.039 -23.605,
  150.132 0.859 -23.363,
  150.132 0.633 -23.164,
  150.132 0.533 -23.122,
  150.132 0.425 -23.126,
  150.132 0.329 -23.175,
  150.132 0.262 -23.261,
  150.132 0.238 -23.366,
  150.132 0.230 -24.722,
  149.632 -0.250 -24.722,
  149.632 -0.252 -23.364,
  149.632 -0.276 -23.258,
  149.632 -0.343 -23.172,
  149.632 -0.439 -23.123,
  149.632 -0.547 -23.119,
  149.632 -0.647 -23.161,
  149.632 -0.874 -23.361,
  149.632 -1.053 -23.605,
  149.632 -1.140 -23.809,
  149.632 -1.169 -24.029,
  149.632 -1.169 -24.323,
  149.632 -1.544 -24.323,
  149.632 -1.619 -24.343,
  149.632 -1.674 -24.398,
  149.632 -1.694 -24.473,
  149.632 -1.694 -25.473,
  149.632 -1.674 -25.548,
  149.632 -1.619 -25.603,
  149.632 -1.544 -25.623,
  149.632 -1.169 -25.623,
  149.632 -1.169 -25.706,
  149.632 -1.145 -25.842,
  149.632 -1.009 -26.134,
  149.632 -0.823 -26.397,
  149.632 -0.594 -26.624,
  149.632 -0.328 -26.806,
  149.632 -0.257 -26.835,
  149.632 -0.181 -26.845,
  149.632 0.162 -26.845,
  149.632 0.237 -26.835,
  149.632 0.308 -26.807,
  149.632 0.575 -26.625,
  149.632 0.805 -26.399,
  149.632 0.993 -26.136,
  149.632 1.131 -25.845,
  149.632 1.156 -25.706,
  149.632 1.156 -25.623,
  149.632 1.531 -25.623,
  149.632 1.606 -25.603,
  149.632 1.660 -25.548,
  149.632 1.681 -25.473,
  149.632 1.681 -24.473,
  149.632 1.660 -24.398,
  149.632 1.606 -24.343,
  149.632 1.531 -24.323,
  149.632 1.156 -24.323,
  149.632 1.156 -24.029,
  149.632 1.126 -23.809,
  149.632 1.039 -23.605,
  149.632 0.859 -23.363,
  149.632 0.633 -23.164,
  149.632 0.533 -23.122,
  149.632 0.425 -23.126,
  149.632 0.329 -23.175,
  149.632 0.262 -23.261,
  149.632 0.238 -23.366,
  149.632 0.230 -24.722
 ] }
coordIndex [ 53, 54, 55, -1, 52, 53, 55, -1, 52, 55, 56, -1, 51, 52, 56, -1,
     50, 51, 56, -1, 50, 56, 57, -1, 49, 50, 57, -1, 46, 47, 48, -1, 46, 48, 49, -1,
     46, 49, 57, -1, 43, 44, 45, -1, 42, 43, 45, -1, 42, 45, 46, -1, 39, 40, 41, -1,
     39, 41, 42, -1, 39, 42, 46, -1, 39, 46, 57, -1, 37, 38, 39, -1, 37, 39, 57, -1,
     37, 57, 0, -1, 34, 35, 36, -1, 34, 36, 37, -1, 33, 34, 37, -1, 33, 37, 0, -1,
     2, 3, 4, -1, 2, 4, 5, -1, 5, 6, 7, -1, 1, 2, 5, -1, 1, 5, 7, -1,
     0, 1, 7, -1, 0, 7, 8, -1, 9, 10, 11, -1, 8, 9, 11, -1, 0, 8, 11, -1,
     32, 33, 0, -1, 32, 0, 11, -1, 26, 27, 28, -1, 25, 26, 28, -1, 25, 28, 29, -1,
     23, 24, 25, -1, 23, 25, 29, -1, 29, 30, 31, -1, 29, 31, 32, -1, 22, 23, 29, -1,
     22, 29, 32, -1, 22, 32, 11, -1, 20, 21, 22, -1, 20, 22, 11, -1, 17, 18, 19, -1,
     16, 17, 19, -1, 16, 19, 20, -1, 15, 16, 20, -1, 15, 20, 11, -1, 12, 13, 14, -1,
     15, 11, 12, -1, 15, 12, 14, -1
  1, 0, 58, 59, -1,
  2, 1, 59, 60, -1,
  3, 2, 60, 61, -1,
  4, 3, 61, 62, -1,
  5, 4, 62, 63, -1,
  6, 5, 63, 64, -1,
  7, 6, 64, 65, -1,
  8, 7, 65, 66, -1,
  9, 8, 66, 67, -1,
  10, 9, 67, 68, -1,
  11, 10, 68, 69, -1,
  12, 11, 69, 70, -1,
  13, 12, 70, 71, -1,
  14, 13, 71, 72, -1,
  15, 14, 72, 73, -1,
  16, 15, 73, 74, -1,
  17, 16, 74, 75, -1,
  18, 17, 75, 76, -1,
  19, 18, 76, 77, -1,
  20, 19, 77, 78, -1,
  21, 20, 78, 79, -1,
  22, 21, 79, 80, -1,
  23, 22, 80, 81, -1,
  24, 23, 81, 82, -1,
  25, 24, 82, 83, -1,
  26, 25, 83, 84, -1,
  27, 26, 84, 85, -1,
  28, 27, 85, 86, -1,
  29, 28, 86, 87, -1,
  30, 29, 87, 88, -1,
  31, 30, 88, 89, -1,
  32, 31, 89, 90, -1,
  33, 32, 90, 91, -1,
  34, 33, 91, 92, -1,
  35, 34, 92, 93, -1,
  36, 35, 93, 94, -1,
  37, 36, 94, 95, -1,
  38, 37, 95, 96, -1,
  39, 38, 96, 97, -1,
  40, 39, 97, 98, -1,
  41, 40, 98, 99, -1,
  42, 41, 99, 100, -1,
  43, 42, 100, 101, -1,
  44, 43, 101, 102, -1,
  45, 44, 102, 103, -1,
  46, 45, 103, 104, -1,
  47, 46, 104, 105, -1,
  48, 47, 105, 106, -1,
  49, 48, 106, 107, -1,
  50, 49, 107, 108, -1,
  51, 50, 108, 109, -1,
  52, 51, 109, 110, -1,
  53, 52, 110, 111, -1,
  54, 53, 111, 112, -1,
  55, 54, 112, 113, -1,
  56, 55, 113, 114, -1,
  57, 56, 114, 115, -1,
  0, 57, 115, 58, -1
 ]
convex TRUE
creaseAngle 0.3490
}
}
Shape {
appearance Appearance {
material DEF OUTMAT2 Material {
      diffuseColor 0.800 0.925 0.953
      ambientIntensity 0.295
      specularColor 0.000 0.000 0.000
      shininess 0.000
      transparency 0.000
}
}
geometry IndexedFaceSet {
coord Coordinate { point [
  149.632 -0.250 -24.722,
  149.632 -0.252 -23.364,
  149.632 -0.276 -23.258,
  149.632 -0.343 -23.172,
  149.632 -0.439 -23.123,
  149.632 -0.547 -23.119,
  149.632 -0.647 -23.161,
  149.632 -0.874 -23.361,
  149.632 -1.053 -23.605,
  149.632 -1.140 -23.809,
  149.632 -1.169 -24.029,
  149.632 -1.169 -24.323,
  149.632 -1.544 -24.323,
  149.632 -1.619 -24.343,
  149.632 -1.674 -24.398,
  149.632 -1.694 -24.473,
  149.632 -1.694 -25.473,
  149.632 -1.674 -25.548,
  149.632 -1.619 -25.603,
  149.632 -1.544 -25.623,
  149.632 -1.169 -25.623,
  149.632 -1.169 -25.706,
  149.632 -1.145 -25.842,
  149.632 -1.009 -26.134,
  149.632 -0.823 -26.397,
  149.632 -0.594 -26.624,
  149.632 -0.328 -26.806,
  149.632 -0.257 -26.835,
  149.632 -0.181 -26.845,
  149.632 0.162 -26.845,
  149.632 0.237 -26.835,
  149.632 0.308 -26.807,
  149.632 0.575 -26.625,
  149.632 0.805 -26.399,
  149.632 0.993 -26.136,
  149.632 1.131 -25.845,
  149.632 1.156 -25.706,
  149.632 1.156 -25.623,
  149.632 1.531 -25.623,
  149.632 1.606 -25.603,
  149.632 1.660 -25.548,
  149.632 1.681 -25.473,
  149.632 1.681 -24.473,
  149.632 1.660 -24.398,
  149.632 1.606 -24.343,
  149.632 1.531 -24.323,
  149.632 1.156 -24.323,
  149.632 1.156 -24.029,
  149.632 1.126 -23.809,
  149.632 1.039 -23.605,
  149.632 0.859 -23.363,
  149.632 0.633 -23.164,
  149.632 0.533 -23.122,
  149.632 0.425 -23.126,
  149.632 0.329 -23.175,
  149.632 0.262 -23.261,
  149.632 0.238 -23.366,
  149.632 0.230 -24.722
 ] }
 coordIndex [ 55, 54, 53, -1, 55, 53, 52, -1, 56, 55, 52, -1, 56, 52, 51, -1,
     56, 51, 50, -1, 57, 56, 50, -1, 57, 50, 49, -1, 48, 47, 46, -1, 49, 48, 46, -1,
     57, 49, 46, -1, 45, 44, 43, -1, 45, 43, 42, -1, 46, 45, 42, -1, 41, 40, 39, -1,
     42, 41, 39, -1, 46, 42, 39, -1, 57, 46, 39, -1, 39, 38, 37, -1, 57, 39, 37, -1,
     0, 57, 37, -1, 36, 35, 34, -1, 37, 36, 34, -1, 37, 34, 33, -1, 0, 37, 33, -1,
     4, 3, 2, -1, 5, 4, 2, -1, 7, 6, 5, -1, 5, 2, 1, -1, 7, 5, 1, -1,
     7, 1, 0, -1, 8, 7, 0, -1, 11, 10, 9, -1, 11, 9, 8, -1, 11, 8, 0, -1,
     0, 33, 32, -1, 11, 0, 32, -1, 28, 27, 26, -1, 28, 26, 25, -1, 29, 28, 25, -1,
     25, 24, 23, -1, 29, 25, 23, -1, 31, 30, 29, -1, 32, 31, 29, -1, 29, 23, 22, -1,
     32, 29, 22, -1, 11, 32, 22, -1, 22, 21, 20, -1, 11, 22, 20, -1, 19, 18, 17, -1,
     19, 17, 16, -1, 20, 19, 16, -1, 20, 16, 15, -1, 11, 20, 15, -1, 14, 13, 12, -1,
     12, 11, 15, -1, 14, 12, 15, -1
 ]
convex TRUE
creaseAngle 0.3490
}
}
]
}
]
}


DEF Design2t1 Transform {
children [
Transform {
children [
Shape {
appearance Appearance {
material DEF INMAT3 Material {
      diffuseColor 0.800 0.800 0.800
      ambientIntensity 0.299
      specularColor 0.000 0.000 0.000
      shininess 0.000
      transparency 0.000
}
}
geometry IndexedFaceSet {
coord Coordinate { point [
  149.652 -11.183 -14.323,
  149.652 -11.183 -15.603,
  150.132 -11.183 -15.603,
  150.132 -11.183 -14.323,
  149.652 -11.183 -14.323,
  147.439 -11.183 -14.318,
  147.533 -11.183 -14.266,
  148.109 -11.183 -14.031,
  148.643 -11.183 -13.715,
  148.949 -11.183 -13.591,
  149.271 -11.183 -13.515,
  149.600 -11.183 -13.488,
  149.930 -11.183 -13.510,
  150.253 -11.183 -13.581,
  150.448 -11.183 -13.630,
  150.648 -11.183 -13.658,
  150.902 -11.183 -13.711,
  151.137 -11.183 -13.818,
  151.343 -11.183 -13.976,
  151.508 -11.183 -14.175,
  151.625 -11.183 -14.407,
  151.687 -11.183 -14.658,
  151.692 -11.183 -14.917,
  151.638 -11.183 -15.171,
  151.530 -11.183 -15.406,
  151.378 -11.183 -15.603,
  151.372 -11.183 -15.611,
  151.238 -11.183 -15.748,
  151.076 -11.183 -15.851,
  150.791 -11.183 -16.021,
  150.550 -11.183 -16.157,
  150.286 -11.183 -16.240,
  149.925 -11.183 -16.288,
  149.561 -11.183 -16.283,
  149.201 -11.183 -16.225,
  148.994 -11.183 -16.204,
  148.929 -11.183 -16.223,
  148.884 -11.183 -16.274,
  148.872 -11.183 -16.340,
  148.897 -11.183 -16.404,
  148.950 -11.183 -16.445,
  149.062 -11.183 -16.480,
  149.289 -11.183 -16.587,
  149.490 -11.183 -16.736,
  149.659 -11.183 -16.921,
  149.788 -11.183 -17.135,
  149.873 -11.183 -17.371,
  149.910 -11.183 -17.618,
  149.950 -11.183 -17.851,
  150.016 -11.183 -18.035,
  150.100 -11.183 -18.211,
  150.185 -11.183 -18.342,
  150.289 -11.183 -18.458,
  150.364 -11.183 -18.555,
  150.406 -11.183 -18.670,
  150.410 -11.183 -18.792,
  150.333 -11.183 -19.069,
  150.330 -11.183 -19.227,
  150.351 -11.183 -19.385,
  150.373 -11.183 -19.583,
  150.351 -11.183 -19.661,
  150.292 -11.183 -19.717,
  150.213 -11.183 -19.733,
  150.136 -11.183 -19.706,
  150.120 -11.183 -19.695,
  150.049 -11.183 -19.669,
  149.974 -11.183 -19.682,
  149.915 -11.183 -19.730,
  149.683 -11.183 -20.067,
  149.471 -11.183 -20.417,
  149.281 -11.183 -20.779,
  149.226 -11.183 -20.854,
  149.147 -11.183 -20.903,
  149.056 -11.183 -20.920,
  149.004 -11.183 -20.920,
  149.004 -11.183 -21.320,
  148.991 -11.183 -21.370,
  148.954 -11.183 -21.407,
  148.904 -11.183 -21.420,
  148.104 -11.183 -21.420,
  148.054 -11.183 -21.407,
  148.018 -11.183 -21.370,
  148.004 -11.183 -21.320,
  148.004 -11.183 -20.920,
  147.951 -11.183 -20.920,
  147.814 -11.183 -20.897,
  147.692 -11.183 -20.830,
  147.530 -11.183 -20.648,
  147.438 -11.183 -20.595,
  147.335 -11.183 -20.573,
  147.260 -11.183 -20.583,
  147.112 -11.183 -20.652,
  146.981 -11.183 -20.748,
  146.847 -11.183 -20.893,
  146.769 -11.183 -20.919,
  146.689 -11.183 -20.900,
  146.631 -11.183 -20.842,
  146.613 -11.183 -20.762,
  146.643 -11.183 -20.573,
  146.713 -11.183 -20.394,
  146.820 -11.183 -20.235,
  146.977 -11.183 -20.063,
  147.176 -11.183 -19.941,
  147.402 -11.183 -19.880,
  147.635 -11.183 -19.883,
  147.858 -11.183 -19.952,
  148.001 -11.183 -20.013,
  148.155 -11.183 -20.028,
  148.307 -11.183 -19.994,
  148.441 -11.183 -19.916,
  148.544 -11.183 -19.800,
  148.692 -11.183 -19.626,
  148.832 -11.183 -19.455,
  148.921 -11.183 -19.252,
  148.950 -11.183 -19.032,
  148.921 -11.183 -18.760,
  148.839 -11.183 -18.498,
  148.709 -11.183 -18.258,
  148.534 -11.183 -18.047,
  148.322 -11.183 -17.875,
  148.080 -11.183 -17.747,
  147.817 -11.183 -17.669,
  147.680 -11.183 -17.620,
  147.381 -11.183 -17.493,
  147.066 -11.183 -17.415,
  146.840 -11.183 -17.349,
  146.637 -11.183 -17.229,
  146.469 -11.183 -17.064,
  146.347 -11.183 -16.863,
  146.267 -11.183 -16.714,
  146.159 -11.183 -16.480,
  146.115 -11.183 -16.226,
  146.137 -11.183 -15.969,
  146.225 -11.183 -15.726,
  146.433 -11.183 -15.258,
  146.567 -11.183 -15.044,
  146.729 -11.183 -14.852,
  146.972 -11.183 -14.624,
  147.241 -11.183 -14.428,
  147.430 -11.183 -14.323,
  147.439 -11.183 -14.318,
  149.652 -11.683 -14.323,
  149.652 -11.683 -15.603,
  150.132 -11.683 -15.603,
  150.132 -11.683 -14.323,
  149.652 -11.683 -14.323,
  147.439 -11.683 -14.318,
  147.533 -11.683 -14.266,
  148.109 -11.683 -14.031,
  148.643 -11.683 -13.715,
  148.949 -11.683 -13.591,
  149.271 -11.683 -13.515,
  149.600 -11.683 -13.488,
  149.930 -11.683 -13.510,
  150.253 -11.683 -13.581,
  150.448 -11.683 -13.630,
  150.648 -11.683 -13.658,
  150.902 -11.683 -13.711,
  151.137 -11.683 -13.818,
  151.343 -11.683 -13.976,
  151.508 -11.683 -14.175,
  151.625 -11.683 -14.407,
  151.687 -11.683 -14.658,
  151.692 -11.683 -14.917,
  151.638 -11.683 -15.171,
  151.530 -11.683 -15.406,
  151.378 -11.683 -15.603,
  151.372 -11.683 -15.611,
  151.238 -11.683 -15.748,
  151.076 -11.683 -15.851,
  150.791 -11.683 -16.021,
  150.550 -11.683 -16.157,
  150.286 -11.683 -16.240,
  149.925 -11.683 -16.288,
  149.561 -11.683 -16.283,
  149.201 -11.683 -16.225,
  148.994 -11.683 -16.204,
  148.929 -11.683 -16.223,
  148.884 -11.683 -16.274,
  148.872 -11.683 -16.340,
  148.897 -11.683 -16.404,
  148.950 -11.683 -16.445,
  149.062 -11.683 -16.480,
  149.289 -11.683 -16.587,
  149.490 -11.683 -16.736,
  149.659 -11.683 -16.921,
  149.788 -11.683 -17.135,
  149.873 -11.683 -17.371,
  149.910 -11.683 -17.618,
  149.950 -11.683 -17.851,
  150.016 -11.683 -18.035,
  150.100 -11.683 -18.211,
  150.185 -11.683 -18.342,
  150.289 -11.683 -18.458,
  150.364 -11.683 -18.555,
  150.406 -11.683 -18.670,
  150.410 -11.683 -18.792,
  150.333 -11.683 -19.069,
  150.330 -11.683 -19.227,
  150.351 -11.683 -19.385,
  150.373 -11.683 -19.583,
  150.351 -11.683 -19.661,
  150.292 -11.683 -19.717,
  150.213 -11.683 -19.733,
  150.136 -11.683 -19.706,
  150.120 -11.683 -19.695,
  150.049 -11.683 -19.669,
  149.974 -11.683 -19.682,
  149.915 -11.683 -19.730,
  149.683 -11.683 -20.067,
  149.471 -11.683 -20.417,
  149.281 -11.683 -20.779,
  149.226 -11.683 -20.854,
  149.147 -11.683 -20.903,
  149.056 -11.683 -20.920,
  149.004 -11.683 -20.920,
  149.004 -11.683 -21.320,
  148.991 -11.683 -21.370,
  148.954 -11.683 -21.407,
  148.904 -11.683 -21.420,
  148.104 -11.683 -21.420,
  148.054 -11.683 -21.407,
  148.018 -11.683 -21.370,
  148.004 -11.683 -21.320,
  148.004 -11.683 -20.920,
  147.951 -11.683 -20.920,
  147.814 -11.683 -20.897,
  147.692 -11.683 -20.830,
  147.530 -11.683 -20.648,
  147.438 -11.683 -20.595,
  147.335 -11.683 -20.573,
  147.260 -11.683 -20.583,
  147.112 -11.683 -20.652,
  146.981 -11.683 -20.748,
  146.847 -11.683 -20.893,
  146.769 -11.683 -20.919,
  146.689 -11.683 -20.900,
  146.631 -11.683 -20.842,
  146.613 -11.683 -20.762,
  146.643 -11.683 -20.573,
  146.713 -11.683 -20.394,
  146.820 -11.683 -20.235,
  146.977 -11.683 -20.063,
  147.176 -11.683 -19.941,
  147.402 -11.683 -19.880,
  147.635 -11.683 -19.883,
  147.858 -11.683 -19.952,
  148.001 -11.683 -20.013,
  148.155 -11.683 -20.028,
  148.307 -11.683 -19.994,
  148.441 -11.683 -19.916,
  148.544 -11.683 -19.800,
  148.692 -11.683 -19.626,
  148.832 -11.683 -19.455,
  148.921 -11.683 -19.252,
  148.950 -11.683 -19.032,
  148.921 -11.683 -18.760,
  148.839 -11.683 -18.498,
  148.709 -11.683 -18.258,
  148.534 -11.683 -18.047,
  148.322 -11.683 -17.875,
  148.080 -11.683 -17.747,
  147.817 -11.683 -17.669,
  147.680 -11.683 -17.620,
  147.381 -11.683 -17.493,
  147.066 -11.683 -17.415,
  146.840 -11.683 -17.349,
  146.637 -11.683 -17.229,
  146.469 -11.683 -17.064,
  146.347 -11.683 -16.863,
  146.267 -11.683 -16.714,
  146.159 -11.683 -16.480,
  146.115 -11.683 -16.226,
  146.137 -11.683 -15.969,
  146.225 -11.683 -15.726,
  146.433 -11.683 -15.258,
  146.567 -11.683 -15.044,
  146.729 -11.683 -14.852,
  146.972 -11.683 -14.624,
  147.241 -11.683 -14.428,
  147.430 -11.683 -14.323,
  147.439 -11.683 -14.318
 ] }
coordIndex [ 139, 6, 7, -1, 0, 139, 7, -1, 0, 7, 8, -1, 0, 8, 9, -1,
     0, 9, 10, -1, 0, 10, 11, -1, 0, 11, 12, -1, 3, 0, 12, -1, 3, 12, 13, -1,
     3, 13, 14, -1, 3, 14, 15, -1, 3, 15, 16, -1, 3, 16, 17, -1, 17, 18, 19, -1,
     17, 19, 20, -1, 3, 17, 20, -1, 3, 20, 21, -1, 3, 21, 22, -1, 22, 23, 24, -1,
     3, 22, 24, -1, 2, 3, 24, -1, 2, 24, 25, -1, 139, 0, 1, -1, 27, 28, 29, -1,
     25, 27, 29, -1, 2, 25, 29, -1, 2, 29, 30, -1, 2, 30, 31, -1, 2, 31, 32, -1,
     1, 2, 32, -1, 1, 32, 33, -1, 1, 33, 34, -1, 1, 34, 35, -1, 1, 35, 36, -1,
     139, 1, 36, -1, 139, 36, 37, -1, 137, 138, 139, -1, 137, 139, 37, -1, 134, 135, 136, -1,
     134, 136, 137, -1, 134, 137, 37, -1, 130, 131, 132, -1, 132, 133, 134, -1, 130, 132, 134, -1,
     126, 127, 128, -1, 125, 126, 128, -1, 128, 129, 130, -1, 125, 128, 130, -1, 123, 124, 125, -1,
     123, 125, 130, -1, 123, 130, 134, -1, 123, 134, 37, -1, 121, 122, 123, -1, 121, 123, 37, -1,
     121, 37, 38, -1, 120, 121, 38, -1, 120, 38, 39, -1, 120, 39, 40, -1, 119, 120, 40, -1,
     40, 41, 42, -1, 119, 40, 42, -1, 119, 42, 43, -1, 118, 119, 43, -1, 118, 43, 44, -1,
     118, 44, 45, -1, 118, 45, 46, -1, 118, 46, 47, -1, 117, 118, 47, -1, 117, 47, 48, -1,
     116, 117, 48, -1, 116, 48, 49, -1, 116, 49, 50, -1, 115, 116, 50, -1, 115, 50, 51, -1,
     115, 51, 52, -1, 95, 96, 97, -1, 93, 94, 95, -1, 93, 95, 97, -1, 93, 97, 98, -1,
     92, 93, 98, -1, 91, 92, 98, -1, 91, 98, 99, -1, 91, 99, 100, -1, 90, 91, 100, -1,
     89, 90, 100, -1, 89, 100, 101, -1, 89, 101, 102, -1, 88, 89, 102, -1, 88, 102, 103, -1,
     88, 103, 104, -1, 87, 88, 104, -1, 87, 104, 105, -1, 87, 105, 106, -1, 87, 106, 107, -1,
     86, 87, 107, -1, 83, 84, 85, -1, 83, 85, 86, -1, 83, 86, 107, -1, 83, 107, 108, -1,
     83, 108, 109, -1, 83, 109, 110, -1, 53, 54, 55, -1, 52, 53, 55, -1, 52, 55, 56, -1,
     115, 52, 56, -1, 59, 60, 61, -1, 61, 62, 63, -1, 61, 63, 64, -1, 59, 61, 64, -1,
     59, 64, 65, -1, 58, 59, 65, -1, 58, 65, 66, -1, 57, 58, 66, -1, 56, 57, 66, -1,
     115, 56, 66, -1, 115, 66, 67, -1, 114, 115, 67, -1, 113, 114, 67, -1, 113, 67, 68, -1,
     112, 113, 68, -1, 111, 112, 68, -1, 111, 68, 69, -1, 110, 111, 69, -1, 110, 69, 70, -1,
     71, 72, 73, -1, 71, 73, 74, -1, 70, 71, 74, -1, 110, 70, 74, -1, 83, 110, 74, -1,
     79, 80, 81, -1, 79, 81, 82, -1, 79, 82, 83, -1, 78, 79, 83, -1, 83, 74, 75, -1,
     78, 83, 75, -1, 78, 75, 76, -1, 78, 76, 77, -1
  1, 0, 141, 142, -1,
  2, 1, 142, 143, -1,
  3, 2, 143, 144, -1,
  4, 3, 144, 145, -1,
  5, 4, 145, 146, -1,
  6, 5, 146, 147, -1,
  7, 6, 147, 148, -1,
  8, 7, 148, 149, -1,
  9, 8, 149, 150, -1,
  10, 9, 150, 151, -1,
  11, 10, 151, 152, -1,
  12, 11, 152, 153, -1,
  13, 12, 153, 154, -1,
  14, 13, 154, 155, -1,
  15, 14, 155, 156, -1,
  16, 15, 156, 157, -1,
  17, 16, 157, 158, -1,
  18, 17, 158, 159, -1,
  19, 18, 159, 160, -1,
  20, 19, 160, 161, -1,
  21, 20, 161, 162, -1,
  22, 21, 162, 163, -1,
  23, 22, 163, 164, -1,
  24, 23, 164, 165, -1,
  25, 24, 165, 166, -1,
  26, 25, 166, 167, -1,
  27, 26, 167, 168, -1,
  28, 27, 168, 169, -1,
  29, 28, 169, 170, -1,
  30, 29, 170, 171, -1,
  31, 30, 171, 172, -1,
  32, 31, 172, 173, -1,
  33, 32, 173, 174, -1,
  34, 33, 174, 175, -1,
  35, 34, 175, 176, -1,
  36, 35, 176, 177, -1,
  37, 36, 177, 178, -1,
  38, 37, 178, 179, -1,
  39, 38, 179, 180, -1,
  40, 39, 180, 181, -1,
  41, 40, 181, 182, -1,
  42, 41, 182, 183, -1,
  43, 42, 183, 184, -1,
  44, 43, 184, 185, -1,
  45, 44, 185, 186, -1,
  46, 45, 186, 187, -1,
  47, 46, 187, 188, -1,
  48, 47, 188, 189, -1,
  49, 48, 189, 190, -1,
  50, 49, 190, 191, -1,
  51, 50, 191, 192, -1,
  52, 51, 192, 193, -1,
  53, 52, 193, 194, -1,
  54, 53, 194, 195, -1,
  55, 54, 195, 196, -1,
  56, 55, 196, 197, -1,
  57, 56, 197, 198, -1,
  58, 57, 198, 199, -1,
  59, 58, 199, 200, -1,
  60, 59, 200, 201, -1,
  61, 60, 201, 202, -1,
  62, 61, 202, 203, -1,
  63, 62, 203, 204, -1,
  64, 63, 204, 205, -1,
  65, 64, 205, 206, -1,
  66, 65, 206, 207, -1,
  67, 66, 207, 208, -1,
  68, 67, 208, 209, -1,
  69, 68, 209, 210, -1,
  70, 69, 210, 211, -1,
  71, 70, 211, 212, -1,
  72, 71, 212, 213, -1,
  73, 72, 213, 214, -1,
  74, 73, 214, 215, -1,
  75, 74, 215, 216, -1,
  76, 75, 216, 217, -1,
  77, 76, 217, 218, -1,
  78, 77, 218, 219, -1,
  79, 78, 219, 220, -1,
  80, 79, 220, 221, -1,
  81, 80, 221, 222, -1,
  82, 81, 222, 223, -1,
  83, 82, 223, 224, -1,
  84, 83, 224, 225, -1,
  85, 84, 225, 226, -1,
  86, 85, 226, 227, -1,
  87, 86, 227, 228, -1,
  88, 87, 228, 229, -1,
  89, 88, 229, 230, -1,
  90, 89, 230, 231, -1,
  91, 90, 231, 232, -1,
  92, 91, 232, 233, -1,
  93, 92, 233, 234, -1,
  94, 93, 234, 235, -1,
  95, 94, 235, 236, -1,
  96, 95, 236, 237, -1,
  97, 96, 237, 238, -1,
  98, 97, 238, 239, -1,
  99, 98, 239, 240, -1,
  100, 99, 240, 241, -1,
  101, 100, 241, 242, -1,
  102, 101, 242, 243, -1,
  103, 102, 243, 244, -1,
  104, 103, 244, 245, -1,
  105, 104, 245, 246, -1,
  106, 105, 246, 247, -1,
  107, 106, 247, 248, -1,
  108, 107, 248, 249, -1,
  109, 108, 249, 250, -1,
  110, 109, 250, 251, -1,
  111, 110, 251, 252, -1,
  112, 111, 252, 253, -1,
  113, 112, 253, 254, -1,
  114, 113, 254, 255, -1,
  115, 114, 255, 256, -1,
  116, 115, 256, 257, -1,
  117, 116, 257, 258, -1,
  118, 117, 258, 259, -1,
  119, 118, 259, 260, -1,
  120, 119, 260, 261, -1,
  121, 120, 261, 262, -1,
  122, 121, 262, 263, -1,
  123, 122, 263, 264, -1,
  124, 123, 264, 265, -1,
  125, 124, 265, 266, -1,
  126, 125, 266, 267, -1,
  127, 126, 267, 268, -1,
  128, 127, 268, 269, -1,
  129, 128, 269, 270, -1,
  130, 129, 270, 271, -1,
  131, 130, 271, 272, -1,
  132, 131, 272, 273, -1,
  133, 132, 273, 274, -1,
  134, 133, 274, 275, -1,
  135, 134, 275, 276, -1,
  136, 135, 276, 277, -1,
  137, 136, 277, 278, -1,
  138, 137, 278, 279, -1,
  139, 138, 279, 280, -1,
  140, 139, 280, 281, -1,
  0, 140, 281, 141, -1
 ]
convex TRUE
creaseAngle 0.3490
}
}
Shape {
appearance Appearance {
material DEF OUTMAT3 Material {
      diffuseColor 0.800 0.925 0.953
      ambientIntensity 0.295
      specularColor 0.000 0.000 0.000
      shininess 0.000
      transparency 0.000
}
}
geometry IndexedFaceSet {
coord Coordinate { point [
  149.652 -11.683 -14.323,
  149.652 -11.683 -15.603,
  150.132 -11.683 -15.603,
  150.132 -11.683 -14.323,
  149.652 -11.683 -14.323,
  147.439 -11.683 -14.318,
  147.533 -11.683 -14.266,
  148.109 -11.683 -14.031,
  148.643 -11.683 -13.715,
  148.949 -11.683 -13.591,
  149.271 -11.683 -13.515,
  149.600 -11.683 -13.488,
  149.930 -11.683 -13.510,
  150.253 -11.683 -13.581,
  150.448 -11.683 -13.630,
  150.648 -11.683 -13.658,
  150.902 -11.683 -13.711,
  151.137 -11.683 -13.818,
  151.343 -11.683 -13.976,
  151.508 -11.683 -14.175,
  151.625 -11.683 -14.407,
  151.687 -11.683 -14.658,
  151.692 -11.683 -14.917,
  151.638 -11.683 -15.171,
  151.530 -11.683 -15.406,
  151.378 -11.683 -15.603,
  151.372 -11.683 -15.611,
  151.238 -11.683 -15.748,
  151.076 -11.683 -15.851,
  150.791 -11.683 -16.021,
  150.550 -11.683 -16.157,
  150.286 -11.683 -16.240,
  149.925 -11.683 -16.288,
  149.561 -11.683 -16.283,
  149.201 -11.683 -16.225,
  148.994 -11.683 -16.204,
  148.929 -11.683 -16.223,
  148.884 -11.683 -16.274,
  148.872 -11.683 -16.340,
  148.897 -11.683 -16.404,
  148.950 -11.683 -16.445,
  149.062 -11.683 -16.480,
  149.289 -11.683 -16.587,
  149.490 -11.683 -16.736,
  149.659 -11.683 -16.921,
  149.788 -11.683 -17.135,
  149.873 -11.683 -17.371,
  149.910 -11.683 -17.618,
  149.950 -11.683 -17.851,
  150.016 -11.683 -18.035,
  150.100 -11.683 -18.211,
  150.185 -11.683 -18.342,
  150.289 -11.683 -18.458,
  150.364 -11.683 -18.555,
  150.406 -11.683 -18.670,
  150.410 -11.683 -18.792,
  150.333 -11.683 -19.069,
  150.330 -11.683 -19.227,
  150.351 -11.683 -19.385,
  150.373 -11.683 -19.583,
  150.351 -11.683 -19.661,
  150.292 -11.683 -19.717,
  150.213 -11.683 -19.733,
  150.136 -11.683 -19.706,
  150.120 -11.683 -19.695,
  150.049 -11.683 -19.669,
  149.974 -11.683 -19.682,
  149.915 -11.683 -19.730,
  149.683 -11.683 -20.067,
  149.471 -11.683 -20.417,
  149.281 -11.683 -20.779,
  149.226 -11.683 -20.854,
  149.147 -11.683 -20.903,
  149.056 -11.683 -20.920,
  149.004 -11.683 -20.920,
  149.004 -11.683 -21.320,
  148.991 -11.683 -21.370,
  148.954 -11.683 -21.407,
  148.904 -11.683 -21.420,
  148.104 -11.683 -21.420,
  148.054 -11.683 -21.407,
  148.018 -11.683 -21.370,
  148.004 -11.683 -21.320,
  148.004 -11.683 -20.920,
  147.951 -11.683 -20.920,
  147.814 -11.683 -20.897,
  147.692 -11.683 -20.830,
  147.530 -11.683 -20.648,
  147.438 -11.683 -20.595,
  147.335 -11.683 -20.573,
  147.260 -11.683 -20.583,
  147.112 -11.683 -20.652,
  146.981 -11.683 -20.748,
  146.847 -11.683 -20.893,
  146.769 -11.683 -20.919,
  146.689 -11.683 -20.900,
  146.631 -11.683 -20.842,
  146.613 -11.683 -20.762,
  146.643 -11.683 -20.573,
  146.713 -11.683 -20.394,
  146.820 -11.683 -20.235,
  146.977 -11.683 -20.063,
  147.176 -11.683 -19.941,
  147.402 -11.683 -19.880,
  147.635 -11.683 -19.883,
  147.858 -11.683 -19.952,
  148.001 -11.683 -20.013,
  148.155 -11.683 -20.028,
  148.307 -11.683 -19.994,
  148.441 -11.683 -19.916,
  148.544 -11.683 -19.800,
  148.692 -11.683 -19.626,
  148.832 -11.683 -19.455,
  148.921 -11.683 -19.252,
  148.950 -11.683 -19.032,
  148.921 -11.683 -18.760,
  148.839 -11.683 -18.498,
  148.709 -11.683 -18.258,
  148.534 -11.683 -18.047,
  148.322 -11.683 -17.875,
  148.080 -11.683 -17.747,
  147.817 -11.683 -17.669,
  147.680 -11.683 -17.620,
  147.381 -11.683 -17.493,
  147.066 -11.683 -17.415,
  146.840 -11.683 -17.349,
  146.637 -11.683 -17.229,
  146.469 -11.683 -17.064,
  146.347 -11.683 -16.863,
  146.267 -11.683 -16.714,
  146.159 -11.683 -16.480,
  146.115 -11.683 -16.226,
  146.137 -11.683 -15.969,
  146.225 -11.683 -15.726,
  146.433 -11.683 -15.258,
  146.567 -11.683 -15.044,
  146.729 -11.683 -14.852,
  146.972 -11.683 -14.624,
  147.241 -11.683 -14.428,
  147.430 -11.683 -14.323,
  147.439 -11.683 -14.318
 ] }
 coordIndex [ 7, 6, 139, -1, 7, 139, 0, -1, 8, 7, 0, -1, 9, 8, 0, -1,
     10, 9, 0, -1, 11, 10, 0, -1, 12, 11, 0, -1, 12, 0, 3, -1, 13, 12, 3, -1,
     14, 13, 3, -1, 15, 14, 3, -1, 16, 15, 3, -1, 17, 16, 3, -1, 19, 18, 17, -1,
     20, 19, 17, -1, 20, 17, 3, -1, 21, 20, 3, -1, 22, 21, 3, -1, 24, 23, 22, -1,
     24, 22, 3, -1, 24, 3, 2, -1, 25, 24, 2, -1, 1, 0, 139, -1, 29, 28, 27, -1,
     29, 27, 25, -1, 29, 25, 2, -1, 30, 29, 2, -1, 31, 30, 2, -1, 32, 31, 2, -1,
     32, 2, 1, -1, 33, 32, 1, -1, 34, 33, 1, -1, 35, 34, 1, -1, 36, 35, 1, -1,
     36, 1, 139, -1, 37, 36, 139, -1, 139, 138, 137, -1, 37, 139, 137, -1, 136, 135, 134, -1,
     137, 136, 134, -1, 37, 137, 134, -1, 132, 131, 130, -1, 134, 133, 132, -1, 134, 132, 130, -1,
     128, 127, 126, -1, 128, 126, 125, -1, 130, 129, 128, -1, 130, 128, 125, -1, 125, 124, 123, -1,
     130, 125, 123, -1, 134, 130, 123, -1, 37, 134, 123, -1, 123, 122, 121, -1, 37, 123, 121, -1,
     38, 37, 121, -1, 38, 121, 120, -1, 39, 38, 120, -1, 40, 39, 120, -1, 40, 120, 119, -1,
     42, 41, 40, -1, 42, 40, 119, -1, 43, 42, 119, -1, 43, 119, 118, -1, 44, 43, 118, -1,
     45, 44, 118, -1, 46, 45, 118, -1, 47, 46, 118, -1, 47, 118, 117, -1, 48, 47, 117, -1,
     48, 117, 116, -1, 49, 48, 116, -1, 50, 49, 116, -1, 50, 116, 115, -1, 51, 50, 115, -1,
     52, 51, 115, -1, 97, 96, 95, -1, 95, 94, 93, -1, 97, 95, 93, -1, 98, 97, 93, -1,
     98, 93, 92, -1, 98, 92, 91, -1, 99, 98, 91, -1, 100, 99, 91, -1, 100, 91, 90, -1,
     100, 90, 89, -1, 101, 100, 89, -1, 102, 101, 89, -1, 102, 89, 88, -1, 103, 102, 88, -1,
     104, 103, 88, -1, 104, 88, 87, -1, 105, 104, 87, -1, 106, 105, 87, -1, 107, 106, 87, -1,
     107, 87, 86, -1, 85, 84, 83, -1, 86, 85, 83, -1, 107, 86, 83, -1, 108, 107, 83, -1,
     109, 108, 83, -1, 110, 109, 83, -1, 55, 54, 53, -1, 55, 53, 52, -1, 56, 55, 52, -1,
     56, 52, 115, -1, 61, 60, 59, -1, 63, 62, 61, -1, 64, 63, 61, -1, 64, 61, 59, -1,
     65, 64, 59, -1, 65, 59, 58, -1, 66, 65, 58, -1, 66, 58, 57, -1, 66, 57, 56, -1,
     66, 56, 115, -1, 67, 66, 115, -1, 67, 115, 114, -1, 67, 114, 113, -1, 68, 67, 113, -1,
     68, 113, 112, -1, 68, 112, 111, -1, 69, 68, 111, -1, 69, 111, 110, -1, 70, 69, 110, -1,
     73, 72, 71, -1, 74, 73, 71, -1, 74, 71, 70, -1, 74, 70, 110, -1, 74, 110, 83, -1,
     81, 80, 79, -1, 82, 81, 79, -1, 83, 82, 79, -1, 83, 79, 78, -1, 75, 74, 83, -1,
     75, 83, 78, -1, 76, 75, 78, -1, 77, 76, 78, -1
 ]
convex TRUE
creaseAngle 0.3490
}
}
]
}
]
}


DEF Design3t1 Transform {
children [
Transform {
children [
Shape {
appearance Appearance {
material DEF INMAT4 Material {
      diffuseColor 0.800 0.800 0.800
      ambientIntensity 0.299
      specularColor 0.000 0.000 0.000
      shininess 0.000
      transparency 0.000
}
}
geometry IndexedFaceSet {
coord Coordinate { point [
  155.699 11.661 -19.501,
  155.110 11.661 -20.764,
  155.022 11.661 -20.885,
  154.895 11.661 -20.966,
  154.748 11.661 -20.995,
  154.692 11.661 -20.995,
  154.692 11.661 -21.395,
  154.678 11.661 -21.445,
  154.642 11.661 -21.481,
  154.592 11.661 -21.495,
  153.792 11.661 -21.495,
  153.742 11.661 -21.481,
  153.705 11.661 -21.445,
  153.692 11.661 -21.395,
  153.692 11.661 -20.995,
  153.650 11.661 -20.995,
  153.475 11.661 -20.964,
  153.306 11.661 -20.884,
  153.117 11.661 -20.825,
  152.919 11.661 -20.820,
  152.727 11.661 -20.869,
  152.538 11.661 -20.979,
  152.456 11.661 -20.994,
  152.378 11.661 -20.962,
  152.330 11.661 -20.893,
  152.326 11.661 -20.808,
  152.396 11.661 -20.587,
  152.516 11.661 -20.392,
  152.678 11.661 -20.231,
  152.874 11.661 -20.113,
  153.093 11.661 -20.046,
  153.176 11.661 -20.013,
  153.230 11.661 -19.941,
  153.239 11.661 -19.852,
  153.211 11.661 -19.763,
  153.158 11.661 -19.685,
  153.040 11.661 -19.580,
  152.902 11.661 -19.503,
  152.750 11.661 -19.459,
  152.672 11.661 -19.419,
  152.630 11.661 -19.343,
  152.637 11.661 -19.256,
  152.692 11.661 -19.187,
  152.886 11.661 -19.087,
  153.098 11.661 -19.037,
  153.316 11.661 -19.041,
  153.527 11.661 -19.097,
  153.718 11.661 -19.202,
  153.878 11.661 -19.351,
  153.961 11.661 -19.493,
  153.994 11.661 -19.654,
  154.022 11.661 -19.760,
  154.092 11.661 -19.843,
  154.192 11.661 -19.889,
  154.330 11.661 -19.889,
  154.457 11.661 -19.833,
  154.550 11.661 -19.731,
  154.594 11.661 -19.600,
  154.555 11.661 -19.330,
  154.458 11.661 -19.074,
  154.310 11.661 -18.845,
  154.116 11.661 -18.653,
  153.885 11.661 -18.507,
  153.629 11.661 -18.413,
  153.221 11.661 -18.324,
  152.805 11.661 -18.290,
  152.492 11.661 -18.316,
  152.190 11.661 -18.401,
  151.909 11.661 -18.540,
  151.678 11.661 -18.647,
  151.427 11.661 -18.695,
  151.173 11.661 -18.681,
  150.885 11.661 -18.651,
  150.595 11.661 -18.662,
  150.375 11.661 -18.661,
  150.160 11.661 -18.609,
  149.964 11.661 -18.509,
  149.797 11.661 -18.365,
  149.470 11.661 -17.967,
  149.188 11.661 -17.535,
  148.956 11.661 -17.075,
  148.863 11.661 -16.907,
  148.739 11.661 -16.760,
  148.493 11.661 -16.474,
  148.299 11.661 -16.151,
  148.162 11.661 -15.800,
  148.087 11.661 -15.431,
  148.075 11.661 -15.054,
  148.127 11.661 -14.681,
  148.215 11.661 -14.442,
  148.245 11.661 -14.398,
  149.652 11.661 -14.398,
  149.652 11.661 -15.678,
  150.132 11.661 -15.678,
  150.132 11.661 -14.398,
  149.652 11.661 -14.398,
  148.245 11.661 -14.398,
  148.359 11.661 -14.234,
  148.634 11.661 -13.978,
  148.949 11.661 -13.774,
  149.295 11.661 -13.628,
  149.660 11.661 -13.545,
  150.035 11.661 -13.528,
  150.407 11.661 -13.576,
  150.765 11.661 -13.689,
  151.098 11.661 -13.862,
  151.395 11.661 -14.091,
  151.648 11.661 -14.368,
  151.802 11.661 -14.621,
  151.901 11.661 -14.901,
  151.939 11.661 -15.195,
  151.916 11.661 -15.490,
  151.861 11.661 -15.678,
  151.832 11.661 -15.774,
  151.764 11.661 -15.910,
  151.677 11.661 -16.033,
  151.604 11.661 -16.159,
  151.577 11.661 -16.302,
  151.600 11.661 -16.446,
  151.653 11.661 -16.545,
  151.735 11.661 -16.620,
  151.838 11.661 -16.664,
  151.949 11.661 -16.671,
  152.043 11.661 -16.662,
  152.272 11.661 -16.611,
  152.620 11.661 -16.522,
  152.978 11.661 -16.495,
  153.336 11.661 -16.529,
  153.682 11.661 -16.625,
  153.967 11.661 -16.746,
  154.224 11.661 -16.917,
  154.446 11.661 -17.133,
  154.603 11.661 -17.306,
  154.775 11.661 -17.467,
  155.102 11.661 -17.701,
  155.452 11.661 -17.897,
  155.599 11.661 -17.990,
  155.758 11.661 -18.146,
  155.880 11.661 -18.333,
  155.972 11.661 -18.573,
  156.198 11.661 -19.032,
  156.243 11.661 -19.203,
  156.254 11.661 -19.380,
  156.238 11.661 -19.431,
  156.199 11.661 -19.466,
  156.147 11.661 -19.477,
  156.096 11.661 -19.458,
  156.039 11.661 -19.421,
  155.949 11.661 -19.388,
  155.852 11.661 -19.392,
  155.765 11.661 -19.431,
  155.699 11.161 -19.501,
  155.110 11.161 -20.764,
  155.022 11.161 -20.885,
  154.895 11.161 -20.966,
  154.748 11.161 -20.995,
  154.692 11.161 -20.995,
  154.692 11.161 -21.395,
  154.678 11.161 -21.445,
  154.642 11.161 -21.481,
  154.592 11.161 -21.495,
  153.792 11.161 -21.495,
  153.742 11.161 -21.481,
  153.705 11.161 -21.445,
  153.692 11.161 -21.395,
  153.692 11.161 -20.995,
  153.650 11.161 -20.995,
  153.475 11.161 -20.964,
  153.306 11.161 -20.884,
  153.117 11.161 -20.825,
  152.919 11.161 -20.820,
  152.727 11.161 -20.869,
  152.538 11.161 -20.979,
  152.456 11.161 -20.994,
  152.378 11.161 -20.962,
  152.330 11.161 -20.893,
  152.326 11.161 -20.808,
  152.396 11.161 -20.587,
  152.516 11.161 -20.392,
  152.678 11.161 -20.231,
  152.874 11.161 -20.113,
  153.093 11.161 -20.046,
  153.176 11.161 -20.013,
  153.230 11.161 -19.941,
  153.239 11.161 -19.852,
  153.211 11.161 -19.763,
  153.158 11.161 -19.685,
  153.040 11.161 -19.580,
  152.902 11.161 -19.503,
  152.750 11.161 -19.459,
  152.672 11.161 -19.419,
  152.630 11.161 -19.343,
  152.637 11.161 -19.256,
  152.692 11.161 -19.187,
  152.886 11.161 -19.087,
  153.098 11.161 -19.037,
  153.316 11.161 -19.041,
  153.527 11.161 -19.097,
  153.718 11.161 -19.202,
  153.878 11.161 -19.351,
  153.961 11.161 -19.493,
  153.994 11.161 -19.654,
  154.022 11.161 -19.760,
  154.092 11.161 -19.843,
  154.192 11.161 -19.889,
  154.330 11.161 -19.889,
  154.457 11.161 -19.833,
  154.550 11.161 -19.731,
  154.594 11.161 -19.600,
  154.555 11.161 -19.330,
  154.458 11.161 -19.074,
  154.310 11.161 -18.845,
  154.116 11.161 -18.653,
  153.885 11.161 -18.507,
  153.629 11.161 -18.413,
  153.221 11.161 -18.324,
  152.805 11.161 -18.290,
  152.492 11.161 -18.316,
  152.190 11.161 -18.401,
  151.909 11.161 -18.540,
  151.678 11.161 -18.647,
  151.427 11.161 -18.695,
  151.173 11.161 -18.681,
  150.885 11.161 -18.651,
  150.595 11.161 -18.662,
  150.375 11.161 -18.661,
  150.160 11.161 -18.609,
  149.964 11.161 -18.509,
  149.797 11.161 -18.365,
  149.470 11.161 -17.967,
  149.188 11.161 -17.535,
  148.956 11.161 -17.075,
  148.863 11.161 -16.907,
  148.739 11.161 -16.760,
  148.493 11.161 -16.474,
  148.299 11.161 -16.151,
  148.162 11.161 -15.800,
  148.087 11.161 -15.431,
  148.075 11.161 -15.054,
  148.127 11.161 -14.681,
  148.215 11.161 -14.442,
  148.245 11.161 -14.398,
  149.652 11.161 -14.398,
  149.652 11.161 -15.678,
  150.132 11.161 -15.678,
  150.132 11.161 -14.398,
  149.652 11.161 -14.398,
  148.245 11.161 -14.398,
  148.359 11.161 -14.234,
  148.634 11.161 -13.978,
  148.949 11.161 -13.774,
  149.295 11.161 -13.628,
  149.660 11.161 -13.545,
  150.035 11.161 -13.528,
  150.407 11.161 -13.576,
  150.765 11.161 -13.689,
  151.098 11.161 -13.862,
  151.395 11.161 -14.091,
  151.648 11.161 -14.368,
  151.802 11.161 -14.621,
  151.901 11.161 -14.901,
  151.939 11.161 -15.195,
  151.916 11.161 -15.490,
  151.861 11.161 -15.678,
  151.832 11.161 -15.774,
  151.764 11.161 -15.910,
  151.677 11.161 -16.033,
  151.604 11.161 -16.159,
  151.577 11.161 -16.302,
  151.600 11.161 -16.446,
  151.653 11.161 -16.545,
  151.735 11.161 -16.620,
  151.838 11.161 -16.664,
  151.949 11.161 -16.671,
  152.043 11.161 -16.662,
  152.272 11.161 -16.611,
  152.620 11.161 -16.522,
  152.978 11.161 -16.495,
  153.336 11.161 -16.529,
  153.682 11.161 -16.625,
  153.967 11.161 -16.746,
  154.224 11.161 -16.917,
  154.446 11.161 -17.133,
  154.603 11.161 -17.306,
  154.775 11.161 -17.467,
  155.102 11.161 -17.701,
  155.452 11.161 -17.897,
  155.599 11.161 -17.990,
  155.758 11.161 -18.146,
  155.880 11.161 -18.333,
  155.972 11.161 -18.573,
  156.198 11.161 -19.032,
  156.243 11.161 -19.203,
  156.254 11.161 -19.380,
  156.238 11.161 -19.431,
  156.199 11.161 -19.466,
  156.147 11.161 -19.477,
  156.096 11.161 -19.458,
  156.039 11.161 -19.421,
  155.949 11.161 -19.388,
  155.852 11.161 -19.392,
  155.765 11.161 -19.431
 ] }
coordIndex [ 90, 97, 98, -1, 91, 90, 98, -1, 91, 98, 99, -1, 91, 99, 100, -1,
     91, 100, 101, -1, 91, 101, 102, -1, 94, 91, 102, -1, 94, 102, 103, -1, 94, 103, 104, -1,
     94, 104, 105, -1, 94, 105, 106, -1, 93, 94, 106, -1, 93, 106, 107, -1, 93, 107, 108, -1,
     93, 108, 109, -1, 93, 109, 110, -1, 110, 111, 112, -1, 93, 110, 112, -1, 23, 24, 25, -1,
     21, 22, 23, -1, 21, 23, 25, -1, 20, 21, 25, -1, 20, 25, 26, -1, 19, 20, 26, -1,
     26, 27, 28, -1, 26, 28, 29, -1, 26, 29, 30, -1, 26, 30, 31, -1, 38, 39, 40, -1,
     40, 41, 42, -1, 37, 38, 40, -1, 37, 40, 42, -1, 37, 42, 43, -1, 37, 43, 44, -1,
     36, 37, 44, -1, 36, 44, 45, -1, 35, 36, 45, -1, 35, 45, 46, -1, 35, 46, 47, -1,
     34, 35, 47, -1, 34, 47, 48, -1, 34, 48, 49, -1, 33, 34, 49, -1, 32, 33, 49, -1,
     31, 32, 49, -1, 26, 31, 49, -1, 26, 49, 50, -1, 26, 50, 51, -1, 26, 51, 52, -1,
     26, 52, 53, -1, 26, 53, 54, -1, 89, 90, 91, -1, 87, 88, 89, -1, 87, 89, 91, -1,
     87, 91, 92, -1, 86, 87, 92, -1, 85, 86, 92, -1, 84, 85, 92, -1, 83, 84, 92, -1,
     82, 83, 92, -1, 81, 82, 92, -1, 81, 92, 93, -1, 80, 81, 93, -1, 79, 80, 93, -1,
     112, 113, 114, -1, 112, 114, 115, -1, 93, 112, 115, -1, 93, 115, 116, -1, 93, 116, 117, -1,
     79, 93, 117, -1, 78, 79, 117, -1, 78, 117, 118, -1, 77, 78, 118, -1, 75, 76, 77, -1,
     73, 74, 75, -1, 73, 75, 77, -1, 73, 77, 118, -1, 68, 69, 70, -1, 70, 71, 72, -1,
     68, 70, 72, -1, 68, 72, 73, -1, 68, 73, 118, -1, 68, 118, 119, -1, 67, 68, 119, -1,
     67, 119, 120, -1, 67, 120, 121, -1, 67, 121, 122, -1, 67, 122, 123, -1, 66, 67, 123, -1,
     66, 123, 124, -1, 65, 66, 124, -1, 65, 124, 125, -1, 65, 125, 126, -1, 65, 126, 127, -1,
     64, 65, 127, -1, 64, 127, 128, -1, 64, 128, 129, -1, 64, 129, 130, -1, 64, 130, 131, -1,
     63, 64, 131, -1, 63, 131, 132, -1, 62, 63, 132, -1, 62, 132, 133, -1, 61, 62, 133, -1,
     61, 133, 134, -1, 60, 61, 134, -1, 59, 60, 134, -1, 59, 134, 135, -1, 135, 136, 137, -1,
     59, 135, 137, -1, 59, 137, 138, -1, 59, 138, 139, -1, 58, 59, 139, -1, 58, 139, 140, -1,
     57, 58, 140, -1, 57, 140, 141, -1, 56, 57, 141, -1, 55, 56, 141, -1, 54, 55, 141, -1,
     26, 54, 141, -1, 14, 15, 16, -1, 14, 16, 17, -1, 14, 17, 18, -1, 18, 19, 26, -1,
     14, 18, 26, -1, 143, 144, 145, -1, 145, 146, 147, -1, 142, 143, 145, -1, 142, 145, 147, -1,
     141, 142, 147, -1, 141, 147, 148, -1, 141, 148, 149, -1, 141, 149, 150, -1, 26, 141, 150, -1,
     14, 26, 150, -1, 14, 150, 0, -1, 14, 0, 1, -1, 10, 11, 12, -1, 10, 12, 13, -1,
     10, 13, 14, -1, 9, 10, 14, -1, 3, 4, 5, -1, 2, 3, 5, -1, 1, 2, 5, -1,
     14, 1, 5, -1, 14, 5, 6, -1, 9, 14, 6, -1, 9, 6, 7, -1, 9, 7, 8, -1
  1, 0, 151, 152, -1,
  2, 1, 152, 153, -1,
  3, 2, 153, 154, -1,
  4, 3, 154, 155, -1,
  5, 4, 155, 156, -1,
  6, 5, 156, 157, -1,
  7, 6, 157, 158, -1,
  8, 7, 158, 159, -1,
  9, 8, 159, 160, -1,
  10, 9, 160, 161, -1,
  11, 10, 161, 162, -1,
  12, 11, 162, 163, -1,
  13, 12, 163, 164, -1,
  14, 13, 164, 165, -1,
  15, 14, 165, 166, -1,
  16, 15, 166, 167, -1,
  17, 16, 167, 168, -1,
  18, 17, 168, 169, -1,
  19, 18, 169, 170, -1,
  20, 19, 170, 171, -1,
  21, 20, 171, 172, -1,
  22, 21, 172, 173, -1,
  23, 22, 173, 174, -1,
  24, 23, 174, 175, -1,
  25, 24, 175, 176, -1,
  26, 25, 176, 177, -1,
  27, 26, 177, 178, -1,
  28, 27, 178, 179, -1,
  29, 28, 179, 180, -1,
  30, 29, 180, 181, -1,
  31, 30, 181, 182, -1,
  32, 31, 182, 183, -1,
  33, 32, 183, 184, -1,
  34, 33, 184, 185, -1,
  35, 34, 185, 186, -1,
  36, 35, 186, 187, -1,
  37, 36, 187, 188, -1,
  38, 37, 188, 189, -1,
  39, 38, 189, 190, -1,
  40, 39, 190, 191, -1,
  41, 40, 191, 192, -1,
  42, 41, 192, 193, -1,
  43, 42, 193, 194, -1,
  44, 43, 194, 195, -1,
  45, 44, 195, 196, -1,
  46, 45, 196, 197, -1,
  47, 46, 197, 198, -1,
  48, 47, 198, 199, -1,
  49, 48, 199, 200, -1,
  50, 49, 200, 201, -1,
  51, 50, 201, 202, -1,
  52, 51, 202, 203, -1,
  53, 52, 203, 204, -1,
  54, 53, 204, 205, -1,
  55, 54, 205, 206, -1,
  56, 55, 206, 207, -1,
  57, 56, 207, 208, -1,
  58, 57, 208, 209, -1,
  59, 58, 209, 210, -1,
  60, 59, 210, 211, -1,
  61, 60, 211, 212, -1,
  62, 61, 212, 213, -1,
  63, 62, 213, 214, -1,
  64, 63, 214, 215, -1,
  65, 64, 215, 216, -1,
  66, 65, 216, 217, -1,
  67, 66, 217, 218, -1,
  68, 67, 218, 219, -1,
  69, 68, 219, 220, -1,
  70, 69, 220, 221, -1,
  71, 70, 221, 222, -1,
  72, 71, 222, 223, -1,
  73, 72, 223, 224, -1,
  74, 73, 224, 225, -1,
  75, 74, 225, 226, -1,
  76, 75, 226, 227, -1,
  77, 76, 227, 228, -1,
  78, 77, 228, 229, -1,
  79, 78, 229, 230, -1,
  80, 79, 230, 231, -1,
  81, 80, 231, 232, -1,
  82, 81, 232, 233, -1,
  83, 82, 233, 234, -1,
  84, 83, 234, 235, -1,
  85, 84, 235, 236, -1,
  86, 85, 236, 237, -1,
  87, 86, 237, 238, -1,
  88, 87, 238, 239, -1,
  89, 88, 239, 240, -1,
  90, 89, 240, 241, -1,
  91, 90, 241, 242, -1,
  92, 91, 242, 243, -1,
  93, 92, 243, 244, -1,
  94, 93, 244, 245, -1,
  95, 94, 245, 246, -1,
  96, 95, 246, 247, -1,
  97, 96, 247, 248, -1,
  98, 97, 248, 249, -1,
  99, 98, 249, 250, -1,
  100, 99, 250, 251, -1,
  101, 100, 251, 252, -1,
  102, 101, 252, 253, -1,
  103, 102, 253, 254, -1,
  104, 103, 254, 255, -1,
  105, 104, 255, 256, -1,
  106, 105, 256, 257, -1,
  107, 106, 257, 258, -1,
  108, 107, 258, 259, -1,
  109, 108, 259, 260, -1,
  110, 109, 260, 261, -1,
  111, 110, 261, 262, -1,
  112, 111, 262, 263, -1,
  113, 112, 263, 264, -1,
  114, 113, 264, 265, -1,
  115, 114, 265, 266, -1,
  116, 115, 266, 267, -1,
  117, 116, 267, 268, -1,
  118, 117, 268, 269, -1,
  119, 118, 269, 270, -1,
  120, 119, 270, 271, -1,
  121, 120, 271, 272, -1,
  122, 121, 272, 273, -1,
  123, 122, 273, 274, -1,
  124, 123, 274, 275, -1,
  125, 124, 275, 276, -1,
  126, 125, 276, 277, -1,
  127, 126, 277, 278, -1,
  128, 127, 278, 279, -1,
  129, 128, 279, 280, -1,
  130, 129, 280, 281, -1,
  131, 130, 281, 282, -1,
  132, 131, 282, 283, -1,
  133, 132, 283, 284, -1,
  134, 133, 284, 285, -1,
  135, 134, 285, 286, -1,
  136, 135, 286, 287, -1,
  137, 136, 287, 288, -1,
  138, 137, 288, 289, -1,
  139, 138, 289, 290, -1,
  140, 139, 290, 291, -1,
  141, 140, 291, 292, -1,
  142, 141, 292, 293, -1,
  143, 142, 293, 294, -1,
  144, 143, 294, 295, -1,
  145, 144, 295, 296, -1,
  146, 145, 296, 297, -1,
  147, 146, 297, 298, -1,
  148, 147, 298, 299, -1,
  149, 148, 299, 300, -1,
  150, 149, 300, 301, -1,
  0, 150, 301, 151, -1
 ]
convex TRUE
creaseAngle 0.3490
}
}
Shape {
appearance Appearance {
material DEF OUTMAT4 Material {
      diffuseColor 0.800 0.925 0.953
      ambientIntensity 0.295
      specularColor 0.000 0.000 0.000
      shininess 0.000
      transparency 0.000
}
}
geometry IndexedFaceSet {
coord Coordinate { point [
  155.699 11.161 -19.501,
  155.110 11.161 -20.764,
  155.022 11.161 -20.885,
  154.895 11.161 -20.966,
  154.748 11.161 -20.995,
  154.692 11.161 -20.995,
  154.692 11.161 -21.395,
  154.678 11.161 -21.445,
  154.642 11.161 -21.481,
  154.592 11.161 -21.495,
  153.792 11.161 -21.495,
  153.742 11.161 -21.481,
  153.705 11.161 -21.445,
  153.692 11.161 -21.395,
  153.692 11.161 -20.995,
  153.650 11.161 -20.995,
  153.475 11.161 -20.964,
  153.306 11.161 -20.884,
  153.117 11.161 -20.825,
  152.919 11.161 -20.820,
  152.727 11.161 -20.869,
  152.538 11.161 -20.979,
  152.456 11.161 -20.994,
  152.378 11.161 -20.962,
  152.330 11.161 -20.893,
  152.326 11.161 -20.808,
  152.396 11.161 -20.587,
  152.516 11.161 -20.392,
  152.678 11.161 -20.231,
  152.874 11.161 -20.113,
  153.093 11.161 -20.046,
  153.176 11.161 -20.013,
  153.230 11.161 -19.941,
  153.239 11.161 -19.852,
  153.211 11.161 -19.763,
  153.158 11.161 -19.685,
  153.040 11.161 -19.580,
  152.902 11.161 -19.503,
  152.750 11.161 -19.459,
  152.672 11.161 -19.419,
  152.630 11.161 -19.343,
  152.637 11.161 -19.256,
  152.692 11.161 -19.187,
  152.886 11.161 -19.087,
  153.098 11.161 -19.037,
  153.316 11.161 -19.041,
  153.527 11.161 -19.097,
  153.718 11.161 -19.202,
  153.878 11.161 -19.351,
  153.961 11.161 -19.493,
  153.994 11.161 -19.654,
  154.022 11.161 -19.760,
  154.092 11.161 -19.843,
  154.192 11.161 -19.889,
  154.330 11.161 -19.889,
  154.457 11.161 -19.833,
  154.550 11.161 -19.731,
  154.594 11.161 -19.600,
  154.555 11.161 -19.330,
  154.458 11.161 -19.074,
  154.310 11.161 -18.845,
  154.116 11.161 -18.653,
  153.885 11.161 -18.507,
  153.629 11.161 -18.413,
  153.221 11.161 -18.324,
  152.805 11.161 -18.290,
  152.492 11.161 -18.316,
  152.190 11.161 -18.401,
  151.909 11.161 -18.540,
  151.678 11.161 -18.647,
  151.427 11.161 -18.695,
  151.173 11.161 -18.681,
  150.885 11.161 -18.651,
  150.595 11.161 -18.662,
  150.375 11.161 -18.661,
  150.160 11.161 -18.609,
  149.964 11.161 -18.509,
  149.797 11.161 -18.365,
  149.470 11.161 -17.967,
  149.188 11.161 -17.535,
  148.956 11.161 -17.075,
  148.863 11.161 -16.907,
  148.739 11.161 -16.760,
  148.493 11.161 -16.474,
  148.299 11.161 -16.151,
  148.162 11.161 -15.800,
  148.087 11.161 -15.431,
  148.075 11.161 -15.054,
  148.127 11.161 -14.681,
  148.215 11.161 -14.442,
  148.245 11.161 -14.398,
  149.652 11.161 -14.398,
  149.652 11.161 -15.678,
  150.132 11.161 -15.678,
  150.132 11.161 -14.398,
  149.652 11.161 -14.398,
  148.245 11.161 -14.398,
  148.359 11.161 -14.234,
  148.634 11.161 -13.978,
  148.949 11.161 -13.774,
  149.295 11.161 -13.628,
  149.660 11.161 -13.545,
  150.035 11.161 -13.528,
  150.407 11.161 -13.576,
  150.765 11.161 -13.689,
  151.098 11.161 -13.862,
  151.395 11.161 -14.091,
  151.648 11.161 -14.368,
  151.802 11.161 -14.621,
  151.901 11.161 -14.901,
  151.939 11.161 -15.195,
  151.916 11.161 -15.490,
  151.861 11.161 -15.678,
  151.832 11.161 -15.774,
  151.764 11.161 -15.910,
  151.677 11.161 -16.033,
  151.604 11.161 -16.159,
  151.577 11.161 -16.302,
  151.600 11.161 -16.446,
  151.653 11.161 -16.545,
  151.735 11.161 -16.620,
  151.838 11.161 -16.664,
  151.949 11.161 -16.671,
  152.043 11.161 -16.662,
  152.272 11.161 -16.611,
  152.620 11.161 -16.522,
  152.978 11.161 -16.495,
  153.336 11.161 -16.529,
  153.682 11.161 -16.625,
  153.967 11.161 -16.746,
  154.224 11.161 -16.917,
  154.446 11.161 -17.133,
  154.603 11.161 -17.306,
  154.775 11.161 -17.467,
  155.102 11.161 -17.701,
  155.452 11.161 -17.897,
  155.599 11.161 -17.990,
  155.758 11.161 -18.146,
  155.880 11.161 -18.333,
  155.972 11.161 -18.573,
  156.198 11.161 -19.032,
  156.243 11.161 -19.203,
  156.254 11.161 -19.380,
  156.238 11.161 -19.431,
  156.199 11.161 -19.466,
  156.147 11.161 -19.477,
  156.096 11.161 -19.458,
  156.039 11.161 -19.421,
  155.949 11.161 -19.388,
  155.852 11.161 -19.392,
  155.765 11.161 -19.431
 ] }
 coordIndex [ 98, 97, 90, -1, 98, 90, 91, -1, 99, 98, 91, -1, 100, 99, 91, -1,
     101, 100, 91, -1, 102, 101, 91, -1, 102, 91, 94, -1, 103, 102, 94, -1, 104, 103, 94, -1,
     105, 104, 94, -1, 106, 105, 94, -1, 106, 94, 93, -1, 107, 106, 93, -1, 108, 107, 93, -1,
     109, 108, 93, -1, 110, 109, 93, -1, 112, 111, 110, -1, 112, 110, 93, -1, 25, 24, 23, -1,
     23, 22, 21, -1, 25, 23, 21, -1, 25, 21, 20, -1, 26, 25, 20, -1, 26, 20, 19, -1,
     28, 27, 26, -1, 29, 28, 26, -1, 30, 29, 26, -1, 31, 30, 26, -1, 40, 39, 38, -1,
     42, 41, 40, -1, 40, 38, 37, -1, 42, 40, 37, -1, 43, 42, 37, -1, 44, 43, 37, -1,
     44, 37, 36, -1, 45, 44, 36, -1, 45, 36, 35, -1, 46, 45, 35, -1, 47, 46, 35, -1,
     47, 35, 34, -1, 48, 47, 34, -1, 49, 48, 34, -1, 49, 34, 33, -1, 49, 33, 32, -1,
     49, 32, 31, -1, 49, 31, 26, -1, 50, 49, 26, -1, 51, 50, 26, -1, 52, 51, 26, -1,
     53, 52, 26, -1, 54, 53, 26, -1, 91, 90, 89, -1, 89, 88, 87, -1, 91, 89, 87, -1,
     92, 91, 87, -1, 92, 87, 86, -1, 92, 86, 85, -1, 92, 85, 84, -1, 92, 84, 83, -1,
     92, 83, 82, -1, 92, 82, 81, -1, 93, 92, 81, -1, 93, 81, 80, -1, 93, 80, 79, -1,
     114, 113, 112, -1, 115, 114, 112, -1, 115, 112, 93, -1, 116, 115, 93, -1, 117, 116, 93, -1,
     117, 93, 79, -1, 117, 79, 78, -1, 118, 117, 78, -1, 118, 78, 77, -1, 77, 76, 75, -1,
     75, 74, 73, -1, 77, 75, 73, -1, 118, 77, 73, -1, 70, 69, 68, -1, 72, 71, 70, -1,
     72, 70, 68, -1, 73, 72, 68, -1, 118, 73, 68, -1, 119, 118, 68, -1, 119, 68, 67, -1,
     120, 119, 67, -1, 121, 120, 67, -1, 122, 121, 67, -1, 123, 122, 67, -1, 123, 67, 66, -1,
     124, 123, 66, -1, 124, 66, 65, -1, 125, 124, 65, -1, 126, 125, 65, -1, 127, 126, 65, -1,
     127, 65, 64, -1, 128, 127, 64, -1, 129, 128, 64, -1, 130, 129, 64, -1, 131, 130, 64, -1,
     131, 64, 63, -1, 132, 131, 63, -1, 132, 63, 62, -1, 133, 132, 62, -1, 133, 62, 61, -1,
     134, 133, 61, -1, 134, 61, 60, -1, 134, 60, 59, -1, 135, 134, 59, -1, 137, 136, 135, -1,
     137, 135, 59, -1, 138, 137, 59, -1, 139, 138, 59, -1, 139, 59, 58, -1, 140, 139, 58, -1,
     140, 58, 57, -1, 141, 140, 57, -1, 141, 57, 56, -1, 141, 56, 55, -1, 141, 55, 54, -1,
     141, 54, 26, -1, 16, 15, 14, -1, 17, 16, 14, -1, 18, 17, 14, -1, 26, 19, 18, -1,
     26, 18, 14, -1, 145, 144, 143, -1, 147, 146, 145, -1, 145, 143, 142, -1, 147, 145, 142, -1,
     147, 142, 141, -1, 148, 147, 141, -1, 149, 148, 141, -1, 150, 149, 141, -1, 150, 141, 26, -1,
     150, 26, 14, -1, 0, 150, 14, -1, 1, 0, 14, -1, 12, 11, 10, -1, 13, 12, 10, -1,
     14, 13, 10, -1, 14, 10, 9, -1, 5, 4, 3, -1, 5, 3, 2, -1, 5, 2, 1, -1,
     5, 1, 14, -1, 6, 5, 14, -1, 6, 14, 9, -1, 7, 6, 9, -1, 8, 7, 9, -1
 ]
convex TRUE
creaseAngle 0.3490
}
}
]
}
]
}


DEF Design6t1 Transform {
children [
Transform {
children [
Shape {
appearance Appearance {
material DEF INMAT5 Material {
      diffuseColor 0.800 0.800 0.800
      ambientIntensity 0.299
      specularColor 0.000 0.000 0.000
      shininess 0.000
      transparency 0.000
}
}
geometry IndexedFaceSet {
coord Coordinate { point [
  134.882 -0.250 -16.464,
  136.428 -0.243 -16.464,
  136.504 -0.263 -16.464,
  136.559 -0.318 -16.464,
  136.579 -0.394 -16.464,
  136.557 -0.470 -16.464,
  136.404 -0.670 -16.464,
  136.209 -0.830 -16.464,
  135.982 -0.942 -16.464,
  135.736 -1.000 -16.464,
  135.323 -1.000 -16.464,
  135.323 -1.275 -16.464,
  135.304 -1.371 -16.464,
  135.249 -1.452 -16.464,
  135.168 -1.506 -16.464,
  135.073 -1.525 -16.464,
  134.573 -1.525 -16.464,
  134.477 -1.506 -16.464,
  134.396 -1.452 -16.464,
  134.342 -1.371 -16.464,
  134.323 -1.275 -16.464,
  134.323 -1.000 -16.464,
  133.882 -0.941 -16.464,
  133.450 -0.835 -16.464,
  133.032 -0.683 -16.464,
  132.633 -0.488 -16.464,
  132.256 -0.252 -16.464,
  132.256 0.243 -16.464,
  132.633 0.480 -16.464,
  133.032 0.675 -16.464,
  133.450 0.826 -16.464,
  133.882 0.932 -16.464,
  134.323 0.992 -16.464,
  134.323 1.267 -16.464,
  134.342 1.362 -16.464,
  134.396 1.443 -16.464,
  134.477 1.498 -16.464,
  134.573 1.517 -16.464,
  135.073 1.517 -16.464,
  135.168 1.498 -16.464,
  135.249 1.443 -16.464,
  135.304 1.362 -16.464,
  135.323 1.267 -16.464,
  135.323 0.992 -16.464,
  135.736 0.992 -16.464,
  135.982 0.934 -16.464,
  136.209 0.822 -16.464,
  136.404 0.662 -16.464,
  136.557 0.461 -16.464,
  136.578 0.386 -16.464,
  136.559 0.310 -16.464,
  136.504 0.254 -16.464,
  136.428 0.234 -16.464,
  134.882 0.242 -16.464,
  134.882 -0.250 -15.964,
  136.428 -0.243 -15.964,
  136.504 -0.263 -15.964,
  136.559 -0.318 -15.964,
  136.579 -0.394 -15.964,
  136.557 -0.470 -15.964,
  136.404 -0.670 -15.964,
  136.209 -0.830 -15.964,
  135.982 -0.942 -15.964,
  135.736 -1.000 -15.964,
  135.323 -1.000 -15.964,
  135.323 -1.275 -15.964,
  135.304 -1.371 -15.964,
  135.249 -1.452 -15.964,
  135.168 -1.506 -15.964,
  135.073 -1.525 -15.964,
  134.573 -1.525 -15.964,
  134.477 -1.506 -15.964,
  134.396 -1.452 -15.964,
  134.342 -1.371 -15.964,
  134.323 -1.275 -15.964,
  134.323 -1.000 -15.964,
  133.882 -0.941 -15.964,
  133.450 -0.835 -15.964,
  133.032 -0.683 -15.964,
  132.633 -0.488 -15.964,
  132.256 -0.252 -15.964,
  132.256 0.243 -15.964,
  132.633 0.480 -15.964,
  133.032 0.675 -15.964,
  133.450 0.826 -15.964,
  133.882 0.932 -15.964,
  134.323 0.992 -15.964,
  134.323 1.267 -15.964,
  134.342 1.362 -15.964,
  134.396 1.443 -15.964,
  134.477 1.498 -15.964,
  134.573 1.517 -15.964,
  135.073 1.517 -15.964,
  135.168 1.498 -15.964,
  135.249 1.443 -15.964,
  135.304 1.362 -15.964,
  135.323 1.267 -15.964,
  135.323 0.992 -15.964,
  135.736 0.992 -15.964,
  135.982 0.934 -15.964,
  136.209 0.822 -15.964,
  136.404 0.662 -15.964,
  136.557 0.461 -15.964,
  136.578 0.386 -15.964,
  136.559 0.310 -15.964,
  136.504 0.254 -15.964,
  136.428 0.234 -15.964,
  134.882 0.242 -15.964
 ] }
coordIndex [ 25, 26, 27, -1, 25, 27, 28, -1, 28, 29, 30, -1, 25, 28, 30, -1,
     24, 25, 30, -1, 24, 30, 31, -1, 23, 24, 31, -1, 50, 51, 52, -1, 49, 50, 52, -1,
     48, 49, 52, -1, 47, 48, 52, -1, 45, 46, 47, -1, 44, 45, 47, -1, 44, 47, 52, -1,
     44, 52, 53, -1, 43, 44, 53, -1, 39, 40, 41, -1, 39, 41, 42, -1, 38, 39, 42, -1,
     37, 38, 42, -1, 34, 35, 36, -1, 33, 34, 36, -1, 33, 36, 37, -1, 32, 33, 37, -1,
     32, 37, 42, -1, 32, 42, 43, -1, 32, 43, 53, -1, 31, 32, 53, -1, 1, 2, 3, -1,
     1, 3, 4, -1, 1, 4, 5, -1, 1, 5, 6, -1, 6, 7, 8, -1, 6, 8, 9, -1,
     1, 6, 9, -1, 0, 1, 9, -1, 0, 9, 10, -1, 23, 31, 53, -1, 23, 53, 0, -1,
     21, 22, 23, -1, 21, 23, 0, -1, 21, 0, 10, -1, 17, 18, 19, -1, 17, 19, 20, -1,
     16, 17, 20, -1, 15, 16, 20, -1, 20, 21, 10, -1, 15, 20, 10, -1, 12, 13, 14, -1,
     11, 12, 14, -1, 15, 10, 11, -1, 15, 11, 14, -1
  1, 0, 54, 55, -1,
  2, 1, 55, 56, -1,
  3, 2, 56, 57, -1,
  4, 3, 57, 58, -1,
  5, 4, 58, 59, -1,
  6, 5, 59, 60, -1,
  7, 6, 60, 61, -1,
  8, 7, 61, 62, -1,
  9, 8, 62, 63, -1,
  10, 9, 63, 64, -1,
  11, 10, 64, 65, -1,
  12, 11, 65, 66, -1,
  13, 12, 66, 67, -1,
  14, 13, 67, 68, -1,
  15, 14, 68, 69, -1,
  16, 15, 69, 70, -1,
  17, 16, 70, 71, -1,
  18, 17, 71, 72, -1,
  19, 18, 72, 73, -1,
  20, 19, 73, 74, -1,
  21, 20, 74, 75, -1,
  22, 21, 75, 76, -1,
  23, 22, 76, 77, -1,
  24, 23, 77, 78, -1,
  25, 24, 78, 79, -1,
  26, 25, 79, 80, -1,
  27, 26, 80, 81, -1,
  28, 27, 81, 82, -1,
  29, 28, 82, 83, -1,
  30, 29, 83, 84, -1,
  31, 30, 84, 85, -1,
  32, 31, 85, 86, -1,
  33, 32, 86, 87, -1,
  34, 33, 87, 88, -1,
  35, 34, 88, 89, -1,
  36, 35, 89, 90, -1,
  37, 36, 90, 91, -1,
  38, 37, 91, 92, -1,
  39, 38, 92, 93, -1,
  40, 39, 93, 94, -1,
  41, 40, 94, 95, -1,
  42, 41, 95, 96, -1,
  43, 42, 96, 97, -1,
  44, 43, 97, 98, -1,
  45, 44, 98, 99, -1,
  46, 45, 99, 100, -1,
  47, 46, 100, 101, -1,
  48, 47, 101, 102, -1,
  49, 48, 102, 103, -1,
  50, 49, 103, 104, -1,
  51, 50, 104, 105, -1,
  52, 51, 105, 106, -1,
  53, 52, 106, 107, -1,
  0, 53, 107, 54, -1
 ]
convex TRUE
creaseAngle 0.3490
}
}
Shape {
appearance Appearance {
material DEF OUTMAT5 Material {
      diffuseColor 0.800 0.925 0.953
      ambientIntensity 0.295
      specularColor 0.000 0.000 0.000
      shininess 0.000
      transparency 0.000
}
}
geometry IndexedFaceSet {
coord Coordinate { point [
  134.882 -0.250 -15.964,
  136.428 -0.243 -15.964,
  136.504 -0.263 -15.964,
  136.559 -0.318 -15.964,
  136.579 -0.394 -15.964,
  136.557 -0.470 -15.964,
  136.404 -0.670 -15.964,
  136.209 -0.830 -15.964,
  135.982 -0.942 -15.964,
  135.736 -1.000 -15.964,
  135.323 -1.000 -15.964,
  135.323 -1.275 -15.964,
  135.304 -1.371 -15.964,
  135.249 -1.452 -15.964,
  135.168 -1.506 -15.964,
  135.073 -1.525 -15.964,
  134.573 -1.525 -15.964,
  134.477 -1.506 -15.964,
  134.396 -1.452 -15.964,
  134.342 -1.371 -15.964,
  134.323 -1.275 -15.964,
  134.323 -1.000 -15.964,
  133.882 -0.941 -15.964,
  133.450 -0.835 -15.964,
  133.032 -0.683 -15.964,
  132.633 -0.488 -15.964,
  132.256 -0.252 -15.964,
  132.256 0.243 -15.964,
  132.633 0.480 -15.964,
  133.032 0.675 -15.964,
  133.450 0.826 -15.964,
  133.882 0.932 -15.964,
  134.323 0.992 -15.964,
  134.323 1.267 -15.964,
  134.342 1.362 -15.964,
  134.396 1.443 -15.964,
  134.477 1.498 -15.964,
  134.573 1.517 -15.964,
  135.073 1.517 -15.964,
  135.168 1.498 -15.964,
  135.249 1.443 -15.964,
  135.304 1.362 -15.964,
  135.323 1.267 -15.964,
  135.323 0.992 -15.964,
  135.736 0.992 -15.964,
  135.982 0.934 -15.964,
  136.209 0.822 -15.964,
  136.404 0.662 -15.964,
  136.557 0.461 -15.964,
  136.578 0.386 -15.964,
  136.559 0.310 -15.964,
  136.504 0.254 -15.964,
  136.428 0.234 -15.964,
  134.882 0.242 -15.964
 ] }
 coordIndex [ 27, 26, 25, -1, 28, 27, 25, -1, 30, 29, 28, -1, 30, 28, 25, -1,
     30, 25, 24, -1, 31, 30, 24, -1, 31, 24, 23, -1, 52, 51, 50, -1, 52, 50, 49, -1,
     52, 49, 48, -1, 52, 48, 47, -1, 47, 46, 45, -1, 47, 45, 44, -1, 52, 47, 44, -1,
     53, 52, 44, -1, 53, 44, 43, -1, 41, 40, 39, -1, 42, 41, 39, -1, 42, 39, 38, -1,
     42, 38, 37, -1, 36, 35, 34, -1, 36, 34, 33, -1, 37, 36, 33, -1, 37, 33, 32, -1,
     42, 37, 32, -1, 43, 42, 32, -1, 53, 43, 32, -1, 53, 32, 31, -1, 3, 2, 1, -1,
     4, 3, 1, -1, 5, 4, 1, -1, 6, 5, 1, -1, 8, 7, 6, -1, 9, 8, 6, -1,
     9, 6, 1, -1, 9, 1, 0, -1, 10, 9, 0, -1, 53, 31, 23, -1, 0, 53, 23, -1,
     23, 22, 21, -1, 0, 23, 21, -1, 10, 0, 21, -1, 19, 18, 17, -1, 20, 19, 17, -1,
     20, 17, 16, -1, 20, 16, 15, -1, 10, 21, 20, -1, 10, 20, 15, -1, 14, 13, 12, -1,
     14, 12, 11, -1, 11, 10, 15, -1, 14, 11, 15, -1
 ]
convex TRUE
creaseAngle 0.3490
}
}
]
}
]
}


DEF Design4t1 Transform {
children [
Transform {
children [
Shape {
appearance Appearance {
material DEF INMAT6 Material {
      diffuseColor 0.800 0.800 0.800
      ambientIntensity 0.299
      specularColor 0.000 0.000 0.000
      shininess 0.000
      transparency 0.000
}
}
geometry IndexedFaceSet {
coord Coordinate { point [
  144.339 -11.000 -16.438,
  145.319 -11.000 -16.438,
  145.319 -11.000 -15.958,
  144.339 -11.000 -15.958,
  144.339 -11.000 -16.438,
  143.860 -11.000 -16.438,
  143.804 -11.000 -16.278,
  143.788 -11.000 -16.068,
  143.828 -11.000 -15.861,
  143.921 -11.000 -15.672,
  144.060 -11.000 -15.513,
  144.236 -11.000 -15.397,
  144.436 -11.000 -15.331,
  144.740 -11.000 -15.248,
  144.938 -11.000 -15.206,
  145.140 -11.000 -15.220,
  145.330 -11.000 -15.287,
  145.496 -11.000 -15.403,
  145.595 -11.000 -15.485,
  145.709 -11.000 -15.598,
  145.783 -11.000 -15.742,
  145.883 -11.000 -16.291,
  145.935 -11.000 -16.438,
  145.984 -11.000 -16.578,
  146.127 -11.000 -16.847,
  146.209 -11.000 -17.035,
  146.230 -11.000 -17.239,
  146.187 -11.000 -17.439,
  146.086 -11.000 -17.618,
  145.936 -11.000 -17.757,
  145.527 -11.000 -18.002,
  145.094 -11.000 -18.202,
  144.643 -11.000 -18.355,
  144.519 -11.000 -18.420,
  144.433 -11.000 -18.530,
  144.400 -11.000 -18.666,
  144.425 -11.000 -18.803,
  144.517 -11.000 -19.070,
  144.564 -11.000 -19.147,
  144.643 -11.000 -19.188,
  144.733 -11.000 -19.183,
  144.807 -11.000 -19.132,
  144.881 -11.000 -19.014,
  144.932 -11.000 -18.953,
  145.008 -11.000 -18.927,
  145.086 -11.000 -18.943,
  145.145 -11.000 -18.997,
  145.167 -11.000 -19.073,
  145.153 -11.000 -19.209,
  145.104 -11.000 -19.337,
  145.087 -11.000 -19.415,
  145.112 -11.000 -19.490,
  145.172 -11.000 -19.543,
  145.250 -11.000 -19.557,
  145.325 -11.000 -19.529,
  145.425 -11.000 -19.426,
  145.482 -11.000 -19.376,
  145.556 -11.000 -19.361,
  145.628 -11.000 -19.383,
  145.680 -11.000 -19.438,
  145.699 -11.000 -19.511,
  145.667 -11.000 -19.702,
  145.575 -11.000 -19.873,
  145.435 -11.000 -20.005,
  145.259 -11.000 -20.086,
  145.067 -11.000 -20.107,
  144.807 -11.000 -20.111,
  144.550 -11.000 -20.148,
  144.358 -11.000 -20.160,
  144.170 -11.000 -20.116,
  144.003 -11.000 -20.021,
  143.869 -11.000 -19.883,
  143.781 -11.000 -19.712,
  143.746 -11.000 -19.522,
  143.693 -11.000 -19.013,
  143.576 -11.000 -18.515,
  143.564 -11.000 -18.389,
  143.598 -11.000 -18.268,
  143.676 -11.000 -18.168,
  143.785 -11.000 -18.104,
  144.087 -11.000 -17.956,
  144.371 -11.000 -17.775,
  144.452 -11.000 -17.713,
  144.529 -11.000 -17.665,
  144.613 -11.000 -17.631,
  144.701 -11.000 -17.580,
  144.755 -11.000 -17.495,
  144.763 -11.000 -17.394,
  144.724 -11.000 -17.301,
  144.646 -11.000 -17.236,
  144.547 -11.000 -17.215,
  144.418 -11.000 -17.202,
  144.297 -11.000 -17.156,
  144.169 -11.000 -17.065,
  144.069 -11.000 -16.944,
  144.005 -11.000 -16.801,
  143.860 -11.000 -16.438,
  144.339 -11.500 -16.438,
  145.319 -11.500 -16.438,
  145.319 -11.500 -15.958,
  144.339 -11.500 -15.958,
  144.339 -11.500 -16.438,
  143.860 -11.500 -16.438,
  143.804 -11.500 -16.278,
  143.788 -11.500 -16.068,
  143.828 -11.500 -15.861,
  143.921 -11.500 -15.672,
  144.060 -11.500 -15.513,
  144.236 -11.500 -15.397,
  144.436 -11.500 -15.331,
  144.740 -11.500 -15.248,
  144.938 -11.500 -15.206,
  145.140 -11.500 -15.220,
  145.330 -11.500 -15.287,
  145.496 -11.500 -15.403,
  145.595 -11.500 -15.485,
  145.709 -11.500 -15.598,
  145.783 -11.500 -15.742,
  145.883 -11.500 -16.291,
  145.935 -11.500 -16.438,
  145.984 -11.500 -16.578,
  146.127 -11.500 -16.847,
  146.209 -11.500 -17.035,
  146.230 -11.500 -17.239,
  146.187 -11.500 -17.439,
  146.086 -11.500 -17.618,
  145.936 -11.500 -17.757,
  145.527 -11.500 -18.002,
  145.094 -11.500 -18.202,
  144.643 -11.500 -18.355,
  144.519 -11.500 -18.420,
  144.433 -11.500 -18.530,
  144.400 -11.500 -18.666,
  144.425 -11.500 -18.803,
  144.517 -11.500 -19.070,
  144.564 -11.500 -19.147,
  144.643 -11.500 -19.188,
  144.733 -11.500 -19.183,
  144.807 -11.500 -19.132,
  144.881 -11.500 -19.014,
  144.932 -11.500 -18.953,
  145.008 -11.500 -18.927,
  145.086 -11.500 -18.943,
  145.145 -11.500 -18.997,
  145.167 -11.500 -19.073,
  145.153 -11.500 -19.209,
  145.104 -11.500 -19.337,
  145.087 -11.500 -19.415,
  145.112 -11.500 -19.490,
  145.172 -11.500 -19.543,
  145.250 -11.500 -19.557,
  145.325 -11.500 -19.529,
  145.425 -11.500 -19.426,
  145.482 -11.500 -19.376,
  145.556 -11.500 -19.361,
  145.628 -11.500 -19.383,
  145.680 -11.500 -19.438,
  145.699 -11.500 -19.511,
  145.667 -11.500 -19.702,
  145.575 -11.500 -19.873,
  145.435 -11.500 -20.005,
  145.259 -11.500 -20.086,
  145.067 -11.500 -20.107,
  144.807 -11.500 -20.111,
  144.550 -11.500 -20.148,
  144.358 -11.500 -20.160,
  144.170 -11.500 -20.116,
  144.003 -11.500 -20.021,
  143.869 -11.500 -19.883,
  143.781 -11.500 -19.712,
  143.746 -11.500 -19.522,
  143.693 -11.500 -19.013,
  143.576 -11.500 -18.515,
  143.564 -11.500 -18.389,
  143.598 -11.500 -18.268,
  143.676 -11.500 -18.168,
  143.785 -11.500 -18.104,
  144.087 -11.500 -17.956,
  144.371 -11.500 -17.775,
  144.452 -11.500 -17.713,
  144.529 -11.500 -17.665,
  144.613 -11.500 -17.631,
  144.701 -11.500 -17.580,
  144.755 -11.500 -17.495,
  144.763 -11.500 -17.394,
  144.724 -11.500 -17.301,
  144.646 -11.500 -17.236,
  144.547 -11.500 -17.215,
  144.418 -11.500 -17.202,
  144.297 -11.500 -17.156,
  144.169 -11.500 -17.065,
  144.069 -11.500 -16.944,
  144.005 -11.500 -16.801,
  143.860 -11.500 -16.438
 ] }
coordIndex [ 5, 6, 7, -1, 5, 7, 8, -1, 9, 10, 11, -1, 8, 9, 11, -1,
     8, 11, 12, -1, 5, 8, 12, -1, 3, 0, 5, -1, 3, 5, 12, -1, 3, 12, 13, -1,
     2, 3, 13, -1, 14, 15, 16, -1, 13, 14, 16, -1, 2, 13, 16, -1, 2, 16, 17, -1,
     2, 17, 18, -1, 2, 18, 19, -1, 2, 19, 20, -1, 2, 20, 21, -1, 1, 2, 21, -1,
     1, 21, 22, -1, 95, 5, 0, -1, 94, 95, 0, -1, 91, 92, 93, -1, 91, 93, 94, -1,
     90, 91, 94, -1, 90, 94, 0, -1, 89, 90, 0, -1, 89, 0, 1, -1, 88, 89, 1, -1,
     1, 22, 23, -1, 23, 24, 25, -1, 1, 23, 25, -1, 87, 88, 1, -1, 87, 1, 25, -1,
     28, 29, 30, -1, 26, 27, 28, -1, 25, 26, 28, -1, 25, 28, 30, -1, 87, 25, 30, -1,
     87, 30, 31, -1, 86, 87, 31, -1, 85, 86, 31, -1, 84, 85, 31, -1, 84, 31, 32, -1,
     82, 83, 84, -1, 82, 84, 32, -1, 81, 82, 32, -1, 81, 32, 33, -1, 80, 81, 33, -1,
     80, 33, 34, -1, 78, 79, 80, -1, 78, 80, 34, -1, 76, 77, 78, -1, 76, 78, 34, -1,
     76, 34, 35, -1, 75, 76, 35, -1, 74, 75, 35, -1, 74, 35, 36, -1, 74, 36, 37, -1,
     74, 37, 38, -1, 73, 74, 38, -1, 72, 73, 38, -1, 71, 72, 38, -1, 71, 38, 39, -1,
     70, 71, 39, -1, 69, 70, 39, -1, 44, 45, 46, -1, 42, 43, 44, -1, 42, 44, 46, -1,
     42, 46, 47, -1, 42, 47, 48, -1, 41, 42, 48, -1, 41, 48, 49, -1, 40, 41, 49, -1,
     40, 49, 50, -1, 39, 40, 50, -1, 39, 50, 51, -1, 69, 39, 51, -1, 57, 58, 59, -1,
     55, 56, 57, -1, 57, 59, 60, -1, 55, 57, 60, -1, 55, 60, 61, -1, 54, 55, 61, -1,
     54, 61, 62, -1, 53, 54, 62, -1, 53, 62, 63, -1, 53, 63, 64, -1, 53, 64, 65, -1,
     52, 53, 65, -1, 51, 52, 65, -1, 51, 65, 66, -1, 69, 51, 66, -1, 68, 69, 66, -1,
     68, 66, 67, -1
  1, 0, 97, 98, -1,
  2, 1, 98, 99, -1,
  3, 2, 99, 100, -1,
  4, 3, 100, 101, -1,
  5, 4, 101, 102, -1,
  6, 5, 102, 103, -1,
  7, 6, 103, 104, -1,
  8, 7, 104, 105, -1,
  9, 8, 105, 106, -1,
  10, 9, 106, 107, -1,
  11, 10, 107, 108, -1,
  12, 11, 108, 109, -1,
  13, 12, 109, 110, -1,
  14, 13, 110, 111, -1,
  15, 14, 111, 112, -1,
  16, 15, 112, 113, -1,
  17, 16, 113, 114, -1,
  18, 17, 114, 115, -1,
  19, 18, 115, 116, -1,
  20, 19, 116, 117, -1,
  21, 20, 117, 118, -1,
  22, 21, 118, 119, -1,
  23, 22, 119, 120, -1,
  24, 23, 120, 121, -1,
  25, 24, 121, 122, -1,
  26, 25, 122, 123, -1,
  27, 26, 123, 124, -1,
  28, 27, 124, 125, -1,
  29, 28, 125, 126, -1,
  30, 29, 126, 127, -1,
  31, 30, 127, 128, -1,
  32, 31, 128, 129, -1,
  33, 32, 129, 130, -1,
  34, 33, 130, 131, -1,
  35, 34, 131, 132, -1,
  36, 35, 132, 133, -1,
  37, 36, 133, 134, -1,
  38, 37, 134, 135, -1,
  39, 38, 135, 136, -1,
  40, 39, 136, 137, -1,
  41, 40, 137, 138, -1,
  42, 41, 138, 139, -1,
  43, 42, 139, 140, -1,
  44, 43, 140, 141, -1,
  45, 44, 141, 142, -1,
  46, 45, 142, 143, -1,
  47, 46, 143, 144, -1,
  48, 47, 144, 145, -1,
  49, 48, 145, 146, -1,
  50, 49, 146, 147, -1,
  51, 50, 147, 148, -1,
  52, 51, 148, 149, -1,
  53, 52, 149, 150, -1,
  54, 53, 150, 151, -1,
  55, 54, 151, 152, -1,
  56, 55, 152, 153, -1,
  57, 56, 153, 154, -1,
  58, 57, 154, 155, -1,
  59, 58, 155, 156, -1,
  60, 59, 156, 157, -1,
  61, 60, 157, 158, -1,
  62, 61, 158, 159, -1,
  63, 62, 159, 160, -1,
  64, 63, 160, 161, -1,
  65, 64, 161, 162, -1,
  66, 65, 162, 163, -1,
  67, 66, 163, 164, -1,
  68, 67, 164, 165, -1,
  69, 68, 165, 166, -1,
  70, 69, 166, 167, -1,
  71, 70, 167, 168, -1,
  72, 71, 168, 169, -1,
  73, 72, 169, 170, -1,
  74, 73, 170, 171, -1,
  75, 74, 171, 172, -1,
  76, 75, 172, 173, -1,
  77, 76, 173, 174, -1,
  78, 77, 174, 175, -1,
  79, 78, 175, 176, -1,
  80, 79, 176, 177, -1,
  81, 80, 177, 178, -1,
  82, 81, 178, 179, -1,
  83, 82, 179, 180, -1,
  84, 83, 180, 181, -1,
  85, 84, 181, 182, -1,
  86, 85, 182, 183, -1,
  87, 86, 183, 184, -1,
  88, 87, 184, 185, -1,
  89, 88, 185, 186, -1,
  90, 89, 186, 187, -1,
  91, 90, 187, 188, -1,
  92, 91, 188, 189, -1,
  93, 92, 189, 190, -1,
  94, 93, 190, 191, -1,
  95, 94, 191, 192, -1,
  96, 95, 192, 193, -1,
  0, 96, 193, 97, -1
 ]
convex TRUE
creaseAngle 0.3490
}
}
Shape {
appearance Appearance {
material DEF OUTMAT6 Material {
      diffuseColor 0.800 0.925 0.953
      ambientIntensity 0.295
      specularColor 0.000 0.000 0.000
      shininess 0.000
      transparency 0.000
}
}
geometry IndexedFaceSet {
coord Coordinate { point [
  144.339 -11.500 -16.438,
  145.319 -11.500 -16.438,
  145.319 -11.500 -15.958,
  144.339 -11.500 -15.958,
  144.339 -11.500 -16.438,
  143.860 -11.500 -16.438,
  143.804 -11.500 -16.278,
  143.788 -11.500 -16.068,
  143.828 -11.500 -15.861,
  143.921 -11.500 -15.672,
  144.060 -11.500 -15.513,
  144.236 -11.500 -15.397,
  144.436 -11.500 -15.331,
  144.740 -11.500 -15.248,
  144.938 -11.500 -15.206,
  145.140 -11.500 -15.220,
  145.330 -11.500 -15.287,
  145.496 -11.500 -15.403,
  145.595 -11.500 -15.485,
  145.709 -11.500 -15.598,
  145.783 -11.500 -15.742,
  145.883 -11.500 -16.291,
  145.935 -11.500 -16.438,
  145.984 -11.500 -16.578,
  146.127 -11.500 -16.847,
  146.209 -11.500 -17.035,
  146.230 -11.500 -17.239,
  146.187 -11.500 -17.439,
  146.086 -11.500 -17.618,
  145.936 -11.500 -17.757,
  145.527 -11.500 -18.002,
  145.094 -11.500 -18.202,
  144.643 -11.500 -18.355,
  144.519 -11.500 -18.420,
  144.433 -11.500 -18.530,
  144.400 -11.500 -18.666,
  144.425 -11.500 -18.803,
  144.517 -11.500 -19.070,
  144.564 -11.500 -19.147,
  144.643 -11.500 -19.188,
  144.733 -11.500 -19.183,
  144.807 -11.500 -19.132,
  144.881 -11.500 -19.014,
  144.932 -11.500 -18.953,
  145.008 -11.500 -18.927,
  145.086 -11.500 -18.943,
  145.145 -11.500 -18.997,
  145.167 -11.500 -19.073,
  145.153 -11.500 -19.209,
  145.104 -11.500 -19.337,
  145.087 -11.500 -19.415,
  145.112 -11.500 -19.490,
  145.172 -11.500 -19.543,
  145.250 -11.500 -19.557,
  145.325 -11.500 -19.529,
  145.425 -11.500 -19.426,
  145.482 -11.500 -19.376,
  145.556 -11.500 -19.361,
  145.628 -11.500 -19.383,
  145.680 -11.500 -19.438,
  145.699 -11.500 -19.511,
  145.667 -11.500 -19.702,
  145.575 -11.500 -19.873,
  145.435 -11.500 -20.005,
  145.259 -11.500 -20.086,
  145.067 -11.500 -20.107,
  144.807 -11.500 -20.111,
  144.550 -11.500 -20.148,
  144.358 -11.500 -20.160,
  144.170 -11.500 -20.116,
  144.003 -11.500 -20.021,
  143.869 -11.500 -19.883,
  143.781 -11.500 -19.712,
  143.746 -11.500 -19.522,
  143.693 -11.500 -19.013,
  143.576 -11.500 -18.515,
  143.564 -11.500 -18.389,
  143.598 -11.500 -18.268,
  143.676 -11.500 -18.168,
  143.785 -11.500 -18.104,
  144.087 -11.500 -17.956,
  144.371 -11.500 -17.775,
  144.452 -11.500 -17.713,
  144.529 -11.500 -17.665,
  144.613 -11.500 -17.631,
  144.701 -11.500 -17.580,
  144.755 -11.500 -17.495,
  144.763 -11.500 -17.394,
  144.724 -11.500 -17.301,
  144.646 -11.500 -17.236,
  144.547 -11.500 -17.215,
  144.418 -11.500 -17.202,
  144.297 -11.500 -17.156,
  144.169 -11.500 -17.065,
  144.069 -11.500 -16.944,
  144.005 -11.500 -16.801,
  143.860 -11.500 -16.438
 ] }
 coordIndex [ 7, 6, 5, -1, 8, 7, 5, -1, 11, 10, 9, -1, 11, 9, 8, -1,
     12, 11, 8, -1, 12, 8, 5, -1, 5, 0, 3, -1, 12, 5, 3, -1, 13, 12, 3, -1,
     13, 3, 2, -1, 16, 15, 14, -1, 16, 14, 13, -1, 16, 13, 2, -1, 17, 16, 2, -1,
     18, 17, 2, -1, 19, 18, 2, -1, 20, 19, 2, -1, 21, 20, 2, -1, 21, 2, 1, -1,
     22, 21, 1, -1, 0, 5, 95, -1, 0, 95, 94, -1, 93, 92, 91, -1, 94, 93, 91, -1,
     94, 91, 90, -1, 0, 94, 90, -1, 0, 90, 89, -1, 1, 0, 89, -1, 1, 89, 88, -1,
     23, 22, 1, -1, 25, 24, 23, -1, 25, 23, 1, -1, 1, 88, 87, -1, 25, 1, 87, -1,
     30, 29, 28, -1, 28, 27, 26, -1, 28, 26, 25, -1, 30, 28, 25, -1, 30, 25, 87, -1,
     31, 30, 87, -1, 31, 87, 86, -1, 31, 86, 85, -1, 31, 85, 84, -1, 32, 31, 84, -1,
     84, 83, 82, -1, 32, 84, 82, -1, 32, 82, 81, -1, 33, 32, 81, -1, 33, 81, 80, -1,
     34, 33, 80, -1, 80, 79, 78, -1, 34, 80, 78, -1, 78, 77, 76, -1, 34, 78, 76, -1,
     35, 34, 76, -1, 35, 76, 75, -1, 35, 75, 74, -1, 36, 35, 74, -1, 37, 36, 74, -1,
     38, 37, 74, -1, 38, 74, 73, -1, 38, 73, 72, -1, 38, 72, 71, -1, 39, 38, 71, -1,
     39, 71, 70, -1, 39, 70, 69, -1, 46, 45, 44, -1, 44, 43, 42, -1, 46, 44, 42, -1,
     47, 46, 42, -1, 48, 47, 42, -1, 48, 42, 41, -1, 49, 48, 41, -1, 49, 41, 40, -1,
     50, 49, 40, -1, 50, 40, 39, -1, 51, 50, 39, -1, 51, 39, 69, -1, 59, 58, 57, -1,
     57, 56, 55, -1, 60, 59, 57, -1, 60, 57, 55, -1, 61, 60, 55, -1, 61, 55, 54, -1,
     62, 61, 54, -1, 62, 54, 53, -1, 63, 62, 53, -1, 64, 63, 53, -1, 65, 64, 53, -1,
     65, 53, 52, -1, 65, 52, 51, -1, 66, 65, 51, -1, 66, 51, 69, -1, 66, 69, 68, -1,
     67, 66, 68, -1
 ]
convex TRUE
creaseAngle 0.3490
}
}
]
}
]
}


DEF Design5t1 Transform {
children [
Transform {
children [
Shape {
appearance Appearance {
material DEF INMAT7 Material {
      diffuseColor 0.800 0.800 0.800
      ambientIntensity 0.299
      specularColor 0.000 0.000 0.000
      shininess 0.000
      transparency 0.000
}
}
geometry IndexedFaceSet {
coord Coordinate { point [
  143.849 11.488 -16.444,
  143.795 11.488 -16.237,
  143.793 11.488 -16.017,
  143.845 11.488 -15.803,
  143.946 11.488 -15.608,
  143.985 11.488 -15.546,
  144.125 11.488 -15.372,
  144.308 11.488 -15.245,
  144.521 11.488 -15.176,
  144.744 11.488 -15.170,
  144.959 11.488 -15.229,
  145.138 11.488 -15.296,
  145.330 11.488 -15.386,
  145.494 11.488 -15.520,
  145.622 11.488 -15.689,
  145.704 11.488 -15.884,
  145.736 11.488 -16.094,
  145.743 11.488 -16.181,
  145.748 11.488 -16.397,
  145.713 11.488 -16.610,
  145.515 11.488 -17.141,
  145.451 11.488 -17.486,
  145.411 11.488 -17.658,
  145.328 11.488 -17.813,
  145.207 11.488 -17.941,
  145.056 11.488 -18.033,
  144.886 11.488 -18.082,
  144.710 11.488 -18.085,
  144.544 11.488 -18.079,
  144.199 11.488 -18.085,
  143.855 11.488 -18.068,
  143.697 11.488 -18.042,
  143.545 11.488 -17.992,
  143.225 11.488 -17.834,
  142.924 11.488 -17.642,
  142.645 11.488 -17.418,
  142.561 11.488 -17.365,
  142.463 11.488 -17.342,
  142.363 11.488 -17.353,
  142.272 11.488 -17.396,
  142.077 11.488 -17.520,
  142.017 11.488 -17.584,
  142.003 11.488 -17.670,
  142.039 11.488 -17.749,
  142.143 11.488 -17.840,
  142.267 11.488 -17.901,
  142.404 11.488 -17.926,
  142.472 11.488 -17.946,
  142.523 11.488 -17.996,
  142.546 11.488 -18.064,
  142.534 11.488 -18.135,
  142.491 11.488 -18.192,
  142.325 11.488 -18.288,
  142.136 11.488 -18.326,
  141.946 11.488 -18.303,
  141.667 11.488 -18.173,
  141.552 11.488 -18.164,
  141.440 11.488 -18.194,
  141.346 11.488 -18.260,
  141.280 11.488 -18.355,
  141.233 11.488 -18.521,
  141.242 11.488 -18.693,
  141.239 11.488 -18.767,
  141.201 11.488 -18.831,
  141.137 11.488 -18.869,
  141.063 11.488 -18.872,
  140.997 11.488 -18.839,
  140.886 11.488 -18.711,
  140.814 11.488 -18.558,
  140.788 11.488 -18.391,
  140.810 11.488 -18.223,
  140.876 11.488 -17.856,
  140.873 11.488 -17.483,
  140.879 11.488 -17.306,
  140.931 11.488 -17.136,
  141.026 11.488 -16.986,
  141.158 11.488 -16.866,
  141.317 11.488 -16.786,
  141.491 11.488 -16.750,
  141.999 11.488 -16.684,
  142.494 11.488 -16.554,
  142.588 11.488 -16.538,
  142.683 11.488 -16.548,
  142.771 11.488 -16.586,
  142.963 11.488 -16.688,
  143.165 11.488 -16.768,
  143.627 11.488 -16.900,
  144.067 11.488 -17.061,
  144.114 11.488 -17.066,
  144.160 11.488 -17.056,
  144.223 11.488 -17.013,
  144.260 11.488 -16.948,
  144.265 11.488 -16.872,
  144.239 11.488 -16.809,
  144.187 11.488 -16.765,
  144.076 11.488 -16.705,
  143.941 11.488 -16.597,
  143.849 11.488 -16.444,
  144.323 11.488 -16.444,
  145.303 11.488 -16.444,
  145.303 11.488 -15.964,
  144.323 11.488 -15.964,
  144.323 11.488 -16.444,
  145.740 11.488 -16.444,
  143.849 10.988 -16.444,
  143.795 10.988 -16.237,
  143.793 10.988 -16.017,
  143.845 10.988 -15.803,
  143.946 10.988 -15.608,
  143.985 10.988 -15.546,
  144.125 10.988 -15.372,
  144.308 10.988 -15.245,
  144.521 10.988 -15.176,
  144.744 10.988 -15.170,
  144.959 10.988 -15.229,
  145.138 10.988 -15.296,
  145.330 10.988 -15.386,
  145.494 10.988 -15.520,
  145.622 10.988 -15.689,
  145.704 10.988 -15.884,
  145.736 10.988 -16.094,
  145.743 10.988 -16.181,
  145.748 10.988 -16.397,
  145.713 10.988 -16.610,
  145.515 10.988 -17.141,
  145.451 10.988 -17.486,
  145.411 10.988 -17.658,
  145.328 10.988 -17.813,
  145.207 10.988 -17.941,
  145.056 10.988 -18.033,
  144.886 10.988 -18.082,
  144.710 10.988 -18.085,
  144.544 10.988 -18.079,
  144.199 10.988 -18.085,
  143.855 10.988 -18.068,
  143.697 10.988 -18.042,
  143.545 10.988 -17.992,
  143.225 10.988 -17.834,
  142.924 10.988 -17.642,
  142.645 10.988 -17.418,
  142.561 10.988 -17.365,
  142.463 10.988 -17.342,
  142.363 10.988 -17.353,
  142.272 10.988 -17.396,
  142.077 10.988 -17.520,
  142.017 10.988 -17.584,
  142.003 10.988 -17.670,
  142.039 10.988 -17.749,
  142.143 10.988 -17.840,
  142.267 10.988 -17.901,
  142.404 10.988 -17.926,
  142.472 10.988 -17.946,
  142.523 10.988 -17.996,
  142.546 10.988 -18.064,
  142.534 10.988 -18.135,
  142.491 10.988 -18.192,
  142.325 10.988 -18.288,
  142.136 10.988 -18.326,
  141.946 10.988 -18.303,
  141.667 10.988 -18.173,
  141.552 10.988 -18.164,
  141.440 10.988 -18.194,
  141.346 10.988 -18.260,
  141.280 10.988 -18.355,
  141.233 10.988 -18.521,
  141.242 10.988 -18.693,
  141.239 10.988 -18.767,
  141.201 10.988 -18.831,
  141.137 10.988 -18.869,
  141.063 10.988 -18.872,
  140.997 10.988 -18.839,
  140.886 10.988 -18.711,
  140.814 10.988 -18.558,
  140.788 10.988 -18.391,
  140.810 10.988 -18.223,
  140.876 10.988 -17.856,
  140.873 10.988 -17.483,
  140.879 10.988 -17.306,
  140.931 10.988 -17.136,
  141.026 10.988 -16.986,
  141.158 10.988 -16.866,
  141.317 10.988 -16.786,
  141.491 10.988 -16.750,
  141.999 10.988 -16.684,
  142.494 10.988 -16.554,
  142.588 10.988 -16.538,
  142.683 10.988 -16.548,
  142.771 10.988 -16.586,
  142.963 10.988 -16.688,
  143.165 10.988 -16.768,
  143.627 10.988 -16.900,
  144.067 10.988 -17.061,
  144.114 10.988 -17.066,
  144.160 10.988 -17.056,
  144.223 10.988 -17.013,
  144.260 10.988 -16.948,
  144.265 10.988 -16.872,
  144.239 10.988 -16.809,
  144.187 10.988 -16.765,
  144.076 10.988 -16.705,
  143.941 10.988 -16.597,
  143.849 10.988 -16.444,
  144.323 10.988 -16.444,
  145.303 10.988 -16.444,
  145.303 10.988 -15.964,
  144.323 10.988 -15.964,
  144.323 10.988 -16.444,
  145.740 10.988 -16.444
 ] }
coordIndex [ 98, 0, 1, -1, 101, 98, 1, -1, 101, 1, 2, -1, 101, 2, 3, -1,
     101, 3, 4, -1, 101, 4, 5, -1, 101, 5, 6, -1, 101, 6, 7, -1, 7, 8, 9, -1,
     7, 9, 10, -1, 101, 7, 10, -1, 101, 10, 11, -1, 100, 101, 11, -1, 11, 12, 13, -1,
     100, 11, 13, -1, 100, 13, 14, -1, 100, 14, 15, -1, 15, 16, 17, -1, 100, 15, 17, -1,
     99, 100, 17, -1, 99, 17, 18, -1, 99, 18, 19, -1, 99, 19, 20, -1, 96, 0, 98, -1,
     95, 96, 98, -1, 94, 95, 98, -1, 93, 94, 98, -1, 92, 93, 98, -1, 92, 98, 99, -1,
     92, 99, 20, -1, 91, 92, 20, -1, 90, 91, 20, -1, 90, 20, 21, -1, 21, 22, 23, -1,
     90, 21, 23, -1, 90, 23, 24, -1, 26, 27, 28, -1, 25, 26, 28, -1, 24, 25, 28, -1,
     90, 24, 28, -1, 90, 28, 29, -1, 89, 90, 29, -1, 88, 89, 29, -1, 87, 88, 29, -1,
     87, 29, 30, -1, 30, 31, 32, -1, 87, 30, 32, -1, 86, 87, 32, -1, 86, 32, 33, -1,
     86, 33, 34, -1, 85, 86, 34, -1, 85, 34, 35, -1, 84, 85, 35, -1, 84, 35, 36, -1,
     83, 84, 36, -1, 83, 36, 37, -1, 81, 82, 83, -1, 81, 83, 37, -1, 80, 81, 37, -1,
     80, 37, 38, -1, 79, 80, 38, -1, 79, 38, 39, -1, 79, 39, 40, -1, 78, 79, 40, -1,
     76, 77, 78, -1, 76, 78, 40, -1, 75, 76, 40, -1, 74, 75, 40, -1, 73, 74, 40, -1,
     72, 73, 40, -1, 49, 50, 51, -1, 48, 49, 51, -1, 46, 47, 48, -1, 45, 46, 48, -1,
     45, 48, 51, -1, 45, 51, 52, -1, 45, 52, 53, -1, 44, 45, 53, -1, 44, 53, 54, -1,
     44, 54, 55, -1, 43, 44, 55, -1, 42, 43, 55, -1, 41, 42, 55, -1, 41, 55, 56, -1,
     72, 40, 41, -1, 72, 41, 56, -1, 72, 56, 57, -1, 71, 72, 57, -1, 71, 57, 58, -1,
     70, 71, 58, -1, 70, 58, 59, -1, 69, 70, 59, -1, 69, 59, 60, -1, 68, 69, 60, -1,
     67, 68, 60, -1, 66, 67, 60, -1, 66, 60, 61, -1, 61, 62, 63, -1, 66, 61, 63, -1,
     65, 66, 63, -1, 65, 63, 64, -1
  1, 0, 104, 105, -1,
  2, 1, 105, 106, -1,
  3, 2, 106, 107, -1,
  4, 3, 107, 108, -1,
  5, 4, 108, 109, -1,
  6, 5, 109, 110, -1,
  7, 6, 110, 111, -1,
  8, 7, 111, 112, -1,
  9, 8, 112, 113, -1,
  10, 9, 113, 114, -1,
  11, 10, 114, 115, -1,
  12, 11, 115, 116, -1,
  13, 12, 116, 117, -1,
  14, 13, 117, 118, -1,
  15, 14, 118, 119, -1,
  16, 15, 119, 120, -1,
  17, 16, 120, 121, -1,
  18, 17, 121, 122, -1,
  19, 18, 122, 123, -1,
  20, 19, 123, 124, -1,
  21, 20, 124, 125, -1,
  22, 21, 125, 126, -1,
  23, 22, 126, 127, -1,
  24, 23, 127, 128, -1,
  25, 24, 128, 129, -1,
  26, 25, 129, 130, -1,
  27, 26, 130, 131, -1,
  28, 27, 131, 132, -1,
  29, 28, 132, 133, -1,
  30, 29, 133, 134, -1,
  31, 30, 134, 135, -1,
  32, 31, 135, 136, -1,
  33, 32, 136, 137, -1,
  34, 33, 137, 138, -1,
  35, 34, 138, 139, -1,
  36, 35, 139, 140, -1,
  37, 36, 140, 141, -1,
  38, 37, 141, 142, -1,
  39, 38, 142, 143, -1,
  40, 39, 143, 144, -1,
  41, 40, 144, 145, -1,
  42, 41, 145, 146, -1,
  43, 42, 146, 147, -1,
  44, 43, 147, 148, -1,
  45, 44, 148, 149, -1,
  46, 45, 149, 150, -1,
  47, 46, 150, 151, -1,
  48, 47, 151, 152, -1,
  49, 48, 152, 153, -1,
  50, 49, 153, 154, -1,
  51, 50, 154, 155, -1,
  52, 51, 155, 156, -1,
  53, 52, 156, 157, -1,
  54, 53, 157, 158, -1,
  55, 54, 158, 159, -1,
  56, 55, 159, 160, -1,
  57, 56, 160, 161, -1,
  58, 57, 161, 162, -1,
  59, 58, 162, 163, -1,
  60, 59, 163, 164, -1,
  61, 60, 164, 165, -1,
  62, 61, 165, 166, -1,
  63, 62, 166, 167, -1,
  64, 63, 167, 168, -1,
  65, 64, 168, 169, -1,
  66, 65, 169, 170, -1,
  67, 66, 170, 171, -1,
  68, 67, 171, 172, -1,
  69, 68, 172, 173, -1,
  70, 69, 173, 174, -1,
  71, 70, 174, 175, -1,
  72, 71, 175, 176, -1,
  73, 72, 176, 177, -1,
  74, 73, 177, 178, -1,
  75, 74, 178, 179, -1,
  76, 75, 179, 180, -1,
  77, 76, 180, 181, -1,
  78, 77, 181, 182, -1,
  79, 78, 182, 183, -1,
  80, 79, 183, 184, -1,
  81, 80, 184, 185, -1,
  82, 81, 185, 186, -1,
  83, 82, 186, 187, -1,
  84, 83, 187, 188, -1,
  85, 84, 188, 189, -1,
  86, 85, 189, 190, -1,
  87, 86, 190, 191, -1,
  88, 87, 191, 192, -1,
  89, 88, 192, 193, -1,
  90, 89, 193, 194, -1,
  91, 90, 194, 195, -1,
  92, 91, 195, 196, -1,
  93, 92, 196, 197, -1,
  94, 93, 197, 198, -1,
  95, 94, 198, 199, -1,
  96, 95, 199, 200, -1,
  97, 96, 200, 201, -1,
  98, 97, 201, 202, -1,
  99, 98, 202, 203, -1,
  100, 99, 203, 204, -1,
  101, 100, 204, 205, -1,
  102, 101, 205, 206, -1,
  0, 102, 206, 104, -1
 ]
convex TRUE
creaseAngle 0.3490
}
}
Shape {
appearance Appearance {
material DEF OUTMAT7 Material {
      diffuseColor 0.800 0.925 0.953
      ambientIntensity 0.295
      specularColor 0.000 0.000 0.000
      shininess 0.000
      transparency 0.000
}
}
geometry IndexedFaceSet {
coord Coordinate { point [
  143.849 10.988 -16.444,
  143.795 10.988 -16.237,
  143.793 10.988 -16.017,
  143.845 10.988 -15.803,
  143.946 10.988 -15.608,
  143.985 10.988 -15.546,
  144.125 10.988 -15.372,
  144.308 10.988 -15.245,
  144.521 10.988 -15.176,
  144.744 10.988 -15.170,
  144.959 10.988 -15.229,
  145.138 10.988 -15.296,
  145.330 10.988 -15.386,
  145.494 10.988 -15.520,
  145.622 10.988 -15.689,
  145.704 10.988 -15.884,
  145.736 10.988 -16.094,
  145.743 10.988 -16.181,
  145.748 10.988 -16.397,
  145.713 10.988 -16.610,
  145.515 10.988 -17.141,
  145.451 10.988 -17.486,
  145.411 10.988 -17.658,
  145.328 10.988 -17.813,
  145.207 10.988 -17.941,
  145.056 10.988 -18.033,
  144.886 10.988 -18.082,
  144.710 10.988 -18.085,
  144.544 10.988 -18.079,
  144.199 10.988 -18.085,
  143.855 10.988 -18.068,
  143.697 10.988 -18.042,
  143.545 10.988 -17.992,
  143.225 10.988 -17.834,
  142.924 10.988 -17.642,
  142.645 10.988 -17.418,
  142.561 10.988 -17.365,
  142.463 10.988 -17.342,
  142.363 10.988 -17.353,
  142.272 10.988 -17.396,
  142.077 10.988 -17.520,
  142.017 10.988 -17.584,
  142.003 10.988 -17.670,
  142.039 10.988 -17.749,
  142.143 10.988 -17.840,
  142.267 10.988 -17.901,
  142.404 10.988 -17.926,
  142.472 10.988 -17.946,
  142.523 10.988 -17.996,
  142.546 10.988 -18.064,
  142.534 10.988 -18.135,
  142.491 10.988 -18.192,
  142.325 10.988 -18.288,
  142.136 10.988 -18.326,
  141.946 10.988 -18.303,
  141.667 10.988 -18.173,
  141.552 10.988 -18.164,
  141.440 10.988 -18.194,
  141.346 10.988 -18.260,
  141.280 10.988 -18.355,
  141.233 10.988 -18.521,
  141.242 10.988 -18.693,
  141.239 10.988 -18.767,
  141.201 10.988 -18.831,
  141.137 10.988 -18.869,
  141.063 10.988 -18.872,
  140.997 10.988 -18.839,
  140.886 10.988 -18.711,
  140.814 10.988 -18.558,
  140.788 10.988 -18.391,
  140.810 10.988 -18.223,
  140.876 10.988 -17.856,
  140.873 10.988 -17.483,
  140.879 10.988 -17.306,
  140.931 10.988 -17.136,
  141.026 10.988 -16.986,
  141.158 10.988 -16.866,
  141.317 10.988 -16.786,
  141.491 10.988 -16.750,
  141.999 10.988 -16.684,
  142.494 10.988 -16.554,
  142.588 10.988 -16.538,
  142.683 10.988 -16.548,
  142.771 10.988 -16.586,
  142.963 10.988 -16.688,
  143.165 10.988 -16.768,
  143.627 10.988 -16.900,
  144.067 10.988 -17.061,
  144.114 10.988 -17.066,
  144.160 10.988 -17.056,
  144.223 10.988 -17.013,
  144.260 10.988 -16.948,
  144.265 10.988 -16.872,
  144.239 10.988 -16.809,
  144.187 10.988 -16.765,
  144.076 10.988 -16.705,
  143.941 10.988 -16.597,
  143.849 10.988 -16.444,
  144.323 10.988 -16.444,
  145.303 10.988 -16.444,
  145.303 10.988 -15.964,
  144.323 10.988 -15.964,
  144.323 10.988 -16.444,
  145.740 10.988 -16.444
 ] }
 coordIndex [ 1, 0, 98, -1, 1, 98, 101, -1, 2, 1, 101, -1, 3, 2, 101, -1,
     4, 3, 101, -1, 5, 4, 101, -1, 6, 5, 101, -1, 7, 6, 101, -1, 9, 8, 7, -1,
     10, 9, 7, -1, 10, 7, 101, -1, 11, 10, 101, -1, 11, 101, 100, -1, 13, 12, 11, -1,
     13, 11, 100, -1, 14, 13, 100, -1, 15, 14, 100, -1, 17, 16, 15, -1, 17, 15, 100, -1,
     17, 100, 99, -1, 18, 17, 99, -1, 19, 18, 99, -1, 20, 19, 99, -1, 98, 0, 96, -1,
     98, 96, 95, -1, 98, 95, 94, -1, 98, 94, 93, -1, 98, 93, 92, -1, 99, 98, 92, -1,
     20, 99, 92, -1, 20, 92, 91, -1, 20, 91, 90, -1, 21, 20, 90, -1, 23, 22, 21, -1,
     23, 21, 90, -1, 24, 23, 90, -1, 28, 27, 26, -1, 28, 26, 25, -1, 28, 25, 24, -1,
     28, 24, 90, -1, 29, 28, 90, -1, 29, 90, 89, -1, 29, 89, 88, -1, 29, 88, 87, -1,
     30, 29, 87, -1, 32, 31, 30, -1, 32, 30, 87, -1, 32, 87, 86, -1, 33, 32, 86, -1,
     34, 33, 86, -1, 34, 86, 85, -1, 35, 34, 85, -1, 35, 85, 84, -1, 36, 35, 84, -1,
     36, 84, 83, -1, 37, 36, 83, -1, 83, 82, 81, -1, 37, 83, 81, -1, 37, 81, 80, -1,
     38, 37, 80, -1, 38, 80, 79, -1, 39, 38, 79, -1, 40, 39, 79, -1, 40, 79, 78, -1,
     78, 77, 76, -1, 40, 78, 76, -1, 40, 76, 75, -1, 40, 75, 74, -1, 40, 74, 73, -1,
     40, 73, 72, -1, 51, 50, 49, -1, 51, 49, 48, -1, 48, 47, 46, -1, 48, 46, 45, -1,
     51, 48, 45, -1, 52, 51, 45, -1, 53, 52, 45, -1, 53, 45, 44, -1, 54, 53, 44, -1,
     55, 54, 44, -1, 55, 44, 43, -1, 55, 43, 42, -1, 55, 42, 41, -1, 56, 55, 41, -1,
     41, 40, 72, -1, 56, 41, 72, -1, 57, 56, 72, -1, 57, 72, 71, -1, 58, 57, 71, -1,
     58, 71, 70, -1, 59, 58, 70, -1, 59, 70, 69, -1, 60, 59, 69, -1, 60, 69, 68, -1,
     60, 68, 67, -1, 60, 67, 66, -1, 61, 60, 66, -1, 63, 62, 61, -1, 63, 61, 66, -1,
     63, 66, 65, -1, 64, 63, 65, -1
 ]
convex TRUE
creaseAngle 0.3490
}
}
]
}
]
}



Transform {
children [
Transform {
children [
Shape {
appearance Appearance {
material DEF INMAT8 Material {
      diffuseColor 0.800 0.800 0.800
      ambientIntensity 0.299
      specularColor 0.000 0.000 0.000
      shininess 0.000
      transparency 0.000
}
}
geometry IndexedFaceSet {
coord Coordinate { point [
  144.882 0.250 -15.964,
  142.366 0.250 -15.954,
  142.300 0.250 -15.938,
  142.247 0.250 -15.895,
  142.219 0.250 -15.833,
  142.184 0.250 -15.693,
  142.087 0.250 -15.453,
  141.953 0.250 -15.232,
  141.785 0.250 -15.035,
  141.669 0.250 -14.954,
  141.533 0.250 -14.919,
  141.392 0.250 -14.933,
  140.964 0.250 -15.081,
  140.553 0.250 -15.274,
  140.166 0.250 -15.510,
  139.807 0.250 -15.786,
  139.690 0.250 -15.848,
  139.558 0.250 -15.854,
  139.436 0.250 -15.802,
  139.298 0.250 -15.703,
  139.218 0.250 -15.617,
  139.177 0.250 -15.508,
  139.174 0.250 -15.489,
  139.173 0.250 -15.379,
  139.212 0.250 -15.277,
  139.256 0.250 -15.120,
  139.318 0.250 -15.072,
  139.396 0.250 -15.069,
  139.430 0.250 -15.086,
  139.455 0.250 -15.114,
  139.504 0.250 -15.154,
  139.567 0.250 -15.152,
  139.614 0.250 -15.110,
  139.622 0.250 -15.048,
  139.605 0.250 -14.858,
  139.628 0.250 -14.791,
  139.684 0.250 -14.747,
  139.755 0.250 -14.741,
  139.818 0.250 -14.775,
  139.848 0.250 -14.802,
  139.908 0.250 -14.829,
  139.972 0.250 -14.815,
  140.016 0.250 -14.767,
  140.024 0.250 -14.702,
  140.005 0.250 -14.525,
  140.015 0.250 -14.348,
  140.051 0.250 -14.268,
  140.126 0.250 -14.223,
  140.214 0.250 -14.227,
  140.284 0.250 -14.280,
  140.359 0.250 -14.343,
  140.455 0.250 -14.363,
  140.549 0.250 -14.336,
  140.619 0.250 -14.268,
  140.746 0.250 -14.107,
  140.908 0.250 -13.983,
  141.029 0.250 -13.883,
  141.113 0.250 -13.752,
  141.152 0.250 -13.601,
  141.144 0.250 -13.445,
  141.090 0.250 -13.318,
  141.004 0.250 -13.210,
  140.893 0.250 -13.129,
  140.803 0.250 -13.106,
  140.712 0.250 -13.126,
  140.640 0.250 -13.184,
  140.570 0.250 -13.234,
  140.485 0.250 -13.238,
  140.411 0.250 -13.194,
  140.372 0.250 -13.114,
  140.353 0.250 -12.909,
  140.345 0.250 -12.864,
  140.308 0.250 -12.816,
  140.253 0.250 -12.793,
  140.194 0.250 -12.798,
  140.144 0.250 -12.832,
  140.088 0.250 -12.902,
  140.016 0.250 -12.954,
  139.928 0.250 -12.956,
  139.854 0.250 -12.909,
  139.819 0.250 -12.828,
  139.814 0.250 -12.674,
  139.831 0.250 -12.522,
  139.823 0.250 -12.461,
  139.782 0.250 -12.416,
  139.722 0.250 -12.403,
  139.666 0.250 -12.428,
  139.642 0.250 -12.450,
  139.581 0.250 -12.482,
  139.513 0.250 -12.475,
  139.459 0.250 -12.433,
  139.438 0.250 -12.368,
  139.440 0.250 -12.204,
  139.429 0.250 -12.155,
  139.388 0.250 -12.124,
  139.381 0.250 -12.122,
  139.342 0.250 -12.122,
  139.249 0.250 -12.178,
  139.180 0.250 -12.177,
  139.121 0.250 -12.140,
  139.090 0.250 -12.078,
  139.086 0.250 -12.006,
  139.060 0.250 -11.809,
  139.056 0.250 -11.726,
  139.086 0.250 -11.648,
  139.146 0.250 -11.590,
  139.319 0.250 -11.454,
  139.464 0.250 -11.289,
  139.545 0.250 -11.217,
  139.648 0.250 -11.186,
  139.755 0.250 -11.201,
  139.947 0.250 -11.274,
  140.046 0.250 -11.322,
  140.304 0.250 -11.475,
  140.384 0.250 -11.515,
  140.893 0.250 -11.718,
  141.408 0.250 -11.905,
  141.626 0.250 -11.954,
  141.802 0.250 -11.989,
  141.969 0.250 -12.053,
  142.122 0.250 -12.146,
  142.293 0.250 -12.246,
  142.481 0.250 -12.311,
  142.750 0.250 -12.400,
  142.999 0.250 -12.536,
  143.220 0.250 -12.713,
  143.407 0.250 -12.926,
  143.553 0.250 -13.169,
  143.636 0.250 -13.416,
  143.681 0.250 -13.794,
  143.672 0.250 -14.174,
  143.683 0.250 -14.338,
  143.747 0.250 -14.489,
  143.856 0.250 -14.612,
  143.999 0.250 -14.693,
  144.160 0.250 -14.723,
  144.322 0.250 -14.699,
  144.533 0.250 -14.601,
  144.658 0.250 -14.504,
  144.762 0.250 -14.386,
  144.842 0.250 -14.250,
  145.024 0.250 -13.921,
  145.246 0.250 -13.618,
  145.505 0.250 -13.345,
  145.796 0.250 -13.108,
  146.116 0.250 -12.909,
  146.480 0.250 -12.750,
  146.864 0.250 -12.651,
  147.259 0.250 -12.613,
  147.798 0.250 -12.582,
  148.331 0.250 -12.506,
  148.805 0.250 -12.441,
  149.284 0.250 -12.422,
  149.761 0.250 -12.448,
  150.234 0.250 -12.520,
  150.731 0.250 -12.585,
  151.231 0.250 -12.582,
  151.726 0.250 -12.512,
  152.208 0.250 -12.374,
  152.703 0.250 -12.224,
  153.211 0.250 -12.126,
  153.726 0.250 -12.080,
  154.244 0.250 -12.089,
  154.804 0.250 -12.145,
  155.359 0.250 -12.239,
  155.906 0.250 -12.369,
  156.444 0.250 -12.536,
  156.969 0.250 -12.737,
  157.480 0.250 -12.974,
  157.982 0.250 -13.198,
  158.503 0.250 -13.375,
  159.038 0.250 -13.505,
  159.582 0.250 -13.584,
  160.131 0.250 -13.614,
  160.681 0.250 -13.593,
  161.226 0.250 -13.521,
  161.763 0.250 -13.400,
  161.849 0.250 -13.402,
  161.920 0.250 -13.452,
  161.952 0.250 -13.532,
  161.934 0.250 -13.617,
  161.873 0.250 -13.678,
  161.337 0.250 -13.934,
  160.782 0.250 -14.145,
  160.211 0.250 -14.309,
  159.736 0.250 -14.396,
  159.254 0.250 -14.427,
  158.772 0.250 -14.403,
  158.296 0.250 -14.323,
  157.833 0.250 -14.188,
  157.308 0.250 -14.030,
  156.770 0.250 -13.922,
  156.225 0.250 -13.865,
  155.677 0.250 -13.861,
  155.131 0.250 -13.909,
  154.591 0.250 -14.008,
  154.064 0.250 -14.158,
  153.553 0.250 -14.357,
  153.144 0.250 -14.575,
  152.769 0.250 -14.848,
  151.895 0.250 -15.582,
  151.552 0.250 -15.824,
  151.221 0.250 -16.049,
  150.923 0.250 -16.315,
  150.663 0.250 -16.619,
  150.574 0.250 -16.711,
  150.465 0.250 -16.777,
  150.343 0.250 -16.814,
  150.290 0.250 -16.822,
  150.206 0.250 -16.811,
  150.142 0.250 -16.755,
  150.118 0.250 -16.674,
  150.112 0.250 -14.722,
  149.632 0.250 -14.722,
  149.622 0.250 -16.727,
  149.607 0.250 -16.793,
  149.564 0.250 -16.845,
  149.502 0.250 -16.874,
  149.239 0.250 -16.908,
  148.974 0.250 -16.904,
  148.454 0.250 -16.875,
  147.933 0.250 -16.882,
  147.413 0.250 -16.925,
  146.898 0.250 -17.004,
  146.390 0.250 -17.119,
  145.891 0.250 -17.269,
  145.325 0.250 -17.426,
  144.744 0.250 -17.520,
  144.157 0.250 -17.548,
  143.570 0.250 -17.512,
  143.276 0.250 -17.446,
  142.999 0.250 -17.329,
  142.747 0.250 -17.163,
  142.592 0.250 -17.018,
  142.462 0.250 -16.851,
  142.361 0.250 -16.665,
  142.348 0.250 -16.592,
  142.372 0.250 -16.522,
  142.426 0.250 -16.472,
  142.498 0.250 -16.454,
  144.883 0.250 -16.444,
  144.882 -0.250 -15.964,
  142.366 -0.250 -15.954,
  142.300 -0.250 -15.938,
  142.247 -0.250 -15.895,
  142.219 -0.250 -15.833,
  142.184 -0.250 -15.693,
  142.087 -0.250 -15.453,
  141.953 -0.250 -15.232,
  141.785 -0.250 -15.035,
  141.669 -0.250 -14.954,
  141.533 -0.250 -14.919,
  141.392 -0.250 -14.933,
  140.964 -0.250 -15.081,
  140.553 -0.250 -15.274,
  140.166 -0.250 -15.510,
  139.807 -0.250 -15.786,
  139.690 -0.250 -15.848,
  139.558 -0.250 -15.854,
  139.436 -0.250 -15.802,
  139.298 -0.250 -15.703,
  139.218 -0.250 -15.617,
  139.177 -0.250 -15.508,
  139.174 -0.250 -15.489,
  139.173 -0.250 -15.379,
  139.212 -0.250 -15.277,
  139.256 -0.250 -15.120,
  139.318 -0.250 -15.072,
  139.396 -0.250 -15.069,
  139.430 -0.250 -15.086,
  139.455 -0.250 -15.114,
  139.504 -0.250 -15.154,
  139.567 -0.250 -15.152,
  139.614 -0.250 -15.110,
  139.622 -0.250 -15.048,
  139.605 -0.250 -14.858,
  139.628 -0.250 -14.791,
  139.684 -0.250 -14.747,
  139.755 -0.250 -14.741,
  139.818 -0.250 -14.775,
  139.848 -0.250 -14.802,
  139.908 -0.250 -14.829,
  139.972 -0.250 -14.815,
  140.016 -0.250 -14.767,
  140.024 -0.250 -14.702,
  140.005 -0.250 -14.525,
  140.015 -0.250 -14.348,
  140.051 -0.250 -14.268,
  140.126 -0.250 -14.223,
  140.214 -0.250 -14.227,
  140.284 -0.250 -14.280,
  140.359 -0.250 -14.343,
  140.455 -0.250 -14.363,
  140.549 -0.250 -14.336,
  140.619 -0.250 -14.268,
  140.746 -0.250 -14.107,
  140.908 -0.250 -13.983,
  141.029 -0.250 -13.883,
  141.113 -0.250 -13.752,
  141.152 -0.250 -13.601,
  141.144 -0.250 -13.445,
  141.090 -0.250 -13.318,
  141.004 -0.250 -13.210,
  140.893 -0.250 -13.129,
  140.803 -0.250 -13.106,
  140.712 -0.250 -13.126,
  140.640 -0.250 -13.184,
  140.570 -0.250 -13.234,
  140.485 -0.250 -13.238,
  140.411 -0.250 -13.194,
  140.372 -0.250 -13.114,
  140.353 -0.250 -12.909,
  140.345 -0.250 -12.864,
  140.308 -0.250 -12.816,
  140.253 -0.250 -12.793,
  140.194 -0.250 -12.798,
  140.144 -0.250 -12.832,
  140.088 -0.250 -12.902,
  140.016 -0.250 -12.954,
  139.928 -0.250 -12.956,
  139.854 -0.250 -12.909,
  139.819 -0.250 -12.828,
  139.814 -0.250 -12.674,
  139.831 -0.250 -12.522,
  139.823 -0.250 -12.461,
  139.782 -0.250 -12.416,
  139.722 -0.250 -12.403,
  139.666 -0.250 -12.428,
  139.642 -0.250 -12.450,
  139.581 -0.250 -12.482,
  139.513 -0.250 -12.475,
  139.459 -0.250 -12.433,
  139.438 -0.250 -12.368,
  139.440 -0.250 -12.204,
  139.429 -0.250 -12.155,
  139.388 -0.250 -12.124,
  139.381 -0.250 -12.122,
  139.342 -0.250 -12.122,
  139.249 -0.250 -12.178,
  139.180 -0.250 -12.177,
  139.121 -0.250 -12.140,
  139.090 -0.250 -12.078,
  139.086 -0.250 -12.006,
  139.060 -0.250 -11.809,
  139.056 -0.250 -11.726,
  139.086 -0.250 -11.648,
  139.146 -0.250 -11.590,
  139.319 -0.250 -11.454,
  139.464 -0.250 -11.289,
  139.545 -0.250 -11.217,
  139.648 -0.250 -11.186,
  139.755 -0.250 -11.201,
  139.947 -0.250 -11.274,
  140.046 -0.250 -11.322,
  140.304 -0.250 -11.475,
  140.384 -0.250 -11.515,
  140.893 -0.250 -11.718,
  141.408 -0.250 -11.905,
  141.626 -0.250 -11.954,
  141.802 -0.250 -11.989,
  141.969 -0.250 -12.053,
  142.122 -0.250 -12.146,
  142.293 -0.250 -12.246,
  142.481 -0.250 -12.311,
  142.750 -0.250 -12.400,
  142.999 -0.250 -12.536,
  143.220 -0.250 -12.713,
  143.407 -0.250 -12.926,
  143.553 -0.250 -13.169,
  143.636 -0.250 -13.416,
  143.681 -0.250 -13.794,
  143.672 -0.250 -14.174,
  143.683 -0.250 -14.338,
  143.747 -0.250 -14.489,
  143.856 -0.250 -14.612,
  143.999 -0.250 -14.693,
  144.160 -0.250 -14.723,
  144.322 -0.250 -14.699,
  144.533 -0.250 -14.601,
  144.658 -0.250 -14.504,
  144.762 -0.250 -14.386,
  144.842 -0.250 -14.250,
  145.024 -0.250 -13.921,
  145.246 -0.250 -13.618,
  145.505 -0.250 -13.345,
  145.796 -0.250 -13.108,
  146.116 -0.250 -12.909,
  146.480 -0.250 -12.750,
  146.864 -0.250 -12.651,
  147.259 -0.250 -12.613,
  147.798 -0.250 -12.582,
  148.331 -0.250 -12.506,
  148.805 -0.250 -12.441,
  149.284 -0.250 -12.422,
  149.761 -0.250 -12.448,
  150.234 -0.250 -12.520,
  150.731 -0.250 -12.585,
  151.231 -0.250 -12.582,
  151.726 -0.250 -12.512,
  152.208 -0.250 -12.374,
  152.703 -0.250 -12.224,
  153.211 -0.250 -12.126,
  153.726 -0.250 -12.080,
  154.244 -0.250 -12.089,
  154.804 -0.250 -12.145,
  155.359 -0.250 -12.239,
  155.906 -0.250 -12.369,
  156.444 -0.250 -12.536,
  156.969 -0.250 -12.737,
  157.480 -0.250 -12.974,
  157.982 -0.250 -13.198,
  158.503 -0.250 -13.375,
  159.038 -0.250 -13.505,
  159.582 -0.250 -13.584,
  160.131 -0.250 -13.614,
  160.681 -0.250 -13.593,
  161.226 -0.250 -13.521,
  161.763 -0.250 -13.400,
  161.849 -0.250 -13.402,
  161.920 -0.250 -13.452,
  161.952 -0.250 -13.532,
  161.934 -0.250 -13.617,
  161.873 -0.250 -13.678,
  161.337 -0.250 -13.934,
  160.782 -0.250 -14.145,
  160.211 -0.250 -14.309,
  159.736 -0.250 -14.396,
  159.254 -0.250 -14.427,
  158.772 -0.250 -14.403,
  158.296 -0.250 -14.323,
  157.833 -0.250 -14.188,
  157.308 -0.250 -14.030,
  156.770 -0.250 -13.922,
  156.225 -0.250 -13.865,
  155.677 -0.250 -13.861,
  155.131 -0.250 -13.909,
  154.591 -0.250 -14.008,
  154.064 -0.250 -14.158,
  153.553 -0.250 -14.357,
  153.144 -0.250 -14.575,
  152.769 -0.250 -14.848,
  151.895 -0.250 -15.582,
  151.552 -0.250 -15.824,
  151.221 -0.250 -16.049,
  150.923 -0.250 -16.315,
  150.663 -0.250 -16.619,
  150.574 -0.250 -16.711,
  150.465 -0.250 -16.777,
  150.343 -0.250 -16.814,
  150.290 -0.250 -16.822,
  150.206 -0.250 -16.811,
  150.142 -0.250 -16.755,
  150.118 -0.250 -16.674,
  150.112 -0.250 -14.722,
  149.632 -0.250 -14.722,
  149.622 -0.250 -16.727,
  149.607 -0.250 -16.793,
  149.564 -0.250 -16.845,
  149.502 -0.250 -16.874,
  149.239 -0.250 -16.908,
  148.974 -0.250 -16.904,
  148.454 -0.250 -16.875,
  147.933 -0.250 -16.882,
  147.413 -0.250 -16.925,
  146.898 -0.250 -17.004,
  146.390 -0.250 -17.119,
  145.891 -0.250 -17.269,
  145.325 -0.250 -17.426,
  144.744 -0.250 -17.520,
  144.157 -0.250 -17.548,
  143.570 -0.250 -17.512,
  143.276 -0.250 -17.446,
  142.999 -0.250 -17.329,
  142.747 -0.250 -17.163,
  142.592 -0.250 -17.018,
  142.462 -0.250 -16.851,
  142.361 -0.250 -16.665,
  142.348 -0.250 -16.592,
  142.372 -0.250 -16.522,
  142.426 -0.250 -16.472,
  142.498 -0.250 -16.454,
  144.883 -0.250 -16.444
 ] }
coordIndex [ 179, 180, 181, -1, 176, 177, 178, -1, 176, 178, 179, -1, 176, 179, 181, -1,
     176, 181, 182, -1, 175, 176, 182, -1, 174, 175, 182, -1, 174, 182, 183, -1, 173, 174, 183, -1,
     173, 183, 184, -1, 173, 184, 185, -1, 172, 173, 185, -1, 172, 185, 186, -1, 171, 172, 186, -1,
     171, 186, 187, -1, 170, 171, 187, -1, 170, 187, 188, -1, 170, 188, 189, -1, 169, 170, 189, -1,
     169, 189, 190, -1, 168, 169, 190, -1, 168, 190, 191, -1, 167, 168, 191, -1, 167, 191, 192, -1,
     166, 167, 192, -1, 166, 192, 193, -1, 165, 166, 193, -1, 164, 165, 193, -1, 164, 193, 194, -1,
     162, 163, 164, -1, 162, 164, 194, -1, 162, 194, 195, -1, 161, 162, 195, -1, 161, 195, 196, -1,
     160, 161, 196, -1, 160, 196, 197, -1, 159, 160, 197, -1, 158, 159, 197, -1, 158, 197, 198, -1,
     157, 158, 198, -1, 157, 198, 199, -1, 156, 157, 199, -1, 155, 156, 199, -1, 154, 155, 199, -1,
     206, 207, 208, -1, 206, 208, 209, -1, 205, 206, 209, -1, 209, 210, 211, -1, 205, 209, 211, -1,
     204, 205, 211, -1, 203, 204, 211, -1, 203, 211, 212, -1, 202, 203, 212, -1, 201, 202, 212, -1,
     200, 201, 212, -1, 199, 200, 212, -1, 154, 199, 212, -1, 154, 212, 213, -1, 98, 99, 100, -1,
     98, 100, 101, -1, 96, 97, 98, -1, 96, 98, 101, -1, 103, 104, 105, -1, 102, 103, 105, -1,
     95, 96, 101, -1, 95, 101, 102, -1, 94, 95, 102, -1, 94, 102, 105, -1, 94, 105, 106, -1,
     107, 108, 109, -1, 106, 107, 109, -1, 106, 109, 110, -1, 106, 110, 111, -1, 94, 106, 111, -1,
     93, 94, 111, -1, 93, 111, 112, -1, 93, 112, 113, -1, 93, 113, 114, -1, 88, 89, 90, -1,
     88, 90, 91, -1, 86, 87, 88, -1, 86, 88, 91, -1, 85, 86, 91, -1, 85, 91, 92, -1,
     84, 85, 92, -1, 84, 92, 93, -1, 84, 93, 114, -1, 83, 84, 114, -1, 83, 114, 115, -1,
     77, 78, 79, -1, 77, 79, 80, -1, 75, 76, 77, -1, 75, 77, 80, -1, 74, 75, 80, -1,
     74, 80, 81, -1, 73, 74, 81, -1, 73, 81, 82, -1, 73, 82, 83, -1, 73, 83, 115, -1,
     72, 73, 115, -1, 71, 72, 115, -1, 65, 66, 67, -1, 67, 68, 69, -1, 65, 67, 69, -1,
     65, 69, 70, -1, 65, 70, 71, -1, 64, 65, 71, -1, 63, 64, 71, -1, 63, 71, 115, -1,
     63, 115, 116, -1, 62, 63, 116, -1, 62, 116, 117, -1, 61, 62, 117, -1, 60, 61, 117, -1,
     59, 60, 117, -1, 59, 117, 118, -1, 118, 119, 120, -1, 118, 120, 121, -1, 59, 118, 121, -1,
     59, 121, 122, -1, 59, 122, 123, -1, 123, 124, 125, -1, 123, 125, 126, -1, 59, 123, 126, -1,
     26, 27, 28, -1, 26, 28, 29, -1, 26, 29, 30, -1, 24, 25, 26, -1, 24, 26, 30, -1,
     22, 23, 24, -1, 22, 24, 30, -1, 21, 22, 30, -1, 21, 30, 31, -1, 19, 20, 21, -1,
     19, 21, 31, -1, 18, 19, 31, -1, 15, 16, 17, -1, 15, 17, 18, -1, 15, 18, 31, -1,
     15, 31, 32, -1, 14, 15, 32, -1, 35, 36, 37, -1, 37, 38, 39, -1, 34, 35, 37, -1,
     34, 37, 39, -1, 34, 39, 40, -1, 33, 34, 40, -1, 14, 32, 33, -1, 14, 33, 40, -1,
     14, 40, 41, -1, 14, 41, 42, -1, 13, 14, 42, -1, 46, 47, 48, -1, 45, 46, 48, -1,
     48, 49, 50, -1, 45, 48, 50, -1, 44, 45, 50, -1, 44, 50, 51, -1, 43, 44, 51, -1,
     13, 42, 43, -1, 13, 43, 51, -1, 12, 13, 51, -1, 12, 51, 52, -1, 12, 52, 53, -1,
     11, 12, 53, -1, 10, 11, 53, -1, 10, 53, 54, -1, 10, 54, 55, -1, 9, 10, 55, -1,
     9, 55, 56, -1, 9, 56, 57, -1, 58, 59, 126, -1, 57, 58, 126, -1, 9, 57, 126, -1,
     8, 9, 126, -1, 126, 127, 128, -1, 126, 128, 129, -1, 8, 126, 129, -1, 8, 129, 130, -1,
     7, 8, 130, -1, 7, 130, 131, -1, 7, 131, 132, -1, 6, 7, 132, -1, 6, 132, 133, -1,
     5, 6, 133, -1, 2, 3, 4, -1, 1, 2, 4, -1, 1, 4, 5, -1, 1, 5, 133, -1,
     1, 133, 134, -1, 0, 1, 134, -1, 0, 134, 135, -1, 0, 135, 136, -1, 0, 136, 137, -1,
     0, 137, 138, -1, 0, 138, 139, -1, 0, 139, 140, -1, 0, 140, 141, -1, 153, 154, 213, -1,
     152, 153, 213, -1, 151, 152, 213, -1, 150, 151, 213, -1, 149, 150, 213, -1, 148, 149, 213, -1,
     147, 148, 213, -1, 215, 216, 217, -1, 214, 215, 217, -1, 214, 217, 218, -1, 214, 218, 219, -1,
     213, 214, 219, -1, 213, 219, 220, -1, 213, 220, 221, -1, 213, 221, 222, -1, 147, 213, 222, -1,
     145, 146, 147, -1, 145, 147, 222, -1, 143, 144, 145, -1, 143, 145, 222, -1, 141, 142, 143, -1,
     141, 143, 222, -1, 0, 141, 222, -1, 0, 222, 223, -1, 0, 223, 224, -1, 0, 224, 225, -1,
     240, 0, 225, -1, 240, 225, 226, -1, 236, 237, 238, -1, 235, 236, 238, -1, 235, 238, 239, -1,
     233, 234, 235, -1, 233, 235, 239, -1, 231, 232, 233, -1, 230, 231, 233, -1, 230, 233, 239, -1,
     229, 230, 239, -1, 229, 239, 240, -1, 240, 226, 227, -1, 229, 240, 227, -1, 228, 229, 227, -1
  1, 0, 241, 242, -1,
  2, 1, 242, 243, -1,
  3, 2, 243, 244, -1,
  4, 3, 244, 245, -1,
  5, 4, 245, 246, -1,
  6, 5, 246, 247, -1,
  7, 6, 247, 248, -1,
  8, 7, 248, 249, -1,
  9, 8, 249, 250, -1,
  10, 9, 250, 251, -1,
  11, 10, 251, 252, -1,
  12, 11, 252, 253, -1,
  13, 12, 253, 254, -1,
  14, 13, 254, 255, -1,
  15, 14, 255, 256, -1,
  16, 15, 256, 257, -1,
  17, 16, 257, 258, -1,
  18, 17, 258, 259, -1,
  19, 18, 259, 260, -1,
  20, 19, 260, 261, -1,
  21, 20, 261, 262, -1,
  22, 21, 262, 263, -1,
  23, 22, 263, 264, -1,
  24, 23, 264, 265, -1,
  25, 24, 265, 266, -1,
  26, 25, 266, 267, -1,
  27, 26, 267, 268, -1,
  28, 27, 268, 269, -1,
  29, 28, 269, 270, -1,
  30, 29, 270, 271, -1,
  31, 30, 271, 272, -1,
  32, 31, 272, 273, -1,
  33, 32, 273, 274, -1,
  34, 33, 274, 275, -1,
  35, 34, 275, 276, -1,
  36, 35, 276, 277, -1,
  37, 36, 277, 278, -1,
  38, 37, 278, 279, -1,
  39, 38, 279, 280, -1,
  40, 39, 280, 281, -1,
  41, 40, 281, 282, -1,
  42, 41, 282, 283, -1,
  43, 42, 283, 284, -1,
  44, 43, 284, 285, -1,
  45, 44, 285, 286, -1,
  46, 45, 286, 287, -1,
  47, 46, 287, 288, -1,
  48, 47, 288, 289, -1,
  49, 48, 289, 290, -1,
  50, 49, 290, 291, -1,
  51, 50, 291, 292, -1,
  52, 51, 292, 293, -1,
  53, 52, 293, 294, -1,
  54, 53, 294, 295, -1,
  55, 54, 295, 296, -1,
  56, 55, 296, 297, -1,
  57, 56, 297, 298, -1,
  58, 57, 298, 299, -1,
  59, 58, 299, 300, -1,
  60, 59, 300, 301, -1,
  61, 60, 301, 302, -1,
  62, 61, 302, 303, -1,
  63, 62, 303, 304, -1,
  64, 63, 304, 305, -1,
  65, 64, 305, 306, -1,
  66, 65, 306, 307, -1,
  67, 66, 307, 308, -1,
  68, 67, 308, 309, -1,
  69, 68, 309, 310, -1,
  70, 69, 310, 311, -1,
  71, 70, 311, 312, -1,
  72, 71, 312, 313, -1,
  73, 72, 313, 314, -1,
  74, 73, 314, 315, -1,
  75, 74, 315, 316, -1,
  76, 75, 316, 317, -1,
  77, 76, 317, 318, -1,
  78, 77, 318, 319, -1,
  79, 78, 319, 320, -1,
  80, 79, 320, 321, -1,
  81, 80, 321, 322, -1,
  82, 81, 322, 323, -1,
  83, 82, 323, 324, -1,
  84, 83, 324, 325, -1,
  85, 84, 325, 326, -1,
  86, 85, 326, 327, -1,
  87, 86, 327, 328, -1,
  88, 87, 328, 329, -1,
  89, 88, 329, 330, -1,
  90, 89, 330, 331, -1,
  91, 90, 331, 332, -1,
  92, 91, 332, 333, -1,
  93, 92, 333, 334, -1,
  94, 93, 334, 335, -1,
  95, 94, 335, 336, -1,
  96, 95, 336, 337, -1,
  97, 96, 337, 338, -1,
  98, 97, 338, 339, -1,
  99, 98, 339, 340, -1,
  100, 99, 340, 341, -1,
  101, 100, 341, 342, -1,
  102, 101, 342, 343, -1,
  103, 102, 343, 344, -1,
  104, 103, 344, 345, -1,
  105, 104, 345, 346, -1,
  106, 105, 346, 347, -1,
  107, 106, 347, 348, -1,
  108, 107, 348, 349, -1,
  109, 108, 349, 350, -1,
  110, 109, 350, 351, -1,
  111, 110, 351, 352, -1,
  112, 111, 352, 353, -1,
  113, 112, 353, 354, -1,
  114, 113, 354, 355, -1,
  115, 114, 355, 356, -1,
  116, 115, 356, 357, -1,
  117, 116, 357, 358, -1,
  118, 117, 358, 359, -1,
  119, 118, 359, 360, -1,
  120, 119, 360, 361, -1,
  121, 120, 361, 362, -1,
  122, 121, 362, 363, -1,
  123, 122, 363, 364, -1,
  124, 123, 364, 365, -1,
  125, 124, 365, 366, -1,
  126, 125, 366, 367, -1,
  127, 126, 367, 368, -1,
  128, 127, 368, 369, -1,
  129, 128, 369, 370, -1,
  130, 129, 370, 371, -1,
  131, 130, 371, 372, -1,
  132, 131, 372, 373, -1,
  133, 132, 373, 374, -1,
  134, 133, 374, 375, -1,
  135, 134, 375, 376, -1,
  136, 135, 376, 377, -1,
  137, 136, 377, 378, -1,
  138, 137, 378, 379, -1,
  139, 138, 379, 380, -1,
  140, 139, 380, 381, -1,
  141, 140, 381, 382, -1,
  142, 141, 382, 383, -1,
  143, 142, 383, 384, -1,
  144, 143, 384, 385, -1,
  145, 144, 385, 386, -1,
  146, 145, 386, 387, -1,
  147, 146, 387, 388, -1,
  148, 147, 388, 389, -1,
  149, 148, 389, 390, -1,
  150, 149, 390, 391, -1,
  151, 150, 391, 392, -1,
  152, 151, 392, 393, -1,
  153, 152, 393, 394, -1,
  154, 153, 394, 395, -1,
  155, 154, 395, 396, -1,
  156, 155, 396, 397, -1,
  157, 156, 397, 398, -1,
  158, 157, 398, 399, -1,
  159, 158, 399, 400, -1,
  160, 159, 400, 401, -1,
  161, 160, 401, 402, -1,
  162, 161, 402, 403, -1,
  163, 162, 403, 404, -1,
  164, 163, 404, 405, -1,
  165, 164, 405, 406, -1,
  166, 165, 406, 407, -1,
  167, 166, 407, 408, -1,
  168, 167, 408, 409, -1,
  169, 168, 409, 410, -1,
  170, 169, 410, 411, -1,
  171, 170, 411, 412, -1,
  172, 171, 412, 413, -1,
  173, 172, 413, 414, -1,
  174, 173, 414, 415, -1,
  175, 174, 415, 416, -1,
  176, 175, 416, 417, -1,
  177, 176, 417, 418, -1,
  178, 177, 418, 419, -1,
  179, 178, 419, 420, -1,
  180, 179, 420, 421, -1,
  181, 180, 421, 422, -1,
  182, 181, 422, 423, -1,
  183, 182, 423, 424, -1,
  184, 183, 424, 425, -1,
  185, 184, 425, 426, -1,
  186, 185, 426, 427, -1,
  187, 186, 427, 428, -1,
  188, 187, 428, 429, -1,
  189, 188, 429, 430, -1,
  190, 189, 430, 431, -1,
  191, 190, 431, 432, -1,
  192, 191, 432, 433, -1,
  193, 192, 433, 434, -1,
  194, 193, 434, 435, -1,
  195, 194, 435, 436, -1,
  196, 195, 436, 437, -1,
  197, 196, 437, 438, -1,
  198, 197, 438, 439, -1,
  199, 198, 439, 440, -1,
  200, 199, 440, 441, -1,
  201, 200, 441, 442, -1,
  202, 201, 442, 443, -1,
  203, 202, 443, 444, -1,
  204, 203, 444, 445, -1,
  205, 204, 445, 446, -1,
  206, 205, 446, 447, -1,
  207, 206, 447, 448, -1,
  208, 207, 448, 449, -1,
  209, 208, 449, 450, -1,
  210, 209, 450, 451, -1,
  211, 210, 451, 452, -1,
  212, 211, 452, 453, -1,
  213, 212, 453, 454, -1,
  214, 213, 454, 455, -1,
  215, 214, 455, 456, -1,
  216, 215, 456, 457, -1,
  217, 216, 457, 458, -1,
  218, 217, 458, 459, -1,
  219, 218, 459, 460, -1,
  220, 219, 460, 461, -1,
  221, 220, 461, 462, -1,
  222, 221, 462, 463, -1,
  223, 222, 463, 464, -1,
  224, 223, 464, 465, -1,
  225, 224, 465, 466, -1,
  226, 225, 466, 467, -1,
  227, 226, 467, 468, -1,
  228, 227, 468, 469, -1,
  229, 228, 469, 470, -1,
  230, 229, 470, 471, -1,
  231, 230, 471, 472, -1,
  232, 231, 472, 473, -1,
  233, 232, 473, 474, -1,
  234, 233, 474, 475, -1,
  235, 234, 475, 476, -1,
  236, 235, 476, 477, -1,
  237, 236, 477, 478, -1,
  238, 237, 478, 479, -1,
  239, 238, 479, 480, -1,
  240, 239, 480, 481, -1,
  0, 240, 481, 241, -1
 ]
convex TRUE
creaseAngle 0.3490
}
}
Shape {
appearance Appearance {
material DEF OUTMAT8 Material {
      diffuseColor 0.800 0.925 0.953
      ambientIntensity 0.295
      specularColor 0.000 0.000 0.000
      shininess 0.000
      transparency 0.000
}
}
geometry IndexedFaceSet {
coord Coordinate { point [
  144.882 -0.250 -15.964,
  142.366 -0.250 -15.954,
  142.300 -0.250 -15.938,
  142.247 -0.250 -15.895,
  142.219 -0.250 -15.833,
  142.184 -0.250 -15.693,
  142.087 -0.250 -15.453,
  141.953 -0.250 -15.232,
  141.785 -0.250 -15.035,
  141.669 -0.250 -14.954,
  141.533 -0.250 -14.919,
  141.392 -0.250 -14.933,
  140.964 -0.250 -15.081,
  140.553 -0.250 -15.274,
  140.166 -0.250 -15.510,
  139.807 -0.250 -15.786,
  139.690 -0.250 -15.848,
  139.558 -0.250 -15.854,
  139.436 -0.250 -15.802,
  139.298 -0.250 -15.703,
  139.218 -0.250 -15.617,
  139.177 -0.250 -15.508,
  139.174 -0.250 -15.489,
  139.173 -0.250 -15.379,
  139.212 -0.250 -15.277,
  139.256 -0.250 -15.120,
  139.318 -0.250 -15.072,
  139.396 -0.250 -15.069,
  139.430 -0.250 -15.086,
  139.455 -0.250 -15.114,
  139.504 -0.250 -15.154,
  139.567 -0.250 -15.152,
  139.614 -0.250 -15.110,
  139.622 -0.250 -15.048,
  139.605 -0.250 -14.858,
  139.628 -0.250 -14.791,
  139.684 -0.250 -14.747,
  139.755 -0.250 -14.741,
  139.818 -0.250 -14.775,
  139.848 -0.250 -14.802,
  139.908 -0.250 -14.829,
  139.972 -0.250 -14.815,
  140.016 -0.250 -14.767,
  140.024 -0.250 -14.702,
  140.005 -0.250 -14.525,
  140.015 -0.250 -14.348,
  140.051 -0.250 -14.268,
  140.126 -0.250 -14.223,
  140.214 -0.250 -14.227,
  140.284 -0.250 -14.280,
  140.359 -0.250 -14.343,
  140.455 -0.250 -14.363,
  140.549 -0.250 -14.336,
  140.619 -0.250 -14.268,
  140.746 -0.250 -14.107,
  140.908 -0.250 -13.983,
  141.029 -0.250 -13.883,
  141.113 -0.250 -13.752,
  141.152 -0.250 -13.601,
  141.144 -0.250 -13.445,
  141.090 -0.250 -13.318,
  141.004 -0.250 -13.210,
  140.893 -0.250 -13.129,
  140.803 -0.250 -13.106,
  140.712 -0.250 -13.126,
  140.640 -0.250 -13.184,
  140.570 -0.250 -13.234,
  140.485 -0.250 -13.238,
  140.411 -0.250 -13.194,
  140.372 -0.250 -13.114,
  140.353 -0.250 -12.909,
  140.345 -0.250 -12.864,
  140.308 -0.250 -12.816,
  140.253 -0.250 -12.793,
  140.194 -0.250 -12.798,
  140.144 -0.250 -12.832,
  140.088 -0.250 -12.902,
  140.016 -0.250 -12.954,
  139.928 -0.250 -12.956,
  139.854 -0.250 -12.909,
  139.819 -0.250 -12.828,
  139.814 -0.250 -12.674,
  139.831 -0.250 -12.522,
  139.823 -0.250 -12.461,
  139.782 -0.250 -12.416,
  139.722 -0.250 -12.403,
  139.666 -0.250 -12.428,
  139.642 -0.250 -12.450,
  139.581 -0.250 -12.482,
  139.513 -0.250 -12.475,
  139.459 -0.250 -12.433,
  139.438 -0.250 -12.368,
  139.440 -0.250 -12.204,
  139.429 -0.250 -12.155,
  139.388 -0.250 -12.124,
  139.381 -0.250 -12.122,
  139.342 -0.250 -12.122,
  139.249 -0.250 -12.178,
  139.180 -0.250 -12.177,
  139.121 -0.250 -12.140,
  139.090 -0.250 -12.078,
  139.086 -0.250 -12.006,
  139.060 -0.250 -11.809,
  139.056 -0.250 -11.726,
  139.086 -0.250 -11.648,
  139.146 -0.250 -11.590,
  139.319 -0.250 -11.454,
  139.464 -0.250 -11.289,
  139.545 -0.250 -11.217,
  139.648 -0.250 -11.186,
  139.755 -0.250 -11.201,
  139.947 -0.250 -11.274,
  140.046 -0.250 -11.322,
  140.304 -0.250 -11.475,
  140.384 -0.250 -11.515,
  140.893 -0.250 -11.718,
  141.408 -0.250 -11.905,
  141.626 -0.250 -11.954,
  141.802 -0.250 -11.989,
  141.969 -0.250 -12.053,
  142.122 -0.250 -12.146,
  142.293 -0.250 -12.246,
  142.481 -0.250 -12.311,
  142.750 -0.250 -12.400,
  142.999 -0.250 -12.536,
  143.220 -0.250 -12.713,
  143.407 -0.250 -12.926,
  143.553 -0.250 -13.169,
  143.636 -0.250 -13.416,
  143.681 -0.250 -13.794,
  143.672 -0.250 -14.174,
  143.683 -0.250 -14.338,
  143.747 -0.250 -14.489,
  143.856 -0.250 -14.612,
  143.999 -0.250 -14.693,
  144.160 -0.250 -14.723,
  144.322 -0.250 -14.699,
  144.533 -0.250 -14.601,
  144.658 -0.250 -14.504,
  144.762 -0.250 -14.386,
  144.842 -0.250 -14.250,
  145.024 -0.250 -13.921,
  145.246 -0.250 -13.618,
  145.505 -0.250 -13.345,
  145.796 -0.250 -13.108,
  146.116 -0.250 -12.909,
  146.480 -0.250 -12.750,
  146.864 -0.250 -12.651,
  147.259 -0.250 -12.613,
  147.798 -0.250 -12.582,
  148.331 -0.250 -12.506,
  148.805 -0.250 -12.441,
  149.284 -0.250 -12.422,
  149.761 -0.250 -12.448,
  150.234 -0.250 -12.520,
  150.731 -0.250 -12.585,
  151.231 -0.250 -12.582,
  151.726 -0.250 -12.512,
  152.208 -0.250 -12.374,
  152.703 -0.250 -12.224,
  153.211 -0.250 -12.126,
  153.726 -0.250 -12.080,
  154.244 -0.250 -12.089,
  154.804 -0.250 -12.145,
  155.359 -0.250 -12.239,
  155.906 -0.250 -12.369,
  156.444 -0.250 -12.536,
  156.969 -0.250 -12.737,
  157.480 -0.250 -12.974,
  157.982 -0.250 -13.198,
  158.503 -0.250 -13.375,
  159.038 -0.250 -13.505,
  159.582 -0.250 -13.584,
  160.131 -0.250 -13.614,
  160.681 -0.250 -13.593,
  161.226 -0.250 -13.521,
  161.763 -0.250 -13.400,
  161.849 -0.250 -13.402,
  161.920 -0.250 -13.452,
  161.952 -0.250 -13.532,
  161.934 -0.250 -13.617,
  161.873 -0.250 -13.678,
  161.337 -0.250 -13.934,
  160.782 -0.250 -14.145,
  160.211 -0.250 -14.309,
  159.736 -0.250 -14.396,
  159.254 -0.250 -14.427,
  158.772 -0.250 -14.403,
  158.296 -0.250 -14.323,
  157.833 -0.250 -14.188,
  157.308 -0.250 -14.030,
  156.770 -0.250 -13.922,
  156.225 -0.250 -13.865,
  155.677 -0.250 -13.861,
  155.131 -0.250 -13.909,
  154.591 -0.250 -14.008,
  154.064 -0.250 -14.158,
  153.553 -0.250 -14.357,
  153.144 -0.250 -14.575,
  152.769 -0.250 -14.848,
  151.895 -0.250 -15.582,
  151.552 -0.250 -15.824,
  151.221 -0.250 -16.049,
  150.923 -0.250 -16.315,
  150.663 -0.250 -16.619,
  150.574 -0.250 -16.711,
  150.465 -0.250 -16.777,
  150.343 -0.250 -16.814,
  150.290 -0.250 -16.822,
  150.206 -0.250 -16.811,
  150.142 -0.250 -16.755,
  150.118 -0.250 -16.674,
  150.112 -0.250 -14.722,
  149.632 -0.250 -14.722,
  149.622 -0.250 -16.727,
  149.607 -0.250 -16.793,
  149.564 -0.250 -16.845,
  149.502 -0.250 -16.874,
  149.239 -0.250 -16.908,
  148.974 -0.250 -16.904,
  148.454 -0.250 -16.875,
  147.933 -0.250 -16.882,
  147.413 -0.250 -16.925,
  146.898 -0.250 -17.004,
  146.390 -0.250 -17.119,
  145.891 -0.250 -17.269,
  145.325 -0.250 -17.426,
  144.744 -0.250 -17.520,
  144.157 -0.250 -17.548,
  143.570 -0.250 -17.512,
  143.276 -0.250 -17.446,
  142.999 -0.250 -17.329,
  142.747 -0.250 -17.163,
  142.592 -0.250 -17.018,
  142.462 -0.250 -16.851,
  142.361 -0.250 -16.665,
  142.348 -0.250 -16.592,
  142.372 -0.250 -16.522,
  142.426 -0.250 -16.472,
  142.498 -0.250 -16.454,
  144.883 -0.250 -16.444
 ] }
 coordIndex [ 181, 180, 179, -1, 178, 177, 176, -1, 179, 178, 176, -1, 181, 179, 176, -1,
     182, 181, 176, -1, 182, 176, 175, -1, 182, 175, 174, -1, 183, 182, 174, -1, 183, 174, 173, -1,
     184, 183, 173, -1, 185, 184, 173, -1, 185, 173, 172, -1, 186, 185, 172, -1, 186, 172, 171, -1,
     187, 186, 171, -1, 187, 171, 170, -1, 188, 187, 170, -1, 189, 188, 170, -1, 189, 170, 169, -1,
     190, 189, 169, -1, 190, 169, 168, -1, 191, 190, 168, -1, 191, 168, 167, -1, 192, 191, 167, -1,
     192, 167, 166, -1, 193, 192, 166, -1, 193, 166, 165, -1, 193, 165, 164, -1, 194, 193, 164, -1,
     164, 163, 162, -1, 194, 164, 162, -1, 195, 194, 162, -1, 195, 162, 161, -1, 196, 195, 161, -1,
     196, 161, 160, -1, 197, 196, 160, -1, 197, 160, 159, -1, 197, 159, 158, -1, 198, 197, 158, -1,
     198, 158, 157, -1, 199, 198, 157, -1, 199, 157, 156, -1, 199, 156, 155, -1, 199, 155, 154, -1,
     208, 207, 206, -1, 209, 208, 206, -1, 209, 206, 205, -1, 211, 210, 209, -1, 211, 209, 205, -1,
     211, 205, 204, -1, 211, 204, 203, -1, 212, 211, 203, -1, 212, 203, 202, -1, 212, 202, 201, -1,
     212, 201, 200, -1, 212, 200, 199, -1, 212, 199, 154, -1, 213, 212, 154, -1, 100, 99, 98, -1,
     101, 100, 98, -1, 98, 97, 96, -1, 101, 98, 96, -1, 105, 104, 103, -1, 105, 103, 102, -1,
     101, 96, 95, -1, 102, 101, 95, -1, 102, 95, 94, -1, 105, 102, 94, -1, 106, 105, 94, -1,
     109, 108, 107, -1, 109, 107, 106, -1, 110, 109, 106, -1, 111, 110, 106, -1, 111, 106, 94, -1,
     111, 94, 93, -1, 112, 111, 93, -1, 113, 112, 93, -1, 114, 113, 93, -1, 90, 89, 88, -1,
     91, 90, 88, -1, 88, 87, 86, -1, 91, 88, 86, -1, 91, 86, 85, -1, 92, 91, 85, -1,
     92, 85, 84, -1, 93, 92, 84, -1, 114, 93, 84, -1, 114, 84, 83, -1, 115, 114, 83, -1,
     79, 78, 77, -1, 80, 79, 77, -1, 77, 76, 75, -1, 80, 77, 75, -1, 80, 75, 74, -1,
     81, 80, 74, -1, 81, 74, 73, -1, 82, 81, 73, -1, 83, 82, 73, -1, 115, 83, 73, -1,
     115, 73, 72, -1, 115, 72, 71, -1, 67, 66, 65, -1, 69, 68, 67, -1, 69, 67, 65, -1,
     70, 69, 65, -1, 71, 70, 65, -1, 71, 65, 64, -1, 71, 64, 63, -1, 115, 71, 63, -1,
     116, 115, 63, -1, 116, 63, 62, -1, 117, 116, 62, -1, 117, 62, 61, -1, 117, 61, 60, -1,
     117, 60, 59, -1, 118, 117, 59, -1, 120, 119, 118, -1, 121, 120, 118, -1, 121, 118, 59, -1,
     122, 121, 59, -1, 123, 122, 59, -1, 125, 124, 123, -1, 126, 125, 123, -1, 126, 123, 59, -1,
     28, 27, 26, -1, 29, 28, 26, -1, 30, 29, 26, -1, 26, 25, 24, -1, 30, 26, 24, -1,
     24, 23, 22, -1, 30, 24, 22, -1, 30, 22, 21, -1, 31, 30, 21, -1, 21, 20, 19, -1,
     31, 21, 19, -1, 31, 19, 18, -1, 17, 16, 15, -1, 18, 17, 15, -1, 31, 18, 15, -1,
     32, 31, 15, -1, 32, 15, 14, -1, 37, 36, 35, -1, 39, 38, 37, -1, 37, 35, 34, -1,
     39, 37, 34, -1, 40, 39, 34, -1, 40, 34, 33, -1, 33, 32, 14, -1, 40, 33, 14, -1,
     41, 40, 14, -1, 42, 41, 14, -1, 42, 14, 13, -1, 48, 47, 46, -1, 48, 46, 45, -1,
     50, 49, 48, -1, 50, 48, 45, -1, 50, 45, 44, -1, 51, 50, 44, -1, 51, 44, 43, -1,
     43, 42, 13, -1, 51, 43, 13, -1, 51, 13, 12, -1, 52, 51, 12, -1, 53, 52, 12, -1,
     53, 12, 11, -1, 53, 11, 10, -1, 54, 53, 10, -1, 55, 54, 10, -1, 55, 10, 9, -1,
     56, 55, 9, -1, 57, 56, 9, -1, 126, 59, 58, -1, 126, 58, 57, -1, 126, 57, 9, -1,
     126, 9, 8, -1, 128, 127, 126, -1, 129, 128, 126, -1, 129, 126, 8, -1, 130, 129, 8, -1,
     130, 8, 7, -1, 131, 130, 7, -1, 132, 131, 7, -1, 132, 7, 6, -1, 133, 132, 6, -1,
     133, 6, 5, -1, 4, 3, 2, -1, 4, 2, 1, -1, 5, 4, 1, -1, 133, 5, 1, -1,
     134, 133, 1, -1, 134, 1, 0, -1, 135, 134, 0, -1, 136, 135, 0, -1, 137, 136, 0, -1,
     138, 137, 0, -1, 139, 138, 0, -1, 140, 139, 0, -1, 141, 140, 0, -1, 213, 154, 153, -1,
     213, 153, 152, -1, 213, 152, 151, -1, 213, 151, 150, -1, 213, 150, 149, -1, 213, 149, 148, -1,
     213, 148, 147, -1, 217, 216, 215, -1, 217, 215, 214, -1, 218, 217, 214, -1, 219, 218, 214, -1,
     219, 214, 213, -1, 220, 219, 213, -1, 221, 220, 213, -1, 222, 221, 213, -1, 222, 213, 147, -1,
     147, 146, 145, -1, 222, 147, 145, -1, 145, 144, 143, -1, 222, 145, 143, -1, 143, 142, 141, -1,
     222, 143, 141, -1, 222, 141, 0, -1, 223, 222, 0, -1, 224, 223, 0, -1, 225, 224, 0, -1,
     225, 0, 240, -1, 226, 225, 240, -1, 238, 237, 236, -1, 238, 236, 235, -1, 239, 238, 235, -1,
     235, 234, 233, -1, 239, 235, 233, -1, 233, 232, 231, -1, 233, 231, 230, -1, 239, 233, 230, -1,
     239, 230, 229, -1, 240, 239, 229, -1, 227, 226, 240, -1, 227, 240, 229, -1, 227, 229, 228, -1
 ]
convex TRUE
creaseAngle 0.3490
}
}
]
}
]
}

]
}
DEF DesignMove1n1 PositionInterpolator {
key [ 0.0 0.00000 0.11538 0.23077 0.34615 0.46154 0.57692 0.69231 0.80769 1.00000 1.0 ]
keyValue [
  0.000 0.000 0.000
  0.000 0.000 0.000
  0.000 0.000 0.000
  0.000 0.000 0.000
  0.000 0.000 0.000
  0.000 0.000 0.000
  0.000 0.000 0.000
  0.000 0.000 0.000
  0.000 0.000 7.500
  0.000 0.000 7.500
  0.000 0.000 7.500
]
}
DEF DesignMove2n1 PositionInterpolator {
key [ 0.0 0.00000 0.11538 0.23077 0.34615 0.46154 0.57692 0.69231 0.80769 1.00000 1.0 ]
keyValue [
  0.000 0.000 0.000
  0.000 0.000 0.000
  0.000 0.000 0.000
  0.000 0.000 0.000
  0.000 0.000 0.000
  0.000 0.000 0.000
  0.000 0.000 0.000
  0.000 10.000 0.000
  0.000 10.000 0.000
  0.000 10.000 0.000
  0.000 10.000 0.000
]
}
DEF DesignMove3n1 PositionInterpolator {
key [ 0.0 0.00000 0.11538 0.23077 0.34615 0.46154 0.57692 0.69231 0.80769 1.00000 1.0 ]
keyValue [
  0.000 0.000 0.000
  0.000 0.000 0.000
  0.000 0.000 0.000
  0.000 0.000 0.000
  0.000 0.000 0.000
  0.000 0.000 0.000
  0.000 -10.000 0.000
  0.000 -10.000 0.000
  0.000 -10.000 0.000
  0.000 -10.000 0.000
  0.000 -10.000 0.000
]
}
DEF DesignMove4n1 PositionInterpolator {
key [ 0.0 0.00000 0.11538 0.23077 0.34615 0.46154 0.57692 0.69231 0.80769 1.00000 1.0 ]
keyValue [
  0.000 0.000 0.000
  0.000 0.000 0.000
  0.000 0.000 0.000
  0.000 0.000 0.000
  0.000 0.000 0.000
  0.000 10.000 0.000
  0.000 10.000 0.000
  0.000 10.000 0.000
  0.000 10.000 0.000
  0.000 10.000 0.000
  0.000 10.000 0.000
]
}
DEF DesignMove5n1 PositionInterpolator {
key [ 0.0 0.00000 0.11538 0.23077 0.34615 0.46154 0.57692 0.69231 0.80769 1.00000 1.0 ]
keyValue [
  0.000 0.000 0.000
  0.000 0.000 0.000
  0.000 0.000 0.000
  0.000 0.000 0.000
  0.000 -10.000 0.000
  0.000 -10.000 0.000
  0.000 -10.000 0.000
  0.000 -10.000 0.000
  0.000 -10.000 0.000
  0.000 -10.000 0.000
  0.000 -10.000 0.000
]
}
DEF DesignMove6n1 PositionInterpolator {
key [ 0.0 0.00000 0.11538 0.23077 0.34615 0.46154 0.57692 0.69231 0.80769 1.00000 1.0 ]
keyValue [
  0.000 0.000 0.000
  0.000 0.000 0.000
  0.000 0.000 0.000
  10.000 0.000 0.000
  10.000 0.000 0.000
  10.000 0.000 0.000
  10.000 0.000 0.000
  10.000 0.000 0.000
  10.000 0.000 0.000
  10.000 0.000 0.000
  10.000 0.000 0.000
]
}
DEF DesignMove7n1 PositionInterpolator {
key [ 0.0 0.00000 0.11538 0.23077 0.34615 0.46154 0.57692 0.69231 0.80769 1.00000 1.0 ]
keyValue [
  0.000 0.000 0.000
  0.000 0.000 0.000
  0.000 0.000 10.000
  0.000 0.000 10.000
  0.000 0.000 10.000
  0.000 0.000 10.000
  0.000 0.000 10.000
  0.000 0.000 10.000
  0.000 0.000 10.000
  0.000 0.000 10.000
  0.000 0.000 10.000
]
}
DEF FoldRotateTime TimeSensor {
  startTime 1
  stopTime 0
  loop TRUE
  cycleInterval 26.00000
}

ROUTE FoldRotateTime.fraction_changed TO DesignMove1n1.set_fraction
ROUTE DesignMove1n1.value_changed TO Design1t1.translation
ROUTE FoldRotateTime.fraction_changed TO DesignMove2n1.set_fraction
ROUTE DesignMove2n1.value_changed TO Design2t1.translation
ROUTE FoldRotateTime.fraction_changed TO DesignMove3n1.set_fraction
ROUTE DesignMove3n1.value_changed TO Design3t1.translation
ROUTE FoldRotateTime.fraction_changed TO DesignMove4n1.set_fraction
ROUTE DesignMove4n1.value_changed TO Design4t1.translation
ROUTE FoldRotateTime.fraction_changed TO DesignMove5n1.set_fraction
ROUTE DesignMove5n1.value_changed TO Design5t1.translation
ROUTE FoldRotateTime.fraction_changed TO DesignMove6n1.set_fraction
ROUTE DesignMove6n1.value_changed TO Design6t1.translation
ROUTE FoldRotateTime.fraction_changed TO DesignMove7n1.set_fraction
ROUTE DesignMove7n1.value_changed TO Design7t1.translation
