#VRML V2.0 utf8
Background {
skyColor 1.00 1.00 1.00
}
DEF VIEWPOINT Viewpoint {
position -23.7441 -37.7704 -12.2813
orientation -0.968 -0.198 0.151 -1.334
fieldOfView 0.7107
centerOfRotation -28.5220 5.4820 -19.3635
description "Initial View"
}
NavigationInfo {
type "EXAMINE"
}

WorldInfo {
title "S＆D‗スチレン恐竜組立キット_スピノサウルス_001_05"
info [ "3D output created by ArtiosCAD"
"units cm"
"http://www.esko.com"
]
}

Transform {
scale 1 1 1

children [

DEF Design9t1 Transform {
children [
Transform {
children [
Shape {
appearance Appearance {
material DEF INMAT1 Material {
      diffuseColor 0.800 0.800 0.800
      ambientIntensity 0.299
      specularColor 0.000 0.000 0.000
      shininess 0.000
      transparency 0.000
}
}
geometry IndexedFaceSet {
coord Coordinate { point [
  -21.597 10.500 -16.390,
  -21.597 10.500 -15.410,
  -22.077 10.500 -15.410,
  -22.077 10.500 -15.762,
  -22.702 10.500 -15.752,
  -22.713 10.500 -15.546,
  -22.712 10.500 -15.313,
  -22.645 10.500 -15.089,
  -22.519 10.500 -14.892,
  -22.344 10.500 -14.738,
  -22.132 10.500 -14.639,
  -21.902 10.500 -14.603,
  -21.670 10.500 -14.631,
  -21.456 10.500 -14.723,
  -21.389 10.500 -14.757,
  -21.273 10.500 -14.825,
  -21.180 10.500 -14.920,
  -21.115 10.500 -15.037,
  -21.088 10.500 -15.135,
  -21.027 10.500 -15.480,
  -21.012 10.500 -15.643,
  -21.023 10.500 -15.806,
  -21.109 10.500 -16.390,
  -21.126 10.500 -16.503,
  -21.123 10.500 -16.614,
  -21.079 10.500 -16.715,
  -21.002 10.500 -16.794,
  -20.885 10.500 -16.876,
  -20.744 10.500 -16.996,
  -20.559 10.500 -17.145,
  -20.345 10.500 -17.249,
  -19.920 10.500 -17.345,
  -19.744 10.500 -17.436,
  -19.595 10.500 -17.567,
  -19.447 10.500 -17.702,
  -19.273 10.500 -17.802,
  -19.081 10.500 -17.862,
  -18.883 10.500 -17.896,
  -18.831 10.500 -17.900,
  -18.728 10.500 -17.916,
  -18.637 10.500 -17.968,
  -18.498 10.500 -18.140,
  -18.369 10.500 -18.288,
  -18.342 10.500 -18.369,
  -18.360 10.500 -18.451,
  -18.417 10.500 -18.513,
  -18.499 10.500 -18.537,
  -18.669 10.500 -18.554,
  -18.744 10.500 -18.553,
  -18.813 10.500 -18.521,
  -18.922 10.500 -18.460,
  -19.072 10.500 -18.414,
  -19.228 10.500 -18.424,
  -19.305 10.500 -18.465,
  -19.355 10.500 -18.536,
  -19.367 10.500 -18.622,
  -19.338 10.500 -18.704,
  -19.291 10.500 -18.775,
  -19.216 10.500 -18.868,
  -19.170 10.500 -18.946,
  -19.167 10.500 -19.036,
  -19.172 10.500 -19.125,
  -19.180 10.500 -19.331,
  -19.215 10.500 -19.408,
  -19.284 10.500 -19.456,
  -19.369 10.500 -19.461,
  -19.444 10.500 -19.423,
  -19.583 10.500 -19.317,
  -19.641 10.500 -19.259,
  -19.669 10.500 -19.181,
  -19.681 10.500 -19.070,
  -19.697 10.500 -18.997,
  -19.727 10.500 -18.929,
  -19.793 10.500 -18.842,
  -19.878 10.500 -18.774,
  -19.966 10.500 -18.747,
  -20.055 10.500 -18.767,
  -20.123 10.500 -18.829,
  -20.152 10.500 -18.916,
  -20.155 10.500 -18.955,
  -20.147 10.500 -19.018,
  -20.134 10.500 -19.060,
  -20.127 10.500 -19.131,
  -20.147 10.500 -19.200,
  -20.192 10.500 -19.256,
  -20.406 10.500 -19.474,
  -20.484 10.500 -19.508,
  -20.568 10.500 -19.498,
  -20.634 10.500 -19.446,
  -20.665 10.500 -19.367,
  -20.697 10.500 -19.199,
  -20.703 10.500 -19.129,
  -20.682 10.500 -19.062,
  -20.623 10.500 -18.895,
  -20.597 10.500 -18.763,
  -20.594 10.500 -18.606,
  -20.645 10.500 -18.457,
  -20.712 10.500 -18.336,
  -20.787 10.500 -18.228,
  -20.885 10.500 -18.140,
  -20.999 10.500 -18.075,
  -21.307 10.500 -17.904,
  -21.488 10.500 -17.794,
  -21.680 10.500 -17.706,
  -22.127 10.500 -17.533,
  -22.279 10.500 -17.488,
  -22.452 10.500 -17.420,
  -22.595 10.500 -17.301,
  -22.693 10.500 -17.143,
  -22.737 10.500 -16.962,
  -22.759 10.500 -16.775,
  -22.800 10.500 -16.590,
  -22.819 10.500 -16.417,
  -22.786 10.500 -16.245,
  -22.725 10.500 -16.017,
  -22.702 10.500 -15.762,
  -22.702 10.500 -15.752,
  -22.077 10.500 -15.762,
  -22.077 10.500 -16.390,
  -21.597 10.000 -16.390,
  -21.597 10.000 -15.410,
  -22.077 10.000 -15.410,
  -22.077 10.000 -15.762,
  -22.702 10.000 -15.752,
  -22.713 10.000 -15.546,
  -22.712 10.000 -15.313,
  -22.645 10.000 -15.089,
  -22.519 10.000 -14.892,
  -22.344 10.000 -14.738,
  -22.132 10.000 -14.639,
  -21.902 10.000 -14.603,
  -21.670 10.000 -14.631,
  -21.456 10.000 -14.723,
  -21.389 10.000 -14.757,
  -21.273 10.000 -14.825,
  -21.180 10.000 -14.920,
  -21.115 10.000 -15.037,
  -21.088 10.000 -15.135,
  -21.027 10.000 -15.480,
  -21.012 10.000 -15.643,
  -21.023 10.000 -15.806,
  -21.109 10.000 -16.390,
  -21.126 10.000 -16.503,
  -21.123 10.000 -16.614,
  -21.079 10.000 -16.715,
  -21.002 10.000 -16.794,
  -20.885 10.000 -16.876,
  -20.744 10.000 -16.996,
  -20.559 10.000 -17.145,
  -20.345 10.000 -17.249,
  -19.920 10.000 -17.345,
  -19.744 10.000 -17.436,
  -19.595 10.000 -17.567,
  -19.447 10.000 -17.702,
  -19.273 10.000 -17.802,
  -19.081 10.000 -17.862,
  -18.883 10.000 -17.896,
  -18.831 10.000 -17.900,
  -18.728 10.000 -17.916,
  -18.637 10.000 -17.968,
  -18.498 10.000 -18.140,
  -18.369 10.000 -18.288,
  -18.342 10.000 -18.369,
  -18.360 10.000 -18.451,
  -18.417 10.000 -18.513,
  -18.499 10.000 -18.537,
  -18.669 10.000 -18.554,
  -18.744 10.000 -18.553,
  -18.813 10.000 -18.521,
  -18.922 10.000 -18.460,
  -19.072 10.000 -18.414,
  -19.228 10.000 -18.424,
  -19.305 10.000 -18.465,
  -19.355 10.000 -18.536,
  -19.367 10.000 -18.622,
  -19.338 10.000 -18.704,
  -19.291 10.000 -18.775,
  -19.216 10.000 -18.868,
  -19.170 10.000 -18.946,
  -19.167 10.000 -19.036,
  -19.172 10.000 -19.125,
  -19.180 10.000 -19.331,
  -19.215 10.000 -19.408,
  -19.284 10.000 -19.456,
  -19.369 10.000 -19.461,
  -19.444 10.000 -19.423,
  -19.583 10.000 -19.317,
  -19.641 10.000 -19.259,
  -19.669 10.000 -19.181,
  -19.681 10.000 -19.070,
  -19.697 10.000 -18.997,
  -19.727 10.000 -18.929,
  -19.793 10.000 -18.842,
  -19.878 10.000 -18.774,
  -19.966 10.000 -18.747,
  -20.055 10.000 -18.767,
  -20.123 10.000 -18.829,
  -20.152 10.000 -18.916,
  -20.155 10.000 -18.955,
  -20.147 10.000 -19.018,
  -20.134 10.000 -19.060,
  -20.127 10.000 -19.131,
  -20.147 10.000 -19.200,
  -20.192 10.000 -19.256,
  -20.406 10.000 -19.474,
  -20.484 10.000 -19.508,
  -20.568 10.000 -19.498,
  -20.634 10.000 -19.446,
  -20.665 10.000 -19.367,
  -20.697 10.000 -19.199,
  -20.703 10.000 -19.129,
  -20.682 10.000 -19.062,
  -20.623 10.000 -18.895,
  -20.597 10.000 -18.763,
  -20.594 10.000 -18.606,
  -20.645 10.000 -18.457,
  -20.712 10.000 -18.336,
  -20.787 10.000 -18.228,
  -20.885 10.000 -18.140,
  -20.999 10.000 -18.075,
  -21.307 10.000 -17.904,
  -21.488 10.000 -17.794,
  -21.680 10.000 -17.706,
  -22.127 10.000 -17.533,
  -22.279 10.000 -17.488,
  -22.452 10.000 -17.420,
  -22.595 10.000 -17.301,
  -22.693 10.000 -17.143,
  -22.737 10.000 -16.962,
  -22.759 10.000 -16.775,
  -22.800 10.000 -16.590,
  -22.819 10.000 -16.417,
  -22.786 10.000 -16.245,
  -22.725 10.000 -16.017,
  -22.702 10.000 -15.762,
  -22.702 10.000 -15.752,
  -22.077 10.000 -15.762,
  -22.077 10.000 -16.390
 ] }
coordIndex [ 3, 115, 5, -1, 2, 3, 5, -1, 2, 5, 6, -1, 2, 6, 7, -1,
     2, 7, 8, -1, 2, 8, 9, -1, 9, 10, 11, -1, 2, 9, 11, -1, 2, 11, 12, -1,
     1, 2, 12, -1, 1, 12, 13, -1, 1, 13, 14, -1, 1, 14, 15, -1, 1, 15, 16, -1,
     1, 16, 17, -1, 1, 17, 18, -1, 1, 18, 19, -1, 1, 19, 20, -1, 1, 20, 21, -1,
     0, 1, 21, -1, 0, 21, 22, -1, 114, 115, 3, -1, 114, 3, 118, -1, 113, 114, 118, -1,
     112, 113, 118, -1, 111, 112, 118, -1, 110, 111, 118, -1, 108, 109, 110, -1, 108, 110, 118, -1,
     106, 107, 108, -1, 106, 108, 118, -1, 105, 106, 118, -1, 104, 105, 118, -1, 104, 118, 0, -1,
     0, 22, 23, -1, 0, 23, 24, -1, 0, 24, 25, -1, 104, 0, 25, -1, 103, 104, 25, -1,
     103, 25, 26, -1, 102, 103, 26, -1, 102, 26, 27, -1, 102, 27, 28, -1, 101, 102, 28, -1,
     100, 101, 28, -1, 100, 28, 29, -1, 99, 100, 29, -1, 99, 29, 30, -1, 98, 99, 30, -1,
     30, 31, 32, -1, 98, 30, 32, -1, 43, 44, 45, -1, 43, 45, 46, -1, 42, 43, 46, -1,
     41, 42, 46, -1, 41, 46, 47, -1, 47, 48, 49, -1, 47, 49, 50, -1, 41, 47, 50, -1,
     41, 50, 51, -1, 40, 41, 51, -1, 37, 38, 39, -1, 37, 39, 40, -1, 37, 40, 51, -1,
     36, 37, 51, -1, 36, 51, 52, -1, 35, 36, 52, -1, 35, 52, 53, -1, 34, 35, 53, -1,
     98, 32, 33, -1, 98, 33, 34, -1, 34, 53, 54, -1, 98, 34, 54, -1, 63, 64, 65, -1,
     62, 63, 65, -1, 65, 66, 67, -1, 62, 65, 67, -1, 61, 62, 67, -1, 59, 60, 61, -1,
     59, 61, 67, -1, 67, 68, 69, -1, 59, 67, 69, -1, 58, 59, 69, -1, 58, 69, 70, -1,
     58, 70, 71, -1, 57, 58, 71, -1, 56, 57, 71, -1, 56, 71, 72, -1, 56, 72, 73, -1,
     55, 56, 73, -1, 54, 55, 73, -1, 54, 73, 74, -1, 54, 74, 75, -1, 98, 54, 75, -1,
     97, 98, 75, -1, 96, 97, 75, -1, 95, 96, 75, -1, 95, 75, 76, -1, 95, 76, 77, -1,
     94, 95, 77, -1, 94, 77, 78, -1, 93, 94, 78, -1, 93, 78, 79, -1, 93, 79, 80, -1,
     91, 92, 93, -1, 91, 93, 80, -1, 80, 81, 82, -1, 80, 82, 83, -1, 91, 80, 83, -1,
     83, 84, 85, -1, 91, 83, 85, -1, 89, 90, 91, -1, 89, 91, 85, -1, 87, 88, 89, -1,
     87, 89, 85, -1, 86, 87, 85, -1
  1, 0, 119, 120, -1,
  2, 1, 120, 121, -1,
  3, 2, 121, 122, -1,
  4, 3, 122, 123, -1,
  5, 4, 123, 124, -1,
  6, 5, 124, 125, -1,
  7, 6, 125, 126, -1,
  8, 7, 126, 127, -1,
  9, 8, 127, 128, -1,
  10, 9, 128, 129, -1,
  11, 10, 129, 130, -1,
  12, 11, 130, 131, -1,
  13, 12, 131, 132, -1,
  14, 13, 132, 133, -1,
  15, 14, 133, 134, -1,
  16, 15, 134, 135, -1,
  17, 16, 135, 136, -1,
  18, 17, 136, 137, -1,
  19, 18, 137, 138, -1,
  20, 19, 138, 139, -1,
  21, 20, 139, 140, -1,
  22, 21, 140, 141, -1,
  23, 22, 141, 142, -1,
  24, 23, 142, 143, -1,
  25, 24, 143, 144, -1,
  26, 25, 144, 145, -1,
  27, 26, 145, 146, -1,
  28, 27, 146, 147, -1,
  29, 28, 147, 148, -1,
  30, 29, 148, 149, -1,
  31, 30, 149, 150, -1,
  32, 31, 150, 151, -1,
  33, 32, 151, 152, -1,
  34, 33, 152, 153, -1,
  35, 34, 153, 154, -1,
  36, 35, 154, 155, -1,
  37, 36, 155, 156, -1,
  38, 37, 156, 157, -1,
  39, 38, 157, 158, -1,
  40, 39, 158, 159, -1,
  41, 40, 159, 160, -1,
  42, 41, 160, 161, -1,
  43, 42, 161, 162, -1,
  44, 43, 162, 163, -1,
  45, 44, 163, 164, -1,
  46, 45, 164, 165, -1,
  47, 46, 165, 166, -1,
  48, 47, 166, 167, -1,
  49, 48, 167, 168, -1,
  50, 49, 168, 169, -1,
  51, 50, 169, 170, -1,
  52, 51, 170, 171, -1,
  53, 52, 171, 172, -1,
  54, 53, 172, 173, -1,
  55, 54, 173, 174, -1,
  56, 55, 174, 175, -1,
  57, 56, 175, 176, -1,
  58, 57, 176, 177, -1,
  59, 58, 177, 178, -1,
  60, 59, 178, 179, -1,
  61, 60, 179, 180, -1,
  62, 61, 180, 181, -1,
  63, 62, 181, 182, -1,
  64, 63, 182, 183, -1,
  65, 64, 183, 184, -1,
  66, 65, 184, 185, -1,
  67, 66, 185, 186, -1,
  68, 67, 186, 187, -1,
  69, 68, 187, 188, -1,
  70, 69, 188, 189, -1,
  71, 70, 189, 190, -1,
  72, 71, 190, 191, -1,
  73, 72, 191, 192, -1,
  74, 73, 192, 193, -1,
  75, 74, 193, 194, -1,
  76, 75, 194, 195, -1,
  77, 76, 195, 196, -1,
  78, 77, 196, 197, -1,
  79, 78, 197, 198, -1,
  80, 79, 198, 199, -1,
  81, 80, 199, 200, -1,
  82, 81, 200, 201, -1,
  83, 82, 201, 202, -1,
  84, 83, 202, 203, -1,
  85, 84, 203, 204, -1,
  86, 85, 204, 205, -1,
  87, 86, 205, 206, -1,
  88, 87, 206, 207, -1,
  89, 88, 207, 208, -1,
  90, 89, 208, 209, -1,
  91, 90, 209, 210, -1,
  92, 91, 210, 211, -1,
  93, 92, 211, 212, -1,
  94, 93, 212, 213, -1,
  95, 94, 213, 214, -1,
  96, 95, 214, 215, -1,
  97, 96, 215, 216, -1,
  98, 97, 216, 217, -1,
  99, 98, 217, 218, -1,
  100, 99, 218, 219, -1,
  101, 100, 219, 220, -1,
  102, 101, 220, 221, -1,
  103, 102, 221, 222, -1,
  104, 103, 222, 223, -1,
  105, 104, 223, 224, -1,
  106, 105, 224, 225, -1,
  107, 106, 225, 226, -1,
  108, 107, 226, 227, -1,
  109, 108, 227, 228, -1,
  110, 109, 228, 229, -1,
  111, 110, 229, 230, -1,
  112, 111, 230, 231, -1,
  113, 112, 231, 232, -1,
  114, 113, 232, 233, -1,
  115, 114, 233, 234, -1,
  116, 115, 234, 235, -1,
  117, 116, 235, 236, -1,
  118, 117, 236, 237, -1,
  0, 118, 237, 119, -1
 ]
convex TRUE
creaseAngle 0.3490
}
}
Shape {
appearance Appearance {
material DEF OUTMAT1 Material {
      diffuseColor 0.600 0.851 0.910
      ambientIntensity 0.295
      specularColor 0.000 0.000 0.000
      shininess 0.000
      transparency 0.000
}
}
geometry IndexedFaceSet {
coord Coordinate { point [
  -21.597 10.000 -16.390,
  -21.597 10.000 -15.410,
  -22.077 10.000 -15.410,
  -22.077 10.000 -15.762,
  -22.702 10.000 -15.752,
  -22.713 10.000 -15.546,
  -22.712 10.000 -15.313,
  -22.645 10.000 -15.089,
  -22.519 10.000 -14.892,
  -22.344 10.000 -14.738,
  -22.132 10.000 -14.639,
  -21.902 10.000 -14.603,
  -21.670 10.000 -14.631,
  -21.456 10.000 -14.723,
  -21.389 10.000 -14.757,
  -21.273 10.000 -14.825,
  -21.180 10.000 -14.920,
  -21.115 10.000 -15.037,
  -21.088 10.000 -15.135,
  -21.027 10.000 -15.480,
  -21.012 10.000 -15.643,
  -21.023 10.000 -15.806,
  -21.109 10.000 -16.390,
  -21.126 10.000 -16.503,
  -21.123 10.000 -16.614,
  -21.079 10.000 -16.715,
  -21.002 10.000 -16.794,
  -20.885 10.000 -16.876,
  -20.744 10.000 -16.996,
  -20.559 10.000 -17.145,
  -20.345 10.000 -17.249,
  -19.920 10.000 -17.345,
  -19.744 10.000 -17.436,
  -19.595 10.000 -17.567,
  -19.447 10.000 -17.702,
  -19.273 10.000 -17.802,
  -19.081 10.000 -17.862,
  -18.883 10.000 -17.896,
  -18.831 10.000 -17.900,
  -18.728 10.000 -17.916,
  -18.637 10.000 -17.968,
  -18.498 10.000 -18.140,
  -18.369 10.000 -18.288,
  -18.342 10.000 -18.369,
  -18.360 10.000 -18.451,
  -18.417 10.000 -18.513,
  -18.499 10.000 -18.537,
  -18.669 10.000 -18.554,
  -18.744 10.000 -18.553,
  -18.813 10.000 -18.521,
  -18.922 10.000 -18.460,
  -19.072 10.000 -18.414,
  -19.228 10.000 -18.424,
  -19.305 10.000 -18.465,
  -19.355 10.000 -18.536,
  -19.367 10.000 -18.622,
  -19.338 10.000 -18.704,
  -19.291 10.000 -18.775,
  -19.216 10.000 -18.868,
  -19.170 10.000 -18.946,
  -19.167 10.000 -19.036,
  -19.172 10.000 -19.125,
  -19.180 10.000 -19.331,
  -19.215 10.000 -19.408,
  -19.284 10.000 -19.456,
  -19.369 10.000 -19.461,
  -19.444 10.000 -19.423,
  -19.583 10.000 -19.317,
  -19.641 10.000 -19.259,
  -19.669 10.000 -19.181,
  -19.681 10.000 -19.070,
  -19.697 10.000 -18.997,
  -19.727 10.000 -18.929,
  -19.793 10.000 -18.842,
  -19.878 10.000 -18.774,
  -19.966 10.000 -18.747,
  -20.055 10.000 -18.767,
  -20.123 10.000 -18.829,
  -20.152 10.000 -18.916,
  -20.155 10.000 -18.955,
  -20.147 10.000 -19.018,
  -20.134 10.000 -19.060,
  -20.127 10.000 -19.131,
  -20.147 10.000 -19.200,
  -20.192 10.000 -19.256,
  -20.406 10.000 -19.474,
  -20.484 10.000 -19.508,
  -20.568 10.000 -19.498,
  -20.634 10.000 -19.446,
  -20.665 10.000 -19.367,
  -20.697 10.000 -19.199,
  -20.703 10.000 -19.129,
  -20.682 10.000 -19.062,
  -20.623 10.000 -18.895,
  -20.597 10.000 -18.763,
  -20.594 10.000 -18.606,
  -20.645 10.000 -18.457,
  -20.712 10.000 -18.336,
  -20.787 10.000 -18.228,
  -20.885 10.000 -18.140,
  -20.999 10.000 -18.075,
  -21.307 10.000 -17.904,
  -21.488 10.000 -17.794,
  -21.680 10.000 -17.706,
  -22.127 10.000 -17.533,
  -22.279 10.000 -17.488,
  -22.452 10.000 -17.420,
  -22.595 10.000 -17.301,
  -22.693 10.000 -17.143,
  -22.737 10.000 -16.962,
  -22.759 10.000 -16.775,
  -22.800 10.000 -16.590,
  -22.819 10.000 -16.417,
  -22.786 10.000 -16.245,
  -22.725 10.000 -16.017,
  -22.702 10.000 -15.762,
  -22.702 10.000 -15.752,
  -22.077 10.000 -15.762,
  -22.077 10.000 -16.390
 ] }
 coordIndex [ 5, 115, 3, -1, 5, 3, 2, -1, 6, 5, 2, -1, 7, 6, 2, -1,
     8, 7, 2, -1, 9, 8, 2, -1, 11, 10, 9, -1, 11, 9, 2, -1, 12, 11, 2, -1,
     12, 2, 1, -1, 13, 12, 1, -1, 14, 13, 1, -1, 15, 14, 1, -1, 16, 15, 1, -1,
     17, 16, 1, -1, 18, 17, 1, -1, 19, 18, 1, -1, 20, 19, 1, -1, 21, 20, 1, -1,
     21, 1, 0, -1, 22, 21, 0, -1, 3, 115, 114, -1, 118, 3, 114, -1, 118, 114, 113, -1,
     118, 113, 112, -1, 118, 112, 111, -1, 118, 111, 110, -1, 110, 109, 108, -1, 118, 110, 108, -1,
     108, 107, 106, -1, 118, 108, 106, -1, 118, 106, 105, -1, 118, 105, 104, -1, 0, 118, 104, -1,
     23, 22, 0, -1, 24, 23, 0, -1, 25, 24, 0, -1, 25, 0, 104, -1, 25, 104, 103, -1,
     26, 25, 103, -1, 26, 103, 102, -1, 27, 26, 102, -1, 28, 27, 102, -1, 28, 102, 101, -1,
     28, 101, 100, -1, 29, 28, 100, -1, 29, 100, 99, -1, 30, 29, 99, -1, 30, 99, 98, -1,
     32, 31, 30, -1, 32, 30, 98, -1, 45, 44, 43, -1, 46, 45, 43, -1, 46, 43, 42, -1,
     46, 42, 41, -1, 47, 46, 41, -1, 49, 48, 47, -1, 50, 49, 47, -1, 50, 47, 41, -1,
     51, 50, 41, -1, 51, 41, 40, -1, 39, 38, 37, -1, 40, 39, 37, -1, 51, 40, 37, -1,
     51, 37, 36, -1, 52, 51, 36, -1, 52, 36, 35, -1, 53, 52, 35, -1, 53, 35, 34, -1,
     33, 32, 98, -1, 34, 33, 98, -1, 54, 53, 34, -1, 54, 34, 98, -1, 65, 64, 63, -1,
     65, 63, 62, -1, 67, 66, 65, -1, 67, 65, 62, -1, 67, 62, 61, -1, 61, 60, 59, -1,
     67, 61, 59, -1, 69, 68, 67, -1, 69, 67, 59, -1, 69, 59, 58, -1, 70, 69, 58, -1,
     71, 70, 58, -1, 71, 58, 57, -1, 71, 57, 56, -1, 72, 71, 56, -1, 73, 72, 56, -1,
     73, 56, 55, -1, 73, 55, 54, -1, 74, 73, 54, -1, 75, 74, 54, -1, 75, 54, 98, -1,
     75, 98, 97, -1, 75, 97, 96, -1, 75, 96, 95, -1, 76, 75, 95, -1, 77, 76, 95, -1,
     77, 95, 94, -1, 78, 77, 94, -1, 78, 94, 93, -1, 79, 78, 93, -1, 80, 79, 93, -1,
     93, 92, 91, -1, 80, 93, 91, -1, 82, 81, 80, -1, 83, 82, 80, -1, 83, 80, 91, -1,
     85, 84, 83, -1, 85, 83, 91, -1, 91, 90, 89, -1, 85, 91, 89, -1, 89, 88, 87, -1,
     85, 89, 87, -1, 85, 87, 86, -1
 ]
convex TRUE
creaseAngle 0.3490
}
}
]
}
]
}


DEF Design2t1 Transform {
children [
Transform {
children [
Shape {
appearance Appearance {
material DEF INMAT2 Material {
      diffuseColor 0.800 0.800 0.800
      ambientIntensity 0.299
      specularColor 0.000 0.000 0.000
      shininess 0.000
      transparency 0.000
}
}
geometry IndexedFaceSet {
coord Coordinate { point [
  -26.846 -2.564 -32.524,
  -25.766 -2.564 -32.524,
  -25.766 -2.044 -32.524,
  -26.846 -2.044 -32.524,
  -27.347 -2.044 -32.524,
  -27.347 -2.020 -32.524,
  -27.342 -2.003 -32.524,
  -27.241 -1.828 -32.524,
  -27.175 -1.744 -32.524,
  -26.997 -1.540 -32.524,
  -26.791 -1.170 -32.524,
  -26.690 -1.056 -32.524,
  -26.567 -0.966 -32.524,
  -26.351 -0.802 -32.524,
  -26.182 -0.589 -32.524,
  -26.079 -0.441 -32.524,
  -25.959 -0.309 -32.524,
  -25.876 -0.213 -32.524,
  -25.806 -0.141 -32.524,
  -25.720 -0.092 -32.524,
  -25.623 -0.070 -32.524,
  -25.277 -0.006 -32.524,
  -25.062 -0.006 -32.524,
  -24.985 -0.036 -32.524,
  -24.935 -0.101 -32.524,
  -24.928 -0.183 -32.524,
  -24.965 -0.257 -32.524,
  -25.062 -0.391 -32.524,
  -25.126 -0.545 -32.524,
  -25.161 -0.621 -32.524,
  -25.219 -0.681 -32.524,
  -25.293 -0.721 -32.524,
  -25.404 -0.758 -32.524,
  -25.489 -0.804 -32.524,
  -25.554 -0.876 -32.524,
  -25.591 -0.965 -32.524,
  -25.586 -1.049 -32.524,
  -25.538 -1.116 -32.524,
  -25.460 -1.148 -32.524,
  -25.291 -1.137 -32.524,
  -25.134 -1.073 -32.524,
  -24.721 -0.819 -32.524,
  -24.609 -0.774 -32.524,
  -24.489 -0.785 -32.524,
  -24.335 -0.818 -32.524,
  -24.080 -0.845 -32.524,
  -24.007 -0.873 -32.524,
  -23.958 -0.933 -32.524,
  -23.946 -1.011 -32.524,
  -23.975 -1.083 -32.524,
  -24.090 -1.217 -32.524,
  -24.223 -1.332 -32.524,
  -24.375 -1.484 -32.524,
  -24.445 -1.550 -32.524,
  -24.534 -1.585 -32.524,
  -24.630 -1.586 -32.524,
  -24.691 -1.576 -32.524,
  -24.782 -1.576 -32.524,
  -25.061 -1.672 -32.524,
  -25.148 -1.725 -32.524,
  -25.207 -1.808 -32.524,
  -25.228 -1.907 -32.524,
  -25.228 -2.564 -32.524,
  -25.228 -2.629 -32.524,
  -25.277 -2.768 -32.524,
  -25.372 -2.881 -32.524,
  -25.419 -2.911 -32.524,
  -25.472 -2.928 -32.524,
  -25.790 -2.966 -32.524,
  -26.111 -2.967 -32.524,
  -26.446 -2.926 -32.524,
  -26.877 -2.883 -32.524,
  -27.048 -2.826 -32.524,
  -27.204 -2.734 -32.524,
  -27.338 -2.612 -32.524,
  -27.347 -2.590 -32.524,
  -27.347 -2.044 -32.524,
  -26.846 -2.044 -32.524,
  -27.347 -2.034 -32.524,
  -26.846 -2.564 -32.024,
  -25.766 -2.564 -32.024,
  -25.766 -2.044 -32.024,
  -26.846 -2.044 -32.024,
  -27.347 -2.044 -32.024,
  -27.347 -2.020 -32.024,
  -27.342 -2.003 -32.024,
  -27.241 -1.828 -32.024,
  -27.175 -1.744 -32.024,
  -26.997 -1.540 -32.024,
  -26.791 -1.170 -32.024,
  -26.690 -1.056 -32.024,
  -26.567 -0.966 -32.024,
  -26.351 -0.802 -32.024,
  -26.182 -0.589 -32.024,
  -26.079 -0.441 -32.024,
  -25.959 -0.309 -32.024,
  -25.876 -0.213 -32.024,
  -25.806 -0.141 -32.024,
  -25.720 -0.092 -32.024,
  -25.623 -0.070 -32.024,
  -25.277 -0.006 -32.024,
  -25.062 -0.006 -32.024,
  -24.985 -0.036 -32.024,
  -24.935 -0.101 -32.024,
  -24.928 -0.183 -32.024,
  -24.965 -0.257 -32.024,
  -25.062 -0.391 -32.024,
  -25.126 -0.545 -32.024,
  -25.161 -0.621 -32.024,
  -25.219 -0.681 -32.024,
  -25.293 -0.721 -32.024,
  -25.404 -0.758 -32.024,
  -25.489 -0.804 -32.024,
  -25.554 -0.876 -32.024,
  -25.591 -0.965 -32.024,
  -25.586 -1.049 -32.024,
  -25.538 -1.116 -32.024,
  -25.460 -1.148 -32.024,
  -25.291 -1.137 -32.024,
  -25.134 -1.073 -32.024,
  -24.721 -0.819 -32.024,
  -24.609 -0.774 -32.024,
  -24.489 -0.785 -32.024,
  -24.335 -0.818 -32.024,
  -24.080 -0.845 -32.024,
  -24.007 -0.873 -32.024,
  -23.958 -0.933 -32.024,
  -23.946 -1.011 -32.024,
  -23.975 -1.083 -32.024,
  -24.090 -1.217 -32.024,
  -24.223 -1.332 -32.024,
  -24.375 -1.484 -32.024,
  -24.445 -1.550 -32.024,
  -24.534 -1.585 -32.024,
  -24.630 -1.586 -32.024,
  -24.691 -1.576 -32.024,
  -24.782 -1.576 -32.024,
  -25.061 -1.672 -32.024,
  -25.148 -1.725 -32.024,
  -25.207 -1.808 -32.024,
  -25.228 -1.907 -32.024,
  -25.228 -2.564 -32.024,
  -25.228 -2.629 -32.024,
  -25.277 -2.768 -32.024,
  -25.372 -2.881 -32.024,
  -25.419 -2.911 -32.024,
  -25.472 -2.928 -32.024,
  -25.790 -2.966 -32.024,
  -26.111 -2.967 -32.024,
  -26.446 -2.926 -32.024,
  -26.877 -2.883 -32.024,
  -27.048 -2.826 -32.024,
  -27.204 -2.734 -32.024,
  -27.338 -2.612 -32.024,
  -27.347 -2.590 -32.024,
  -27.347 -2.044 -32.024,
  -26.846 -2.044 -32.024,
  -27.347 -2.034 -32.024
 ] }
coordIndex [ 46, 47, 48, -1, 46, 48, 49, -1, 45, 46, 49, -1, 44, 45, 49, -1,
     44, 49, 50, -1, 43, 44, 50, -1, 43, 50, 51, -1, 41, 42, 43, -1, 41, 43, 51, -1,
     41, 51, 52, -1, 53, 54, 55, -1, 53, 55, 56, -1, 52, 53, 56, -1, 41, 52, 56, -1,
     41, 56, 57, -1, 40, 41, 57, -1, 40, 57, 58, -1, 39, 40, 58, -1, 39, 58, 59, -1,
     38, 39, 59, -1, 4, 5, 6, -1, 4, 6, 7, -1, 3, 4, 7, -1, 3, 7, 8, -1,
     3, 8, 9, -1, 2, 3, 9, -1, 2, 9, 10, -1, 10, 11, 12, -1, 2, 10, 12, -1,
     2, 12, 13, -1, 23, 24, 25, -1, 23, 25, 26, -1, 21, 22, 23, -1, 21, 23, 26, -1,
     21, 26, 27, -1, 21, 27, 28, -1, 20, 21, 28, -1, 18, 19, 20, -1, 17, 18, 20, -1,
     17, 20, 28, -1, 30, 31, 32, -1, 29, 30, 32, -1, 28, 29, 32, -1, 17, 28, 32, -1,
     17, 32, 33, -1, 16, 17, 33, -1, 15, 16, 33, -1, 15, 33, 34, -1, 14, 15, 34, -1,
     14, 34, 35, -1, 13, 14, 35, -1, 13, 35, 36, -1, 13, 36, 37, -1, 2, 13, 37, -1,
     37, 38, 59, -1, 2, 37, 59, -1, 2, 59, 60, -1, 2, 60, 61, -1, 2, 61, 62, -1,
     1, 2, 62, -1, 4, 3, 0, -1, 75, 4, 0, -1, 74, 75, 0, -1, 73, 74, 0, -1,
     72, 73, 0, -1, 71, 72, 0, -1, 70, 71, 0, -1, 70, 0, 1, -1, 69, 70, 1, -1,
     1, 62, 63, -1, 1, 63, 64, -1, 1, 64, 65, -1, 65, 66, 67, -1, 1, 65, 67, -1,
     1, 67, 68, -1, 69, 1, 68, -1
  1, 0, 79, 80, -1,
  2, 1, 80, 81, -1,
  3, 2, 81, 82, -1,
  4, 3, 82, 83, -1,
  5, 4, 83, 84, -1,
  6, 5, 84, 85, -1,
  7, 6, 85, 86, -1,
  8, 7, 86, 87, -1,
  9, 8, 87, 88, -1,
  10, 9, 88, 89, -1,
  11, 10, 89, 90, -1,
  12, 11, 90, 91, -1,
  13, 12, 91, 92, -1,
  14, 13, 92, 93, -1,
  15, 14, 93, 94, -1,
  16, 15, 94, 95, -1,
  17, 16, 95, 96, -1,
  18, 17, 96, 97, -1,
  19, 18, 97, 98, -1,
  20, 19, 98, 99, -1,
  21, 20, 99, 100, -1,
  22, 21, 100, 101, -1,
  23, 22, 101, 102, -1,
  24, 23, 102, 103, -1,
  25, 24, 103, 104, -1,
  26, 25, 104, 105, -1,
  27, 26, 105, 106, -1,
  28, 27, 106, 107, -1,
  29, 28, 107, 108, -1,
  30, 29, 108, 109, -1,
  31, 30, 109, 110, -1,
  32, 31, 110, 111, -1,
  33, 32, 111, 112, -1,
  34, 33, 112, 113, -1,
  35, 34, 113, 114, -1,
  36, 35, 114, 115, -1,
  37, 36, 115, 116, -1,
  38, 37, 116, 117, -1,
  39, 38, 117, 118, -1,
  40, 39, 118, 119, -1,
  41, 40, 119, 120, -1,
  42, 41, 120, 121, -1,
  43, 42, 121, 122, -1,
  44, 43, 122, 123, -1,
  45, 44, 123, 124, -1,
  46, 45, 124, 125, -1,
  47, 46, 125, 126, -1,
  48, 47, 126, 127, -1,
  49, 48, 127, 128, -1,
  50, 49, 128, 129, -1,
  51, 50, 129, 130, -1,
  52, 51, 130, 131, -1,
  53, 52, 131, 132, -1,
  54, 53, 132, 133, -1,
  55, 54, 133, 134, -1,
  56, 55, 134, 135, -1,
  57, 56, 135, 136, -1,
  58, 57, 136, 137, -1,
  59, 58, 137, 138, -1,
  60, 59, 138, 139, -1,
  61, 60, 139, 140, -1,
  62, 61, 140, 141, -1,
  63, 62, 141, 142, -1,
  64, 63, 142, 143, -1,
  65, 64, 143, 144, -1,
  66, 65, 144, 145, -1,
  67, 66, 145, 146, -1,
  68, 67, 146, 147, -1,
  69, 68, 147, 148, -1,
  70, 69, 148, 149, -1,
  71, 70, 149, 150, -1,
  72, 71, 150, 151, -1,
  73, 72, 151, 152, -1,
  74, 73, 152, 153, -1,
  75, 74, 153, 154, -1,
  76, 75, 154, 155, -1,
  77, 76, 155, 156, -1,
  0, 77, 156, 79, -1
 ]
convex TRUE
creaseAngle 0.3490
}
}
Shape {
appearance Appearance {
material DEF OUTMAT2 Material {
      diffuseColor 0.600 0.851 0.910
      ambientIntensity 0.295
      specularColor 0.000 0.000 0.000
      shininess 0.000
      transparency 0.000
}
}
geometry IndexedFaceSet {
coord Coordinate { point [
  -26.846 -2.564 -32.024,
  -25.766 -2.564 -32.024,
  -25.766 -2.044 -32.024,
  -26.846 -2.044 -32.024,
  -27.347 -2.044 -32.024,
  -27.347 -2.020 -32.024,
  -27.342 -2.003 -32.024,
  -27.241 -1.828 -32.024,
  -27.175 -1.744 -32.024,
  -26.997 -1.540 -32.024,
  -26.791 -1.170 -32.024,
  -26.690 -1.056 -32.024,
  -26.567 -0.966 -32.024,
  -26.351 -0.802 -32.024,
  -26.182 -0.589 -32.024,
  -26.079 -0.441 -32.024,
  -25.959 -0.309 -32.024,
  -25.876 -0.213 -32.024,
  -25.806 -0.141 -32.024,
  -25.720 -0.092 -32.024,
  -25.623 -0.070 -32.024,
  -25.277 -0.006 -32.024,
  -25.062 -0.006 -32.024,
  -24.985 -0.036 -32.024,
  -24.935 -0.101 -32.024,
  -24.928 -0.183 -32.024,
  -24.965 -0.257 -32.024,
  -25.062 -0.391 -32.024,
  -25.126 -0.545 -32.024,
  -25.161 -0.621 -32.024,
  -25.219 -0.681 -32.024,
  -25.293 -0.721 -32.024,
  -25.404 -0.758 -32.024,
  -25.489 -0.804 -32.024,
  -25.554 -0.876 -32.024,
  -25.591 -0.965 -32.024,
  -25.586 -1.049 -32.024,
  -25.538 -1.116 -32.024,
  -25.460 -1.148 -32.024,
  -25.291 -1.137 -32.024,
  -25.134 -1.073 -32.024,
  -24.721 -0.819 -32.024,
  -24.609 -0.774 -32.024,
  -24.489 -0.785 -32.024,
  -24.335 -0.818 -32.024,
  -24.080 -0.845 -32.024,
  -24.007 -0.873 -32.024,
  -23.958 -0.933 -32.024,
  -23.946 -1.011 -32.024,
  -23.975 -1.083 -32.024,
  -24.090 -1.217 -32.024,
  -24.223 -1.332 -32.024,
  -24.375 -1.484 -32.024,
  -24.445 -1.550 -32.024,
  -24.534 -1.585 -32.024,
  -24.630 -1.586 -32.024,
  -24.691 -1.576 -32.024,
  -24.782 -1.576 -32.024,
  -25.061 -1.672 -32.024,
  -25.148 -1.725 -32.024,
  -25.207 -1.808 -32.024,
  -25.228 -1.907 -32.024,
  -25.228 -2.564 -32.024,
  -25.228 -2.629 -32.024,
  -25.277 -2.768 -32.024,
  -25.372 -2.881 -32.024,
  -25.419 -2.911 -32.024,
  -25.472 -2.928 -32.024,
  -25.790 -2.966 -32.024,
  -26.111 -2.967 -32.024,
  -26.446 -2.926 -32.024,
  -26.877 -2.883 -32.024,
  -27.048 -2.826 -32.024,
  -27.204 -2.734 -32.024,
  -27.338 -2.612 -32.024,
  -27.347 -2.590 -32.024,
  -27.347 -2.044 -32.024,
  -26.846 -2.044 -32.024,
  -27.347 -2.034 -32.024
 ] }
 coordIndex [ 48, 47, 46, -1, 49, 48, 46, -1, 49, 46, 45, -1, 49, 45, 44, -1,
     50, 49, 44, -1, 50, 44, 43, -1, 51, 50, 43, -1, 43, 42, 41, -1, 51, 43, 41, -1,
     52, 51, 41, -1, 55, 54, 53, -1, 56, 55, 53, -1, 56, 53, 52, -1, 56, 52, 41, -1,
     57, 56, 41, -1, 57, 41, 40, -1, 58, 57, 40, -1, 58, 40, 39, -1, 59, 58, 39, -1,
     59, 39, 38, -1, 6, 5, 4, -1, 7, 6, 4, -1, 7, 4, 3, -1, 8, 7, 3, -1,
     9, 8, 3, -1, 9, 3, 2, -1, 10, 9, 2, -1, 12, 11, 10, -1, 12, 10, 2, -1,
     13, 12, 2, -1, 25, 24, 23, -1, 26, 25, 23, -1, 23, 22, 21, -1, 26, 23, 21, -1,
     27, 26, 21, -1, 28, 27, 21, -1, 28, 21, 20, -1, 20, 19, 18, -1, 20, 18, 17, -1,
     28, 20, 17, -1, 32, 31, 30, -1, 32, 30, 29, -1, 32, 29, 28, -1, 32, 28, 17, -1,
     33, 32, 17, -1, 33, 17, 16, -1, 33, 16, 15, -1, 34, 33, 15, -1, 34, 15, 14, -1,
     35, 34, 14, -1, 35, 14, 13, -1, 36, 35, 13, -1, 37, 36, 13, -1, 37, 13, 2, -1,
     59, 38, 37, -1, 59, 37, 2, -1, 60, 59, 2, -1, 61, 60, 2, -1, 62, 61, 2, -1,
     62, 2, 1, -1, 0, 3, 4, -1, 0, 4, 75, -1, 0, 75, 74, -1, 0, 74, 73, -1,
     0, 73, 72, -1, 0, 72, 71, -1, 0, 71, 70, -1, 1, 0, 70, -1, 1, 70, 69, -1,
     63, 62, 1, -1, 64, 63, 1, -1, 65, 64, 1, -1, 67, 66, 65, -1, 67, 65, 1, -1,
     68, 67, 1, -1, 68, 1, 69, -1
 ]
convex TRUE
creaseAngle 0.3490
}
}
]
}
]
}


DEF Design14t1 Transform {
children [
Transform {
children [
Shape {
appearance Appearance {
material DEF INMAT3 Material {
      diffuseColor 0.800 0.800 0.800
      ambientIntensity 0.299
      specularColor 0.000 0.000 0.000
      shininess 0.000
      transparency 0.000
}
}
geometry IndexedFaceSet {
coord Coordinate { point [
  -13.401 -1.009 -15.751,
  -15.248 -1.806 -15.751,
  -15.344 -1.827 -15.751,
  -15.441 -1.808 -15.751,
  -15.523 -1.754 -15.751,
  -15.578 -1.673 -15.751,
  -15.597 -1.577 -15.751,
  -15.597 -1.528 -15.751,
  -15.797 -1.528 -15.751,
  -15.912 -1.505 -15.751,
  -16.009 -1.440 -15.751,
  -16.074 -1.343 -15.751,
  -16.097 -1.228 -15.751,
  -16.097 -1.028 -15.751,
  -16.074 -0.913 -15.751,
  -16.009 -0.816 -15.751,
  -15.912 -0.751 -15.751,
  -15.797 -0.728 -15.751,
  -15.597 -0.728 -15.751,
  -15.597 -0.396 -15.751,
  -15.571 -0.296 -15.751,
  -15.498 -0.223 -15.751,
  -15.399 -0.196 -15.751,
  -14.508 -0.186 -15.751,
  -14.508 0.294 -15.751,
  -15.399 0.304 -15.751,
  -15.498 0.331 -15.751,
  -15.571 0.404 -15.751,
  -15.597 0.503 -15.751,
  -15.597 0.836 -15.751,
  -15.797 0.836 -15.751,
  -15.912 0.859 -15.751,
  -16.009 0.924 -15.751,
  -16.074 1.021 -15.751,
  -16.097 1.136 -15.751,
  -16.097 1.336 -15.751,
  -16.074 1.451 -15.751,
  -16.009 1.548 -15.751,
  -15.912 1.613 -15.751,
  -15.797 1.636 -15.751,
  -15.597 1.636 -15.751,
  -15.597 1.678 -15.751,
  -15.578 1.775 -15.751,
  -15.522 1.857 -15.751,
  -15.439 1.911 -15.751,
  -15.342 1.928 -15.751,
  -15.246 1.907 -15.751,
  -15.025 1.808 -15.751,
  -14.740 1.709 -15.751,
  -14.443 1.659 -15.751,
  -14.142 1.659 -15.751,
  -13.845 1.709 -15.751,
  -13.561 1.808 -15.751,
  -12.821 2.136 -15.751,
  -12.734 2.166 -15.751,
  -12.684 2.177 -15.751,
  -12.593 2.173 -15.751,
  -12.514 2.130 -15.751,
  -12.461 2.056 -15.751,
  -12.447 1.967 -15.751,
  -12.473 1.880 -15.751,
  -12.831 1.241 -15.751,
  -12.415 1.001 -15.751,
  -12.168 1.412 -15.751,
  -12.098 1.485 -15.751,
  -12.003 1.519 -15.751,
  -11.902 1.509 -15.751,
  -11.816 1.455 -15.751,
  -11.763 1.370 -15.751,
  -11.752 1.269 -15.751,
  -11.823 0.886 -15.751,
  -11.942 0.515 -15.751,
  -12.108 0.162 -15.751,
  -12.318 -0.167 -15.751,
  -12.567 -0.466 -15.751,
  -12.816 -0.690 -15.751,
  -13.096 -0.872 -15.751,
  -13.401 -1.009 -15.251,
  -15.248 -1.806 -15.251,
  -15.344 -1.827 -15.251,
  -15.441 -1.808 -15.251,
  -15.523 -1.754 -15.251,
  -15.578 -1.673 -15.251,
  -15.597 -1.577 -15.251,
  -15.597 -1.528 -15.251,
  -15.797 -1.528 -15.251,
  -15.912 -1.505 -15.251,
  -16.009 -1.440 -15.251,
  -16.074 -1.343 -15.251,
  -16.097 -1.228 -15.251,
  -16.097 -1.028 -15.251,
  -16.074 -0.913 -15.251,
  -16.009 -0.816 -15.251,
  -15.912 -0.751 -15.251,
  -15.797 -0.728 -15.251,
  -15.597 -0.728 -15.251,
  -15.597 -0.396 -15.251,
  -15.571 -0.296 -15.251,
  -15.498 -0.223 -15.251,
  -15.399 -0.196 -15.251,
  -14.508 -0.186 -15.251,
  -14.508 0.294 -15.251,
  -15.399 0.304 -15.251,
  -15.498 0.331 -15.251,
  -15.571 0.404 -15.251,
  -15.597 0.503 -15.251,
  -15.597 0.836 -15.251,
  -15.797 0.836 -15.251,
  -15.912 0.859 -15.251,
  -16.009 0.924 -15.251,
  -16.074 1.021 -15.251,
  -16.097 1.136 -15.251,
  -16.097 1.336 -15.251,
  -16.074 1.451 -15.251,
  -16.009 1.548 -15.251,
  -15.912 1.613 -15.251,
  -15.797 1.636 -15.251,
  -15.597 1.636 -15.251,
  -15.597 1.678 -15.251,
  -15.578 1.775 -15.251,
  -15.522 1.857 -15.251,
  -15.439 1.911 -15.251,
  -15.342 1.928 -15.251,
  -15.246 1.907 -15.251,
  -15.025 1.808 -15.251,
  -14.740 1.709 -15.251,
  -14.443 1.659 -15.251,
  -14.142 1.659 -15.251,
  -13.845 1.709 -15.251,
  -13.561 1.808 -15.251,
  -12.821 2.136 -15.251,
  -12.734 2.166 -15.251,
  -12.684 2.177 -15.251,
  -12.593 2.173 -15.251,
  -12.514 2.130 -15.251,
  -12.461 2.056 -15.251,
  -12.447 1.967 -15.251,
  -12.473 1.880 -15.251,
  -12.831 1.241 -15.251,
  -12.415 1.001 -15.251,
  -12.168 1.412 -15.251,
  -12.098 1.485 -15.251,
  -12.003 1.519 -15.251,
  -11.902 1.509 -15.251,
  -11.816 1.455 -15.251,
  -11.763 1.370 -15.251,
  -11.752 1.269 -15.251,
  -11.823 0.886 -15.251,
  -11.942 0.515 -15.251,
  -12.108 0.162 -15.251,
  -12.318 -0.167 -15.251,
  -12.567 -0.466 -15.251,
  -12.816 -0.690 -15.251,
  -13.096 -0.872 -15.251
 ] }
coordIndex [ 36, 37, 38, -1, 34, 35, 36, -1, 36, 38, 39, -1, 34, 36, 39, -1,
     30, 31, 32, -1, 32, 33, 34, -1, 29, 30, 32, -1, 29, 32, 34, -1, 34, 39, 40, -1,
     29, 34, 40, -1, 43, 44, 45, -1, 42, 43, 45, -1, 45, 46, 47, -1, 40, 41, 42, -1,
     40, 42, 45, -1, 40, 45, 47, -1, 40, 47, 48, -1, 29, 40, 48, -1, 26, 27, 28, -1,
     25, 26, 28, -1, 25, 28, 29, -1, 24, 25, 29, -1, 29, 48, 49, -1, 24, 29, 49, -1,
     57, 58, 59, -1, 57, 59, 60, -1, 55, 56, 57, -1, 54, 55, 57, -1, 53, 54, 57, -1,
     53, 57, 60, -1, 53, 60, 61, -1, 52, 53, 61, -1, 51, 52, 61, -1, 24, 49, 50, -1,
     24, 50, 51, -1, 24, 51, 61, -1, 65, 66, 67, -1, 67, 68, 69, -1, 64, 65, 67, -1,
     64, 67, 69, -1, 63, 64, 69, -1, 62, 63, 69, -1, 62, 69, 70, -1, 62, 70, 71, -1,
     62, 71, 72, -1, 62, 72, 73, -1, 61, 62, 73, -1, 24, 61, 73, -1, 73, 74, 75, -1,
     24, 73, 75, -1, 23, 24, 75, -1, 75, 76, 0, -1, 23, 75, 0, -1, 23, 0, 1, -1,
     19, 20, 21, -1, 19, 21, 22, -1, 18, 19, 22, -1, 18, 22, 23, -1, 18, 23, 1, -1,
     15, 16, 17, -1, 14, 15, 17, -1, 12, 13, 14, -1, 14, 17, 18, -1, 12, 14, 18, -1,
     11, 12, 18, -1, 8, 9, 10, -1, 8, 10, 11, -1, 8, 11, 18, -1, 7, 8, 18, -1,
     5, 6, 7, -1, 3, 4, 5, -1, 3, 5, 7, -1, 2, 3, 7, -1, 7, 18, 1, -1,
     2, 7, 1, -1
  1, 0, 77, 78, -1,
  2, 1, 78, 79, -1,
  3, 2, 79, 80, -1,
  4, 3, 80, 81, -1,
  5, 4, 81, 82, -1,
  6, 5, 82, 83, -1,
  7, 6, 83, 84, -1,
  8, 7, 84, 85, -1,
  9, 8, 85, 86, -1,
  10, 9, 86, 87, -1,
  11, 10, 87, 88, -1,
  12, 11, 88, 89, -1,
  13, 12, 89, 90, -1,
  14, 13, 90, 91, -1,
  15, 14, 91, 92, -1,
  16, 15, 92, 93, -1,
  17, 16, 93, 94, -1,
  18, 17, 94, 95, -1,
  19, 18, 95, 96, -1,
  20, 19, 96, 97, -1,
  21, 20, 97, 98, -1,
  22, 21, 98, 99, -1,
  23, 22, 99, 100, -1,
  24, 23, 100, 101, -1,
  25, 24, 101, 102, -1,
  26, 25, 102, 103, -1,
  27, 26, 103, 104, -1,
  28, 27, 104, 105, -1,
  29, 28, 105, 106, -1,
  30, 29, 106, 107, -1,
  31, 30, 107, 108, -1,
  32, 31, 108, 109, -1,
  33, 32, 109, 110, -1,
  34, 33, 110, 111, -1,
  35, 34, 111, 112, -1,
  36, 35, 112, 113, -1,
  37, 36, 113, 114, -1,
  38, 37, 114, 115, -1,
  39, 38, 115, 116, -1,
  40, 39, 116, 117, -1,
  41, 40, 117, 118, -1,
  42, 41, 118, 119, -1,
  43, 42, 119, 120, -1,
  44, 43, 120, 121, -1,
  45, 44, 121, 122, -1,
  46, 45, 122, 123, -1,
  47, 46, 123, 124, -1,
  48, 47, 124, 125, -1,
  49, 48, 125, 126, -1,
  50, 49, 126, 127, -1,
  51, 50, 127, 128, -1,
  52, 51, 128, 129, -1,
  53, 52, 129, 130, -1,
  54, 53, 130, 131, -1,
  55, 54, 131, 132, -1,
  56, 55, 132, 133, -1,
  57, 56, 133, 134, -1,
  58, 57, 134, 135, -1,
  59, 58, 135, 136, -1,
  60, 59, 136, 137, -1,
  61, 60, 137, 138, -1,
  62, 61, 138, 139, -1,
  63, 62, 139, 140, -1,
  64, 63, 140, 141, -1,
  65, 64, 141, 142, -1,
  66, 65, 142, 143, -1,
  67, 66, 143, 144, -1,
  68, 67, 144, 145, -1,
  69, 68, 145, 146, -1,
  70, 69, 146, 147, -1,
  71, 70, 147, 148, -1,
  72, 71, 148, 149, -1,
  73, 72, 149, 150, -1,
  74, 73, 150, 151, -1,
  75, 74, 151, 152, -1,
  76, 75, 152, 153, -1,
  0, 76, 153, 77, -1
 ]
convex TRUE
creaseAngle 0.3490
}
}
Shape {
appearance Appearance {
material DEF OUTMAT3 Material {
      diffuseColor 0.600 0.851 0.910
      ambientIntensity 0.295
      specularColor 0.000 0.000 0.000
      shininess 0.000
      transparency 0.000
}
}
geometry IndexedFaceSet {
coord Coordinate { point [
  -13.401 -1.009 -15.251,
  -15.248 -1.806 -15.251,
  -15.344 -1.827 -15.251,
  -15.441 -1.808 -15.251,
  -15.523 -1.754 -15.251,
  -15.578 -1.673 -15.251,
  -15.597 -1.577 -15.251,
  -15.597 -1.528 -15.251,
  -15.797 -1.528 -15.251,
  -15.912 -1.505 -15.251,
  -16.009 -1.440 -15.251,
  -16.074 -1.343 -15.251,
  -16.097 -1.228 -15.251,
  -16.097 -1.028 -15.251,
  -16.074 -0.913 -15.251,
  -16.009 -0.816 -15.251,
  -15.912 -0.751 -15.251,
  -15.797 -0.728 -15.251,
  -15.597 -0.728 -15.251,
  -15.597 -0.396 -15.251,
  -15.571 -0.296 -15.251,
  -15.498 -0.223 -15.251,
  -15.399 -0.196 -15.251,
  -14.508 -0.186 -15.251,
  -14.508 0.294 -15.251,
  -15.399 0.304 -15.251,
  -15.498 0.331 -15.251,
  -15.571 0.404 -15.251,
  -15.597 0.503 -15.251,
  -15.597 0.836 -15.251,
  -15.797 0.836 -15.251,
  -15.912 0.859 -15.251,
  -16.009 0.924 -15.251,
  -16.074 1.021 -15.251,
  -16.097 1.136 -15.251,
  -16.097 1.336 -15.251,
  -16.074 1.451 -15.251,
  -16.009 1.548 -15.251,
  -15.912 1.613 -15.251,
  -15.797 1.636 -15.251,
  -15.597 1.636 -15.251,
  -15.597 1.678 -15.251,
  -15.578 1.775 -15.251,
  -15.522 1.857 -15.251,
  -15.439 1.911 -15.251,
  -15.342 1.928 -15.251,
  -15.246 1.907 -15.251,
  -15.025 1.808 -15.251,
  -14.740 1.709 -15.251,
  -14.443 1.659 -15.251,
  -14.142 1.659 -15.251,
  -13.845 1.709 -15.251,
  -13.561 1.808 -15.251,
  -12.821 2.136 -15.251,
  -12.734 2.166 -15.251,
  -12.684 2.177 -15.251,
  -12.593 2.173 -15.251,
  -12.514 2.130 -15.251,
  -12.461 2.056 -15.251,
  -12.447 1.967 -15.251,
  -12.473 1.880 -15.251,
  -12.831 1.241 -15.251,
  -12.415 1.001 -15.251,
  -12.168 1.412 -15.251,
  -12.098 1.485 -15.251,
  -12.003 1.519 -15.251,
  -11.902 1.509 -15.251,
  -11.816 1.455 -15.251,
  -11.763 1.370 -15.251,
  -11.752 1.269 -15.251,
  -11.823 0.886 -15.251,
  -11.942 0.515 -15.251,
  -12.108 0.162 -15.251,
  -12.318 -0.167 -15.251,
  -12.567 -0.466 -15.251,
  -12.816 -0.690 -15.251,
  -13.096 -0.872 -15.251
 ] }
 coordIndex [ 38, 37, 36, -1, 36, 35, 34, -1, 39, 38, 36, -1, 39, 36, 34, -1,
     32, 31, 30, -1, 34, 33, 32, -1, 32, 30, 29, -1, 34, 32, 29, -1, 40, 39, 34, -1,
     40, 34, 29, -1, 45, 44, 43, -1, 45, 43, 42, -1, 47, 46, 45, -1, 42, 41, 40, -1,
     45, 42, 40, -1, 47, 45, 40, -1, 48, 47, 40, -1, 48, 40, 29, -1, 28, 27, 26, -1,
     28, 26, 25, -1, 29, 28, 25, -1, 29, 25, 24, -1, 49, 48, 29, -1, 49, 29, 24, -1,
     59, 58, 57, -1, 60, 59, 57, -1, 57, 56, 55, -1, 57, 55, 54, -1, 57, 54, 53, -1,
     60, 57, 53, -1, 61, 60, 53, -1, 61, 53, 52, -1, 61, 52, 51, -1, 50, 49, 24, -1,
     51, 50, 24, -1, 61, 51, 24, -1, 67, 66, 65, -1, 69, 68, 67, -1, 67, 65, 64, -1,
     69, 67, 64, -1, 69, 64, 63, -1, 69, 63, 62, -1, 70, 69, 62, -1, 71, 70, 62, -1,
     72, 71, 62, -1, 73, 72, 62, -1, 73, 62, 61, -1, 73, 61, 24, -1, 75, 74, 73, -1,
     75, 73, 24, -1, 75, 24, 23, -1, 0, 76, 75, -1, 0, 75, 23, -1, 1, 0, 23, -1,
     21, 20, 19, -1, 22, 21, 19, -1, 22, 19, 18, -1, 23, 22, 18, -1, 1, 23, 18, -1,
     17, 16, 15, -1, 17, 15, 14, -1, 14, 13, 12, -1, 18, 17, 14, -1, 18, 14, 12, -1,
     18, 12, 11, -1, 10, 9, 8, -1, 11, 10, 8, -1, 18, 11, 8, -1, 18, 8, 7, -1,
     7, 6, 5, -1, 5, 4, 3, -1, 7, 5, 3, -1, 7, 3, 2, -1, 1, 18, 7, -1,
     1, 7, 2, -1
 ]
convex TRUE
creaseAngle 0.3490
}
}
]
}
]
}


DEF Design15t1 Transform {
children [
Transform {
children [
Shape {
appearance Appearance {
material DEF INMAT4 Material {
      diffuseColor 0.800 0.800 0.800
      ambientIntensity 0.299
      specularColor 0.000 0.000 0.000
      shininess 0.000
      transparency 0.000
}
}
geometry IndexedFaceSet {
coord Coordinate { point [
  -15.699 6.390 -16.826,
  -16.222 5.486 -16.799,
  -16.270 5.401 -16.770,
  -16.306 5.339 -16.697,
  -16.319 5.317 -16.599,
  -16.319 5.317 -15.956,
  -16.306 5.340 -15.857,
  -16.269 5.403 -15.784,
  -16.220 5.489 -15.756,
  -15.738 6.324 -15.747,
  -15.738 6.324 -15.267,
  -16.220 5.488 -15.257,
  -16.269 5.403 -15.230,
  -16.306 5.340 -15.157,
  -16.319 5.317 -15.057,
  -16.319 5.317 -14.330,
  -16.311 5.331 -14.251,
  -16.287 5.372 -14.184,
  -16.253 5.432 -14.142,
  -16.212 5.501 -14.131,
  -16.054 5.775 -14.126,
  -15.899 6.045 -14.072,
  -15.583 6.592 -13.910,
  -15.411 6.890 -13.853,
  -15.236 7.192 -13.856,
  -15.065 7.489 -13.920,
  -14.902 7.771 -14.043,
  -14.465 8.528 -14.462,
  -14.382 8.672 -14.524,
  -14.295 8.822 -14.555,
  -14.195 8.995 -14.601,
  -14.105 9.151 -14.699,
  -14.059 9.232 -14.735,
  -13.984 9.361 -14.754,
  -13.929 9.456 -14.792,
  -13.888 9.528 -14.873,
  -13.829 9.629 -15.090,
  -13.759 9.751 -15.233,
  -13.587 10.049 -15.474,
  -13.404 10.366 -15.682,
  -13.104 10.885 -15.953,
  -13.003 11.061 -16.012,
  -12.857 11.313 -16.075,
  -12.814 11.387 -16.114,
  -12.784 11.440 -16.186,
  -12.732 11.530 -16.381,
  -12.707 11.573 -16.532,
  -12.706 11.575 -16.692,
  -12.720 11.551 -16.772,
  -12.748 11.502 -16.836,
  -12.792 11.426 -16.921,
  -12.846 11.332 -17.030,
  -12.910 11.222 -17.114,
  -12.949 11.155 -17.124,
  -12.984 11.094 -17.090,
  -13.004 11.058 -17.024,
  -13.003 11.061 -16.868,
  -13.022 11.028 -16.800,
  -13.056 10.969 -16.761,
  -13.095 10.902 -16.761,
  -13.128 10.843 -16.800,
  -13.134 10.833 -16.814,
  -13.161 10.787 -16.893,
  -13.191 10.734 -16.950,
  -13.232 10.663 -16.969,
  -13.272 10.594 -16.944,
  -13.301 10.545 -16.882,
  -13.310 10.529 -16.800,
  -13.308 10.532 -16.714,
  -13.318 10.515 -16.641,
  -13.348 10.464 -16.595,
  -13.385 10.399 -16.593,
  -13.416 10.345 -16.635,
  -13.443 10.298 -16.707,
  -13.476 10.240 -16.760,
  -13.519 10.167 -16.773,
  -13.558 10.098 -16.743,
  -13.586 10.051 -16.678,
  -13.594 10.037 -16.595,
  -13.593 10.038 -16.563,
  -13.602 10.023 -16.493,
  -13.629 9.977 -16.446,
  -13.665 9.914 -16.437,
  -13.696 9.859 -16.471,
  -13.732 9.797 -16.545,
  -13.783 9.710 -16.607,
  -13.823 9.640 -16.621,
  -13.861 9.575 -16.591,
  -13.885 9.533 -16.526,
  -13.889 9.526 -16.445,
  -13.882 9.537 -16.411,
  -13.874 9.553 -16.348,
  -13.882 9.537 -16.285,
  -13.906 9.496 -16.239,
  -13.938 9.440 -16.225,
  -13.969 9.386 -16.247,
  -13.980 9.369 -16.265,
  -14.013 9.311 -16.310,
  -14.053 9.241 -16.312,
  -14.087 9.182 -16.269,
  -14.105 9.152 -16.197,
  -14.115 9.134 -16.140,
  -14.136 9.098 -16.097,
  -14.163 9.050 -16.073,
  -14.269 8.868 -16.048,
  -14.375 8.684 -16.057,
  -14.478 8.505 -16.101,
  -14.508 8.453 -16.135,
  -14.527 8.421 -16.191,
  -14.532 8.413 -16.259,
  -14.521 8.432 -16.324,
  -14.450 8.554 -16.547,
  -14.401 8.639 -16.629,
  -14.342 8.742 -16.679,
  -14.278 8.852 -16.692,
  -14.241 8.916 -16.710,
  -14.213 8.965 -16.761,
  -14.200 8.988 -16.832,
  -14.205 8.979 -16.907,
  -14.253 8.895 -17.091,
  -14.267 8.871 -17.165,
  -14.261 8.881 -17.244,
  -14.237 8.923 -17.307,
  -14.201 8.985 -17.340,
  -14.162 9.053 -17.335,
  -14.137 9.097 -17.318,
  -14.093 9.172 -17.307,
  -14.052 9.244 -17.336,
  -14.021 9.297 -17.398,
  -14.008 9.320 -17.482,
  -14.014 9.309 -17.569,
  -14.049 9.249 -17.713,
  -14.063 9.224 -17.797,
  -14.054 9.240 -17.884,
  -14.024 9.292 -17.949,
  -13.982 9.365 -17.974,
  -13.899 9.509 -17.935,
  -13.856 9.583 -17.968,
  -13.830 9.628 -18.042,
  -13.829 9.630 -18.133,
  -13.845 9.601 -18.218,
  -13.852 9.590 -18.282,
  -13.841 9.609 -18.343,
  -13.816 9.653 -18.385,
  -13.783 9.709 -18.393,
  -13.754 9.760 -18.367,
  -13.737 9.789 -18.341,
  -13.703 9.849 -18.311,
  -13.665 9.913 -18.315,
  -13.633 9.968 -18.354,
  -13.614 10.002 -18.418,
  -13.611 10.007 -18.492,
  -13.629 9.977 -18.598,
  -13.632 9.971 -18.662,
  -13.618 9.995 -18.720,
  -13.592 10.041 -18.756,
  -13.560 10.096 -18.759,
  -13.496 10.206 -18.694,
  -13.457 10.273 -18.702,
  -13.427 10.325 -18.753,
  -13.416 10.345 -18.828,
  -13.426 10.327 -18.930,
  -13.437 10.309 -18.986,
  -13.446 10.293 -19.060,
  -13.460 10.269 -19.147,
  -13.489 10.219 -19.218,
  -13.519 10.166 -19.270,
  -13.561 10.094 -19.317,
  -13.608 10.013 -19.329,
  -13.729 9.804 -19.287,
  -13.842 9.608 -19.192,
  -13.941 9.435 -19.048,
  -14.030 9.282 -18.846,
  -14.221 8.950 -18.474,
  -14.425 8.598 -18.129,
  -14.497 8.473 -17.998,
  -14.682 8.152 -17.726,
  -14.881 7.807 -17.496,
  -14.946 7.695 -17.441,
  -15.013 7.578 -17.405,
  -15.238 7.189 -17.292,
  -15.345 7.004 -17.196,
  -15.514 6.711 -16.935,
  -15.603 6.556 -16.858,
  -15.266 6.140 -16.826,
  -15.789 5.236 -16.799,
  -15.837 5.151 -16.770,
  -15.873 5.089 -16.697,
  -15.886 5.067 -16.599,
  -15.886 5.067 -15.956,
  -15.873 5.090 -15.857,
  -15.836 5.153 -15.784,
  -15.787 5.239 -15.756,
  -15.305 6.074 -15.747,
  -15.305 6.074 -15.267,
  -15.787 5.238 -15.257,
  -15.836 5.153 -15.230,
  -15.873 5.090 -15.157,
  -15.886 5.067 -15.057,
  -15.886 5.067 -14.330,
  -15.878 5.081 -14.251,
  -15.854 5.122 -14.184,
  -15.820 5.182 -14.142,
  -15.779 5.251 -14.131,
  -15.621 5.525 -14.126,
  -15.466 5.795 -14.072,
  -15.150 6.342 -13.910,
  -14.978 6.640 -13.853,
  -14.803 6.942 -13.856,
  -14.632 7.239 -13.920,
  -14.469 7.521 -14.043,
  -14.032 8.278 -14.462,
  -13.949 8.422 -14.524,
  -13.862 8.572 -14.555,
  -13.762 8.745 -14.601,
  -13.672 8.901 -14.699,
  -13.626 8.982 -14.735,
  -13.551 9.111 -14.754,
  -13.496 9.206 -14.792,
  -13.455 9.278 -14.873,
  -13.396 9.379 -15.090,
  -13.326 9.501 -15.233,
  -13.154 9.799 -15.474,
  -12.971 10.116 -15.682,
  -12.671 10.635 -15.953,
  -12.570 10.811 -16.012,
  -12.424 11.063 -16.075,
  -12.381 11.137 -16.114,
  -12.351 11.190 -16.186,
  -12.299 11.280 -16.381,
  -12.274 11.323 -16.532,
  -12.273 11.325 -16.692,
  -12.287 11.301 -16.772,
  -12.315 11.252 -16.836,
  -12.359 11.176 -16.921,
  -12.413 11.082 -17.030,
  -12.477 10.972 -17.114,
  -12.516 10.905 -17.124,
  -12.551 10.844 -17.090,
  -12.571 10.808 -17.024,
  -12.570 10.811 -16.868,
  -12.589 10.778 -16.800,
  -12.623 10.719 -16.761,
  -12.662 10.652 -16.761,
  -12.695 10.593 -16.800,
  -12.701 10.583 -16.814,
  -12.727 10.537 -16.893,
  -12.758 10.484 -16.950,
  -12.799 10.413 -16.969,
  -12.839 10.344 -16.944,
  -12.868 10.295 -16.882,
  -12.877 10.279 -16.800,
  -12.875 10.282 -16.714,
  -12.885 10.265 -16.641,
  -12.914 10.214 -16.595,
  -12.952 10.149 -16.593,
  -12.983 10.095 -16.635,
  -13.010 10.048 -16.707,
  -13.043 9.990 -16.760,
  -13.085 9.917 -16.773,
  -13.125 9.848 -16.743,
  -13.153 9.801 -16.678,
  -13.161 9.787 -16.595,
  -13.160 9.788 -16.563,
  -13.169 9.773 -16.493,
  -13.196 9.727 -16.446,
  -13.232 9.664 -16.437,
  -13.263 9.609 -16.471,
  -13.299 9.547 -16.545,
  -13.350 9.460 -16.607,
  -13.390 9.390 -16.621,
  -13.428 9.325 -16.591,
  -13.452 9.283 -16.526,
  -13.456 9.276 -16.445,
  -13.449 9.287 -16.411,
  -13.440 9.303 -16.348,
  -13.449 9.287 -16.285,
  -13.473 9.246 -16.239,
  -13.505 9.190 -16.225,
  -13.536 9.136 -16.247,
  -13.547 9.119 -16.265,
  -13.580 9.061 -16.310,
  -13.620 8.991 -16.312,
  -13.654 8.932 -16.269,
  -13.672 8.902 -16.197,
  -13.682 8.884 -16.140,
  -13.703 8.848 -16.097,
  -13.730 8.800 -16.073,
  -13.836 8.618 -16.048,
  -13.942 8.434 -16.057,
  -14.045 8.255 -16.101,
  -14.075 8.203 -16.135,
  -14.094 8.171 -16.191,
  -14.099 8.163 -16.259,
  -14.088 8.182 -16.324,
  -14.017 8.304 -16.547,
  -13.968 8.389 -16.629,
  -13.909 8.492 -16.679,
  -13.845 8.602 -16.692,
  -13.808 8.666 -16.710,
  -13.780 8.715 -16.761,
  -13.767 8.738 -16.832,
  -13.772 8.729 -16.907,
  -13.820 8.645 -17.091,
  -13.834 8.621 -17.165,
  -13.828 8.631 -17.244,
  -13.804 8.673 -17.307,
  -13.768 8.735 -17.340,
  -13.729 8.803 -17.335,
  -13.704 8.847 -17.318,
  -13.660 8.922 -17.307,
  -13.619 8.994 -17.336,
  -13.588 9.047 -17.398,
  -13.575 9.070 -17.482,
  -13.581 9.059 -17.569,
  -13.616 8.999 -17.713,
  -13.630 8.974 -17.797,
  -13.621 8.990 -17.884,
  -13.591 9.042 -17.949,
  -13.549 9.115 -17.974,
  -13.466 9.259 -17.935,
  -13.423 9.333 -17.968,
  -13.397 9.378 -18.042,
  -13.396 9.380 -18.133,
  -13.412 9.351 -18.218,
  -13.419 9.340 -18.282,
  -13.408 9.359 -18.343,
  -13.383 9.403 -18.385,
  -13.350 9.459 -18.393,
  -13.321 9.510 -18.367,
  -13.304 9.539 -18.341,
  -13.270 9.599 -18.311,
  -13.232 9.663 -18.315,
  -13.200 9.718 -18.354,
  -13.181 9.752 -18.418,
  -13.178 9.757 -18.492,
  -13.196 9.727 -18.598,
  -13.199 9.721 -18.662,
  -13.185 9.745 -18.720,
  -13.159 9.791 -18.756,
  -13.127 9.846 -18.759,
  -13.063 9.956 -18.694,
  -13.024 10.023 -18.702,
  -12.994 10.075 -18.753,
  -12.983 10.095 -18.828,
  -12.993 10.077 -18.930,
  -13.004 10.059 -18.986,
  -13.013 10.043 -19.060,
  -13.027 10.019 -19.147,
  -13.056 9.969 -19.218,
  -13.086 9.916 -19.270,
  -13.128 9.844 -19.317,
  -13.175 9.763 -19.329,
  -13.296 9.554 -19.287,
  -13.409 9.358 -19.192,
  -13.508 9.185 -19.048,
  -13.597 9.032 -18.846,
  -13.788 8.700 -18.474,
  -13.992 8.348 -18.129,
  -14.064 8.223 -17.998,
  -14.249 7.902 -17.726,
  -14.448 7.557 -17.496,
  -14.513 7.445 -17.441,
  -14.580 7.328 -17.405,
  -14.805 6.939 -17.292,
  -14.912 6.754 -17.196,
  -15.081 6.461 -16.935,
  -15.170 6.306 -16.858
 ] }
coordIndex [ 54, 55, 56, -1, 52, 53, 54, -1, 51, 52, 54, -1, 51, 54, 56, -1,
     51, 56, 57, -1, 50, 51, 57, -1, 50, 57, 58, -1, 47, 48, 49, -1, 47, 49, 50, -1,
     46, 47, 50, -1, 46, 50, 58, -1, 45, 46, 58, -1, 44, 45, 58, -1, 42, 43, 44, -1,
     42, 44, 58, -1, 41, 42, 58, -1, 41, 58, 59, -1, 40, 41, 59, -1, 64, 65, 66, -1,
     66, 67, 68, -1, 63, 64, 66, -1, 63, 66, 68, -1, 62, 63, 68, -1, 62, 68, 69, -1,
     61, 62, 69, -1, 60, 61, 69, -1, 59, 60, 69, -1, 40, 59, 69, -1, 40, 69, 70, -1,
     40, 70, 71, -1, 39, 40, 71, -1, 75, 76, 77, -1, 77, 78, 79, -1, 74, 75, 77, -1,
     74, 77, 79, -1, 73, 74, 79, -1, 73, 79, 80, -1, 72, 73, 80, -1, 71, 72, 80, -1,
     39, 71, 80, -1, 39, 80, 81, -1, 39, 81, 82, -1, 38, 39, 82, -1, 86, 87, 88, -1,
     88, 89, 90, -1, 88, 90, 91, -1, 85, 86, 88, -1, 85, 88, 91, -1, 84, 85, 91, -1,
     83, 84, 91, -1, 82, 83, 91, -1, 38, 82, 91, -1, 38, 91, 92, -1, 38, 92, 93, -1,
     37, 38, 93, -1, 37, 93, 94, -1, 99, 100, 101, -1, 97, 98, 99, -1, 97, 99, 101, -1,
     96, 97, 101, -1, 95, 96, 101, -1, 94, 95, 101, -1, 94, 101, 102, -1, 37, 94, 102, -1,
     36, 37, 102, -1, 36, 102, 103, -1, 36, 103, 104, -1, 33, 34, 35, -1, 32, 33, 35, -1,
     32, 35, 36, -1, 32, 36, 104, -1, 31, 32, 104, -1, 31, 104, 105, -1, 31, 105, 106, -1,
     29, 30, 31, -1, 29, 31, 106, -1, 28, 29, 106, -1, 28, 106, 107, -1, 27, 28, 107, -1,
     25, 26, 27, -1, 23, 24, 25, -1, 23, 25, 27, -1, 23, 27, 107, -1, 11, 12, 13, -1,
     11, 13, 14, -1, 10, 11, 14, -1, 10, 14, 15, -1, 16, 17, 18, -1, 15, 16, 18, -1,
     18, 19, 20, -1, 15, 18, 20, -1, 10, 15, 20, -1, 10, 20, 21, -1, 21, 22, 23, -1,
     10, 21, 23, -1, 10, 23, 107, -1, 9, 10, 107, -1, 9, 107, 108, -1, 9, 108, 109, -1,
     6, 7, 8, -1, 5, 6, 8, -1, 5, 8, 9, -1, 2, 3, 4, -1, 1, 2, 4, -1,
     1, 4, 5, -1, 1, 5, 9, -1, 0, 1, 9, -1, 183, 0, 9, -1, 182, 183, 9, -1,
     181, 182, 9, -1, 181, 9, 109, -1, 180, 181, 109, -1, 179, 180, 109, -1, 179, 109, 110, -1,
     179, 110, 111, -1, 178, 179, 111, -1, 177, 178, 111, -1, 177, 111, 112, -1, 114, 115, 116, -1,
     116, 117, 118, -1, 113, 114, 116, -1, 113, 116, 118, -1, 113, 118, 119, -1, 113, 119, 120, -1,
     112, 113, 120, -1, 177, 112, 120, -1, 176, 177, 120, -1, 175, 176, 120, -1, 175, 120, 121, -1,
     175, 121, 122, -1, 175, 122, 123, -1, 174, 175, 123, -1, 125, 126, 127, -1, 127, 128, 129, -1,
     124, 125, 127, -1, 123, 124, 127, -1, 123, 127, 129, -1, 123, 129, 130, -1, 123, 130, 131, -1,
     123, 131, 132, -1, 174, 123, 132, -1, 174, 132, 133, -1, 173, 174, 133, -1, 173, 133, 134, -1,
     173, 134, 135, -1, 173, 135, 136, -1, 138, 139, 140, -1, 136, 137, 138, -1, 136, 138, 140, -1,
     173, 136, 140, -1, 173, 140, 141, -1, 173, 141, 142, -1, 172, 173, 142, -1, 172, 142, 143, -1,
     172, 143, 144, -1, 171, 172, 144, -1, 170, 171, 144, -1, 147, 148, 149, -1, 147, 149, 150, -1,
     145, 146, 147, -1, 145, 147, 150, -1, 144, 145, 150, -1, 144, 150, 151, -1, 144, 151, 152, -1,
     144, 152, 153, -1, 170, 144, 153, -1, 170, 153, 154, -1, 169, 170, 154, -1, 168, 169, 154, -1,
     168, 154, 155, -1, 157, 158, 159, -1, 157, 159, 160, -1, 156, 157, 160, -1, 156, 160, 161, -1,
     156, 161, 162, -1, 155, 156, 162, -1, 155, 162, 163, -1, 155, 163, 164, -1, 155, 164, 165, -1,
     168, 155, 165, -1, 168, 165, 166, -1, 168, 166, 167, -1
  1, 0, 184, 185, -1,
  2, 1, 185, 186, -1,
  3, 2, 186, 187, -1,
  4, 3, 187, 188, -1,
  5, 4, 188, 189, -1,
  6, 5, 189, 190, -1,
  7, 6, 190, 191, -1,
  8, 7, 191, 192, -1,
  9, 8, 192, 193, -1,
  10, 9, 193, 194, -1,
  11, 10, 194, 195, -1,
  12, 11, 195, 196, -1,
  13, 12, 196, 197, -1,
  14, 13, 197, 198, -1,
  15, 14, 198, 199, -1,
  16, 15, 199, 200, -1,
  17, 16, 200, 201, -1,
  18, 17, 201, 202, -1,
  19, 18, 202, 203, -1,
  20, 19, 203, 204, -1,
  21, 20, 204, 205, -1,
  22, 21, 205, 206, -1,
  23, 22, 206, 207, -1,
  24, 23, 207, 208, -1,
  25, 24, 208, 209, -1,
  26, 25, 209, 210, -1,
  27, 26, 210, 211, -1,
  28, 27, 211, 212, -1,
  29, 28, 212, 213, -1,
  30, 29, 213, 214, -1,
  31, 30, 214, 215, -1,
  32, 31, 215, 216, -1,
  33, 32, 216, 217, -1,
  34, 33, 217, 218, -1,
  35, 34, 218, 219, -1,
  36, 35, 219, 220, -1,
  37, 36, 220, 221, -1,
  38, 37, 221, 222, -1,
  39, 38, 222, 223, -1,
  40, 39, 223, 224, -1,
  41, 40, 224, 225, -1,
  42, 41, 225, 226, -1,
  43, 42, 226, 227, -1,
  44, 43, 227, 228, -1,
  45, 44, 228, 229, -1,
  46, 45, 229, 230, -1,
  47, 46, 230, 231, -1,
  48, 47, 231, 232, -1,
  49, 48, 232, 233, -1,
  50, 49, 233, 234, -1,
  51, 50, 234, 235, -1,
  52, 51, 235, 236, -1,
  53, 52, 236, 237, -1,
  54, 53, 237, 238, -1,
  55, 54, 238, 239, -1,
  56, 55, 239, 240, -1,
  57, 56, 240, 241, -1,
  58, 57, 241, 242, -1,
  59, 58, 242, 243, -1,
  60, 59, 243, 244, -1,
  61, 60, 244, 245, -1,
  62, 61, 245, 246, -1,
  63, 62, 246, 247, -1,
  64, 63, 247, 248, -1,
  65, 64, 248, 249, -1,
  66, 65, 249, 250, -1,
  67, 66, 250, 251, -1,
  68, 67, 251, 252, -1,
  69, 68, 252, 253, -1,
  70, 69, 253, 254, -1,
  71, 70, 254, 255, -1,
  72, 71, 255, 256, -1,
  73, 72, 256, 257, -1,
  74, 73, 257, 258, -1,
  75, 74, 258, 259, -1,
  76, 75, 259, 260, -1,
  77, 76, 260, 261, -1,
  78, 77, 261, 262, -1,
  79, 78, 262, 263, -1,
  80, 79, 263, 264, -1,
  81, 80, 264, 265, -1,
  82, 81, 265, 266, -1,
  83, 82, 266, 267, -1,
  84, 83, 267, 268, -1,
  85, 84, 268, 269, -1,
  86, 85, 269, 270, -1,
  87, 86, 270, 271, -1,
  88, 87, 271, 272, -1,
  89, 88, 272, 273, -1,
  90, 89, 273, 274, -1,
  91, 90, 274, 275, -1,
  92, 91, 275, 276, -1,
  93, 92, 276, 277, -1,
  94, 93, 277, 278, -1,
  95, 94, 278, 279, -1,
  96, 95, 279, 280, -1,
  97, 96, 280, 281, -1,
  98, 97, 281, 282, -1,
  99, 98, 282, 283, -1,
  100, 99, 283, 284, -1,
  101, 100, 284, 285, -1,
  102, 101, 285, 286, -1,
  103, 102, 286, 287, -1,
  104, 103, 287, 288, -1,
  105, 104, 288, 289, -1,
  106, 105, 289, 290, -1,
  107, 106, 290, 291, -1,
  108, 107, 291, 292, -1,
  109, 108, 292, 293, -1,
  110, 109, 293, 294, -1,
  111, 110, 294, 295, -1,
  112, 111, 295, 296, -1,
  113, 112, 296, 297, -1,
  114, 113, 297, 298, -1,
  115, 114, 298, 299, -1,
  116, 115, 299, 300, -1,
  117, 116, 300, 301, -1,
  118, 117, 301, 302, -1,
  119, 118, 302, 303, -1,
  120, 119, 303, 304, -1,
  121, 120, 304, 305, -1,
  122, 121, 305, 306, -1,
  123, 122, 306, 307, -1,
  124, 123, 307, 308, -1,
  125, 124, 308, 309, -1,
  126, 125, 309, 310, -1,
  127, 126, 310, 311, -1,
  128, 127, 311, 312, -1,
  129, 128, 312, 313, -1,
  130, 129, 313, 314, -1,
  131, 130, 314, 315, -1,
  132, 131, 315, 316, -1,
  133, 132, 316, 317, -1,
  134, 133, 317, 318, -1,
  135, 134, 318, 319, -1,
  136, 135, 319, 320, -1,
  137, 136, 320, 321, -1,
  138, 137, 321, 322, -1,
  139, 138, 322, 323, -1,
  140, 139, 323, 324, -1,
  141, 140, 324, 325, -1,
  142, 141, 325, 326, -1,
  143, 142, 326, 327, -1,
  144, 143, 327, 328, -1,
  145, 144, 328, 329, -1,
  146, 145, 329, 330, -1,
  147, 146, 330, 331, -1,
  148, 147, 331, 332, -1,
  149, 148, 332, 333, -1,
  150, 149, 333, 334, -1,
  151, 150, 334, 335, -1,
  152, 151, 335, 336, -1,
  153, 152, 336, 337, -1,
  154, 153, 337, 338, -1,
  155, 154, 338, 339, -1,
  156, 155, 339, 340, -1,
  157, 156, 340, 341, -1,
  158, 157, 341, 342, -1,
  159, 158, 342, 343, -1,
  160, 159, 343, 344, -1,
  161, 160, 344, 345, -1,
  162, 161, 345, 346, -1,
  163, 162, 346, 347, -1,
  164, 163, 347, 348, -1,
  165, 164, 348, 349, -1,
  166, 165, 349, 350, -1,
  167, 166, 350, 351, -1,
  168, 167, 351, 352, -1,
  169, 168, 352, 353, -1,
  170, 169, 353, 354, -1,
  171, 170, 354, 355, -1,
  172, 171, 355, 356, -1,
  173, 172, 356, 357, -1,
  174, 173, 357, 358, -1,
  175, 174, 358, 359, -1,
  176, 175, 359, 360, -1,
  177, 176, 360, 361, -1,
  178, 177, 361, 362, -1,
  179, 178, 362, 363, -1,
  180, 179, 363, 364, -1,
  181, 180, 364, 365, -1,
  182, 181, 365, 366, -1,
  183, 182, 366, 367, -1,
  0, 183, 367, 184, -1
 ]
convex TRUE
creaseAngle 0.3490
}
}
Shape {
appearance Appearance {
material DEF OUTMAT4 Material {
      diffuseColor 0.600 0.851 0.910
      ambientIntensity 0.295
      specularColor 0.000 0.000 0.000
      shininess 0.000
      transparency 0.000
}
}
geometry IndexedFaceSet {
coord Coordinate { point [
  -15.266 6.140 -16.826,
  -15.789 5.236 -16.799,
  -15.837 5.151 -16.770,
  -15.873 5.089 -16.697,
  -15.886 5.067 -16.599,
  -15.886 5.067 -15.956,
  -15.873 5.090 -15.857,
  -15.836 5.153 -15.784,
  -15.787 5.239 -15.756,
  -15.305 6.074 -15.747,
  -15.305 6.074 -15.267,
  -15.787 5.238 -15.257,
  -15.836 5.153 -15.230,
  -15.873 5.090 -15.157,
  -15.886 5.067 -15.057,
  -15.886 5.067 -14.330,
  -15.878 5.081 -14.251,
  -15.854 5.122 -14.184,
  -15.820 5.182 -14.142,
  -15.779 5.251 -14.131,
  -15.621 5.525 -14.126,
  -15.466 5.795 -14.072,
  -15.150 6.342 -13.910,
  -14.978 6.640 -13.853,
  -14.803 6.942 -13.856,
  -14.632 7.239 -13.920,
  -14.469 7.521 -14.043,
  -14.032 8.278 -14.462,
  -13.949 8.422 -14.524,
  -13.862 8.572 -14.555,
  -13.762 8.745 -14.601,
  -13.672 8.901 -14.699,
  -13.626 8.982 -14.735,
  -13.551 9.111 -14.754,
  -13.496 9.206 -14.792,
  -13.455 9.278 -14.873,
  -13.396 9.379 -15.090,
  -13.326 9.501 -15.233,
  -13.154 9.799 -15.474,
  -12.971 10.116 -15.682,
  -12.671 10.635 -15.953,
  -12.570 10.811 -16.012,
  -12.424 11.063 -16.075,
  -12.381 11.137 -16.114,
  -12.351 11.190 -16.186,
  -12.299 11.280 -16.381,
  -12.274 11.323 -16.532,
  -12.273 11.325 -16.692,
  -12.287 11.301 -16.772,
  -12.315 11.252 -16.836,
  -12.359 11.176 -16.921,
  -12.413 11.082 -17.030,
  -12.477 10.972 -17.114,
  -12.516 10.905 -17.124,
  -12.551 10.844 -17.090,
  -12.571 10.808 -17.024,
  -12.570 10.811 -16.868,
  -12.589 10.778 -16.800,
  -12.623 10.719 -16.761,
  -12.662 10.652 -16.761,
  -12.695 10.593 -16.800,
  -12.701 10.583 -16.814,
  -12.727 10.537 -16.893,
  -12.758 10.484 -16.950,
  -12.799 10.413 -16.969,
  -12.839 10.344 -16.944,
  -12.868 10.295 -16.882,
  -12.877 10.279 -16.800,
  -12.875 10.282 -16.714,
  -12.885 10.265 -16.641,
  -12.914 10.214 -16.595,
  -12.952 10.149 -16.593,
  -12.983 10.095 -16.635,
  -13.010 10.048 -16.707,
  -13.043 9.990 -16.760,
  -13.085 9.917 -16.773,
  -13.125 9.848 -16.743,
  -13.153 9.801 -16.678,
  -13.161 9.787 -16.595,
  -13.160 9.788 -16.563,
  -13.169 9.773 -16.493,
  -13.196 9.727 -16.446,
  -13.232 9.664 -16.437,
  -13.263 9.609 -16.471,
  -13.299 9.547 -16.545,
  -13.350 9.460 -16.607,
  -13.390 9.390 -16.621,
  -13.428 9.325 -16.591,
  -13.452 9.283 -16.526,
  -13.456 9.276 -16.445,
  -13.449 9.287 -16.411,
  -13.440 9.303 -16.348,
  -13.449 9.287 -16.285,
  -13.473 9.246 -16.239,
  -13.505 9.190 -16.225,
  -13.536 9.136 -16.247,
  -13.547 9.119 -16.265,
  -13.580 9.061 -16.310,
  -13.620 8.991 -16.312,
  -13.654 8.932 -16.269,
  -13.672 8.902 -16.197,
  -13.682 8.884 -16.140,
  -13.703 8.848 -16.097,
  -13.730 8.800 -16.073,
  -13.836 8.618 -16.048,
  -13.942 8.434 -16.057,
  -14.045 8.255 -16.101,
  -14.075 8.203 -16.135,
  -14.094 8.171 -16.191,
  -14.099 8.163 -16.259,
  -14.088 8.182 -16.324,
  -14.017 8.304 -16.547,
  -13.968 8.389 -16.629,
  -13.909 8.492 -16.679,
  -13.845 8.602 -16.692,
  -13.808 8.666 -16.710,
  -13.780 8.715 -16.761,
  -13.767 8.738 -16.832,
  -13.772 8.729 -16.907,
  -13.820 8.645 -17.091,
  -13.834 8.621 -17.165,
  -13.828 8.631 -17.244,
  -13.804 8.673 -17.307,
  -13.768 8.735 -17.340,
  -13.729 8.803 -17.335,
  -13.704 8.847 -17.318,
  -13.660 8.922 -17.307,
  -13.619 8.994 -17.336,
  -13.588 9.047 -17.398,
  -13.575 9.070 -17.482,
  -13.581 9.059 -17.569,
  -13.616 8.999 -17.713,
  -13.630 8.974 -17.797,
  -13.621 8.990 -17.884,
  -13.591 9.042 -17.949,
  -13.549 9.115 -17.974,
  -13.466 9.259 -17.935,
  -13.423 9.333 -17.968,
  -13.397 9.378 -18.042,
  -13.396 9.380 -18.133,
  -13.412 9.351 -18.218,
  -13.419 9.340 -18.282,
  -13.408 9.359 -18.343,
  -13.383 9.403 -18.385,
  -13.350 9.459 -18.393,
  -13.321 9.510 -18.367,
  -13.304 9.539 -18.341,
  -13.270 9.599 -18.311,
  -13.232 9.663 -18.315,
  -13.200 9.718 -18.354,
  -13.181 9.752 -18.418,
  -13.178 9.757 -18.492,
  -13.196 9.727 -18.598,
  -13.199 9.721 -18.662,
  -13.185 9.745 -18.720,
  -13.159 9.791 -18.756,
  -13.127 9.846 -18.759,
  -13.063 9.956 -18.694,
  -13.024 10.023 -18.702,
  -12.994 10.075 -18.753,
  -12.983 10.095 -18.828,
  -12.993 10.077 -18.930,
  -13.004 10.059 -18.986,
  -13.013 10.043 -19.060,
  -13.027 10.019 -19.147,
  -13.056 9.969 -19.218,
  -13.086 9.916 -19.270,
  -13.128 9.844 -19.317,
  -13.175 9.763 -19.329,
  -13.296 9.554 -19.287,
  -13.409 9.358 -19.192,
  -13.508 9.185 -19.048,
  -13.597 9.032 -18.846,
  -13.788 8.700 -18.474,
  -13.992 8.348 -18.129,
  -14.064 8.223 -17.998,
  -14.249 7.902 -17.726,
  -14.448 7.557 -17.496,
  -14.513 7.445 -17.441,
  -14.580 7.328 -17.405,
  -14.805 6.939 -17.292,
  -14.912 6.754 -17.196,
  -15.081 6.461 -16.935,
  -15.170 6.306 -16.858
 ] }
 coordIndex [ 56, 55, 54, -1, 54, 53, 52, -1, 54, 52, 51, -1, 56, 54, 51, -1,
     57, 56, 51, -1, 57, 51, 50, -1, 58, 57, 50, -1, 49, 48, 47, -1, 50, 49, 47, -1,
     50, 47, 46, -1, 58, 50, 46, -1, 58, 46, 45, -1, 58, 45, 44, -1, 44, 43, 42, -1,
     58, 44, 42, -1, 58, 42, 41, -1, 59, 58, 41, -1, 59, 41, 40, -1, 66, 65, 64, -1,
     68, 67, 66, -1, 66, 64, 63, -1, 68, 66, 63, -1, 68, 63, 62, -1, 69, 68, 62, -1,
     69, 62, 61, -1, 69, 61, 60, -1, 69, 60, 59, -1, 69, 59, 40, -1, 70, 69, 40, -1,
     71, 70, 40, -1, 71, 40, 39, -1, 77, 76, 75, -1, 79, 78, 77, -1, 77, 75, 74, -1,
     79, 77, 74, -1, 79, 74, 73, -1, 80, 79, 73, -1, 80, 73, 72, -1, 80, 72, 71, -1,
     80, 71, 39, -1, 81, 80, 39, -1, 82, 81, 39, -1, 82, 39, 38, -1, 88, 87, 86, -1,
     90, 89, 88, -1, 91, 90, 88, -1, 88, 86, 85, -1, 91, 88, 85, -1, 91, 85, 84, -1,
     91, 84, 83, -1, 91, 83, 82, -1, 91, 82, 38, -1, 92, 91, 38, -1, 93, 92, 38, -1,
     93, 38, 37, -1, 94, 93, 37, -1, 101, 100, 99, -1, 99, 98, 97, -1, 101, 99, 97, -1,
     101, 97, 96, -1, 101, 96, 95, -1, 101, 95, 94, -1, 102, 101, 94, -1, 102, 94, 37, -1,
     102, 37, 36, -1, 103, 102, 36, -1, 104, 103, 36, -1, 35, 34, 33, -1, 35, 33, 32, -1,
     36, 35, 32, -1, 104, 36, 32, -1, 104, 32, 31, -1, 105, 104, 31, -1, 106, 105, 31, -1,
     31, 30, 29, -1, 106, 31, 29, -1, 106, 29, 28, -1, 107, 106, 28, -1, 107, 28, 27, -1,
     27, 26, 25, -1, 25, 24, 23, -1, 27, 25, 23, -1, 107, 27, 23, -1, 13, 12, 11, -1,
     14, 13, 11, -1, 14, 11, 10, -1, 15, 14, 10, -1, 18, 17, 16, -1, 18, 16, 15, -1,
     20, 19, 18, -1, 20, 18, 15, -1, 20, 15, 10, -1, 21, 20, 10, -1, 23, 22, 21, -1,
     23, 21, 10, -1, 107, 23, 10, -1, 107, 10, 9, -1, 108, 107, 9, -1, 109, 108, 9, -1,
     8, 7, 6, -1, 8, 6, 5, -1, 9, 8, 5, -1, 4, 3, 2, -1, 4, 2, 1, -1,
     5, 4, 1, -1, 9, 5, 1, -1, 9, 1, 0, -1, 9, 0, 183, -1, 9, 183, 182, -1,
     9, 182, 181, -1, 109, 9, 181, -1, 109, 181, 180, -1, 109, 180, 179, -1, 110, 109, 179, -1,
     111, 110, 179, -1, 111, 179, 178, -1, 111, 178, 177, -1, 112, 111, 177, -1, 116, 115, 114, -1,
     118, 117, 116, -1, 116, 114, 113, -1, 118, 116, 113, -1, 119, 118, 113, -1, 120, 119, 113, -1,
     120, 113, 112, -1, 120, 112, 177, -1, 120, 177, 176, -1, 120, 176, 175, -1, 121, 120, 175, -1,
     122, 121, 175, -1, 123, 122, 175, -1, 123, 175, 174, -1, 127, 126, 125, -1, 129, 128, 127, -1,
     127, 125, 124, -1, 127, 124, 123, -1, 129, 127, 123, -1, 130, 129, 123, -1, 131, 130, 123, -1,
     132, 131, 123, -1, 132, 123, 174, -1, 133, 132, 174, -1, 133, 174, 173, -1, 134, 133, 173, -1,
     135, 134, 173, -1, 136, 135, 173, -1, 140, 139, 138, -1, 138, 137, 136, -1, 140, 138, 136, -1,
     140, 136, 173, -1, 141, 140, 173, -1, 142, 141, 173, -1, 142, 173, 172, -1, 143, 142, 172, -1,
     144, 143, 172, -1, 144, 172, 171, -1, 144, 171, 170, -1, 149, 148, 147, -1, 150, 149, 147, -1,
     147, 146, 145, -1, 150, 147, 145, -1, 150, 145, 144, -1, 151, 150, 144, -1, 152, 151, 144, -1,
     153, 152, 144, -1, 153, 144, 170, -1, 154, 153, 170, -1, 154, 170, 169, -1, 154, 169, 168, -1,
     155, 154, 168, -1, 159, 158, 157, -1, 160, 159, 157, -1, 160, 157, 156, -1, 161, 160, 156, -1,
     162, 161, 156, -1, 162, 156, 155, -1, 163, 162, 155, -1, 164, 163, 155, -1, 165, 164, 155, -1,
     165, 155, 168, -1, 166, 165, 168, -1, 167, 166, 168, -1
 ]
convex TRUE
creaseAngle 0.3490
}
}
]
}
]
}


DEF Design8t1 Transform {
children [
Transform {
children [
Shape {
appearance Appearance {
material DEF INMAT5 Material {
      diffuseColor 0.800 0.800 0.800
      ambientIntensity 0.299
      specularColor 0.000 0.000 0.000
      shininess 0.000
      transparency 0.000
}
}
geometry IndexedFaceSet {
coord Coordinate { point [
  -21.607 -10.082 -16.273,
  -21.607 -10.082 -15.293,
  -22.087 -10.082 -15.293,
  -22.087 -10.082 -15.413,
  -22.727 -10.082 -15.403,
  -22.700 -10.082 -15.293,
  -22.691 -10.082 -15.259,
  -22.609 -10.082 -15.100,
  -22.492 -10.082 -14.964,
  -22.294 -10.082 -14.817,
  -22.066 -10.082 -14.721,
  -21.821 -10.082 -14.681,
  -21.762 -10.082 -14.674,
  -21.568 -10.082 -14.669,
  -21.379 -10.082 -14.716,
  -21.210 -10.082 -14.813,
  -21.074 -10.082 -14.951,
  -20.973 -10.082 -15.138,
  -20.879 -10.082 -15.467,
  -20.851 -10.082 -15.807,
  -20.889 -10.082 -16.146,
  -20.929 -10.082 -16.273,
  -20.992 -10.082 -16.472,
  -21.040 -10.082 -16.559,
  -21.147 -10.082 -16.743,
  -21.225 -10.082 -16.940,
  -21.246 -10.082 -17.113,
  -21.207 -10.082 -17.282,
  -21.113 -10.082 -17.428,
  -21.007 -10.082 -17.528,
  -20.890 -10.082 -17.613,
  -20.776 -10.082 -17.712,
  -20.542 -10.082 -17.988,
  -20.258 -10.082 -18.360,
  -20.148 -10.082 -18.513,
  -20.075 -10.082 -18.687,
  -20.043 -10.082 -18.873,
  -20.038 -10.082 -19.092,
  -20.023 -10.082 -19.215,
  -19.945 -10.082 -19.548,
  -19.905 -10.082 -19.666,
  -19.841 -10.082 -19.773,
  -19.790 -10.082 -19.865,
  -19.768 -10.082 -19.968,
  -19.784 -10.082 -20.141,
  -19.804 -10.082 -20.281,
  -19.864 -10.082 -20.408,
  -19.927 -10.082 -20.463,
  -20.010 -10.082 -20.477,
  -20.088 -10.082 -20.447,
  -20.140 -10.082 -20.381,
  -20.263 -10.082 -20.158,
  -20.294 -10.082 -20.084,
  -20.303 -10.082 -19.934,
  -20.315 -10.082 -19.886,
  -20.326 -10.082 -19.866,
  -20.374 -10.082 -19.816,
  -20.440 -10.082 -19.796,
  -20.507 -10.082 -19.810,
  -20.559 -10.082 -19.855,
  -20.582 -10.082 -19.920,
  -20.596 -10.082 -20.062,
  -20.598 -10.082 -20.220,
  -20.612 -10.082 -20.303,
  -20.662 -10.082 -20.371,
  -20.754 -10.082 -20.462,
  -20.833 -10.082 -20.564,
  -20.888 -10.082 -20.615,
  -20.960 -10.082 -20.634,
  -21.034 -10.082 -20.618,
  -21.091 -10.082 -20.570,
  -21.119 -10.082 -20.501,
  -21.161 -10.082 -20.333,
  -21.170 -10.082 -20.252,
  -21.143 -10.082 -20.175,
  -21.105 -10.082 -20.115,
  -21.052 -10.082 -19.998,
  -21.034 -10.082 -19.870,
  -21.034 -10.082 -19.677,
  -21.056 -10.082 -19.603,
  -21.114 -10.082 -19.552,
  -21.191 -10.082 -19.541,
  -21.261 -10.082 -19.573,
  -21.303 -10.082 -19.638,
  -21.329 -10.082 -19.710,
  -21.373 -10.082 -19.898,
  -21.421 -10.082 -19.958,
  -21.489 -10.082 -19.994,
  -21.570 -10.082 -20.030,
  -21.754 -10.082 -20.117,
  -21.839 -10.082 -20.121,
  -21.914 -10.082 -20.080,
  -21.956 -10.082 -20.006,
  -21.953 -10.082 -19.920,
  -21.926 -10.082 -19.767,
  -21.910 -10.082 -19.700,
  -21.870 -10.082 -19.644,
  -21.724 -10.082 -19.463,
  -21.648 -10.082 -19.314,
  -21.602 -10.082 -19.154,
  -21.550 -10.082 -19.015,
  -21.490 -10.082 -18.909,
  -21.439 -10.082 -18.775,
  -21.434 -10.082 -18.632,
  -21.473 -10.082 -18.494,
  -21.554 -10.082 -18.376,
  -21.668 -10.082 -18.289,
  -21.799 -10.082 -18.202,
  -21.909 -10.082 -18.091,
  -22.077 -10.082 -17.913,
  -22.266 -10.082 -17.758,
  -22.474 -10.082 -17.629,
  -22.596 -10.082 -17.539,
  -22.685 -10.082 -17.416,
  -22.733 -10.082 -17.272,
  -22.735 -10.082 -17.120,
  -22.711 -10.082 -16.700,
  -22.751 -10.082 -16.281,
  -22.795 -10.082 -16.023,
  -22.794 -10.082 -15.761,
  -22.729 -10.082 -15.413,
  -22.727 -10.082 -15.403,
  -22.087 -10.082 -15.413,
  -22.087 -10.082 -16.273,
  -21.607 -10.582 -16.273,
  -21.607 -10.582 -15.293,
  -22.087 -10.582 -15.293,
  -22.087 -10.582 -15.413,
  -22.727 -10.582 -15.403,
  -22.700 -10.582 -15.293,
  -22.691 -10.582 -15.259,
  -22.609 -10.582 -15.100,
  -22.492 -10.582 -14.964,
  -22.294 -10.582 -14.817,
  -22.066 -10.582 -14.721,
  -21.821 -10.582 -14.681,
  -21.762 -10.582 -14.674,
  -21.568 -10.582 -14.669,
  -21.379 -10.582 -14.716,
  -21.210 -10.582 -14.813,
  -21.074 -10.582 -14.951,
  -20.973 -10.582 -15.138,
  -20.879 -10.582 -15.467,
  -20.851 -10.582 -15.807,
  -20.889 -10.582 -16.146,
  -20.929 -10.582 -16.273,
  -20.992 -10.582 -16.472,
  -21.040 -10.582 -16.559,
  -21.147 -10.582 -16.743,
  -21.225 -10.582 -16.940,
  -21.246 -10.582 -17.113,
  -21.207 -10.582 -17.282,
  -21.113 -10.582 -17.428,
  -21.007 -10.582 -17.528,
  -20.890 -10.582 -17.613,
  -20.776 -10.582 -17.712,
  -20.542 -10.582 -17.988,
  -20.258 -10.582 -18.360,
  -20.148 -10.582 -18.513,
  -20.075 -10.582 -18.687,
  -20.043 -10.582 -18.873,
  -20.038 -10.582 -19.092,
  -20.023 -10.582 -19.215,
  -19.945 -10.582 -19.548,
  -19.905 -10.582 -19.666,
  -19.841 -10.582 -19.773,
  -19.790 -10.582 -19.865,
  -19.768 -10.582 -19.968,
  -19.784 -10.582 -20.141,
  -19.804 -10.582 -20.281,
  -19.864 -10.582 -20.408,
  -19.927 -10.582 -20.463,
  -20.010 -10.582 -20.477,
  -20.088 -10.582 -20.447,
  -20.140 -10.582 -20.381,
  -20.263 -10.582 -20.158,
  -20.294 -10.582 -20.084,
  -20.303 -10.582 -19.934,
  -20.315 -10.582 -19.886,
  -20.326 -10.582 -19.866,
  -20.374 -10.582 -19.816,
  -20.440 -10.582 -19.796,
  -20.507 -10.582 -19.810,
  -20.559 -10.582 -19.855,
  -20.582 -10.582 -19.920,
  -20.596 -10.582 -20.062,
  -20.598 -10.582 -20.220,
  -20.612 -10.582 -20.303,
  -20.662 -10.582 -20.371,
  -20.754 -10.582 -20.462,
  -20.833 -10.582 -20.564,
  -20.888 -10.582 -20.615,
  -20.960 -10.582 -20.634,
  -21.034 -10.582 -20.618,
  -21.091 -10.582 -20.570,
  -21.119 -10.582 -20.501,
  -21.161 -10.582 -20.333,
  -21.170 -10.582 -20.252,
  -21.143 -10.582 -20.175,
  -21.105 -10.582 -20.115,
  -21.052 -10.582 -19.998,
  -21.034 -10.582 -19.870,
  -21.034 -10.582 -19.677,
  -21.056 -10.582 -19.603,
  -21.114 -10.582 -19.552,
  -21.191 -10.582 -19.541,
  -21.261 -10.582 -19.573,
  -21.303 -10.582 -19.638,
  -21.329 -10.582 -19.710,
  -21.373 -10.582 -19.898,
  -21.421 -10.582 -19.958,
  -21.489 -10.582 -19.994,
  -21.570 -10.582 -20.030,
  -21.754 -10.582 -20.117,
  -21.839 -10.582 -20.121,
  -21.914 -10.582 -20.080,
  -21.956 -10.582 -20.006,
  -21.953 -10.582 -19.920,
  -21.926 -10.582 -19.767,
  -21.910 -10.582 -19.700,
  -21.870 -10.582 -19.644,
  -21.724 -10.582 -19.463,
  -21.648 -10.582 -19.314,
  -21.602 -10.582 -19.154,
  -21.550 -10.582 -19.015,
  -21.490 -10.582 -18.909,
  -21.439 -10.582 -18.775,
  -21.434 -10.582 -18.632,
  -21.473 -10.582 -18.494,
  -21.554 -10.582 -18.376,
  -21.668 -10.582 -18.289,
  -21.799 -10.582 -18.202,
  -21.909 -10.582 -18.091,
  -22.077 -10.582 -17.913,
  -22.266 -10.582 -17.758,
  -22.474 -10.582 -17.629,
  -22.596 -10.582 -17.539,
  -22.685 -10.582 -17.416,
  -22.733 -10.582 -17.272,
  -22.735 -10.582 -17.120,
  -22.711 -10.582 -16.700,
  -22.751 -10.582 -16.281,
  -22.795 -10.582 -16.023,
  -22.794 -10.582 -15.761,
  -22.729 -10.582 -15.413,
  -22.727 -10.582 -15.403,
  -22.087 -10.582 -15.413,
  -22.087 -10.582 -16.273
 ] }
coordIndex [ 5, 6, 7, -1, 2, 5, 7, -1, 2, 7, 8, -1, 2, 8, 9, -1,
     2, 9, 10, -1, 2, 10, 11, -1, 1, 2, 11, -1, 11, 12, 13, -1, 1, 11, 13, -1,
     1, 13, 14, -1, 1, 14, 15, -1, 1, 15, 16, -1, 1, 16, 17, -1, 1, 17, 18, -1,
     1, 18, 19, -1, 0, 1, 19, -1, 0, 19, 20, -1, 0, 20, 21, -1, 120, 5, 2, -1,
     119, 120, 2, -1, 119, 2, 123, -1, 118, 119, 123, -1, 117, 118, 123, -1, 116, 117, 123, -1,
     111, 112, 113, -1, 113, 114, 115, -1, 110, 111, 113, -1, 110, 113, 115, -1, 116, 123, 0, -1,
     115, 116, 0, -1, 110, 115, 0, -1, 0, 21, 22, -1, 0, 22, 23, -1, 0, 23, 24, -1,
     0, 24, 25, -1, 110, 0, 25, -1, 110, 25, 26, -1, 110, 26, 27, -1, 109, 110, 27, -1,
     108, 109, 27, -1, 108, 27, 28, -1, 107, 108, 28, -1, 106, 107, 28, -1, 106, 28, 29, -1,
     105, 106, 29, -1, 105, 29, 30, -1, 105, 30, 31, -1, 104, 105, 31, -1, 104, 31, 32, -1,
     103, 104, 32, -1, 103, 32, 33, -1, 91, 92, 93, -1, 89, 90, 91, -1, 89, 91, 93, -1,
     88, 89, 93, -1, 87, 88, 93, -1, 87, 93, 94, -1, 94, 95, 96, -1, 87, 94, 96, -1,
     85, 86, 87, -1, 85, 87, 96, -1, 85, 96, 97, -1, 84, 85, 97, -1, 83, 84, 97, -1,
     82, 83, 97, -1, 82, 97, 98, -1, 81, 82, 98, -1, 81, 98, 99, -1, 99, 100, 101, -1,
     80, 81, 99, -1, 80, 99, 101, -1, 102, 103, 33, -1, 101, 102, 33, -1, 80, 101, 33, -1,
     33, 34, 35, -1, 33, 35, 36, -1, 80, 33, 36, -1, 80, 36, 37, -1, 80, 37, 38, -1,
     46, 47, 48, -1, 48, 49, 50, -1, 45, 46, 48, -1, 45, 48, 50, -1, 44, 45, 50, -1,
     43, 44, 50, -1, 43, 50, 51, -1, 43, 51, 52, -1, 43, 52, 53, -1, 42, 43, 53, -1,
     41, 42, 53, -1, 40, 41, 53, -1, 40, 53, 54, -1, 40, 54, 55, -1, 40, 55, 56, -1,
     40, 56, 57, -1, 39, 40, 57, -1, 38, 39, 57, -1, 38, 57, 58, -1, 80, 38, 58, -1,
     79, 80, 58, -1, 79, 58, 59, -1, 78, 79, 59, -1, 77, 78, 59, -1, 77, 59, 60, -1,
     77, 60, 61, -1, 76, 77, 61, -1, 76, 61, 62, -1, 62, 63, 64, -1, 76, 62, 64, -1,
     75, 76, 64, -1, 75, 64, 65, -1, 73, 74, 75, -1, 73, 75, 65, -1, 72, 73, 65, -1,
     71, 72, 65, -1, 68, 69, 70, -1, 68, 70, 71, -1, 65, 66, 67, -1, 71, 65, 67, -1,
     68, 71, 67, -1
  1, 0, 124, 125, -1,
  2, 1, 125, 126, -1,
  3, 2, 126, 127, -1,
  4, 3, 127, 128, -1,
  5, 4, 128, 129, -1,
  6, 5, 129, 130, -1,
  7, 6, 130, 131, -1,
  8, 7, 131, 132, -1,
  9, 8, 132, 133, -1,
  10, 9, 133, 134, -1,
  11, 10, 134, 135, -1,
  12, 11, 135, 136, -1,
  13, 12, 136, 137, -1,
  14, 13, 137, 138, -1,
  15, 14, 138, 139, -1,
  16, 15, 139, 140, -1,
  17, 16, 140, 141, -1,
  18, 17, 141, 142, -1,
  19, 18, 142, 143, -1,
  20, 19, 143, 144, -1,
  21, 20, 144, 145, -1,
  22, 21, 145, 146, -1,
  23, 22, 146, 147, -1,
  24, 23, 147, 148, -1,
  25, 24, 148, 149, -1,
  26, 25, 149, 150, -1,
  27, 26, 150, 151, -1,
  28, 27, 151, 152, -1,
  29, 28, 152, 153, -1,
  30, 29, 153, 154, -1,
  31, 30, 154, 155, -1,
  32, 31, 155, 156, -1,
  33, 32, 156, 157, -1,
  34, 33, 157, 158, -1,
  35, 34, 158, 159, -1,
  36, 35, 159, 160, -1,
  37, 36, 160, 161, -1,
  38, 37, 161, 162, -1,
  39, 38, 162, 163, -1,
  40, 39, 163, 164, -1,
  41, 40, 164, 165, -1,
  42, 41, 165, 166, -1,
  43, 42, 166, 167, -1,
  44, 43, 167, 168, -1,
  45, 44, 168, 169, -1,
  46, 45, 169, 170, -1,
  47, 46, 170, 171, -1,
  48, 47, 171, 172, -1,
  49, 48, 172, 173, -1,
  50, 49, 173, 174, -1,
  51, 50, 174, 175, -1,
  52, 51, 175, 176, -1,
  53, 52, 176, 177, -1,
  54, 53, 177, 178, -1,
  55, 54, 178, 179, -1,
  56, 55, 179, 180, -1,
  57, 56, 180, 181, -1,
  58, 57, 181, 182, -1,
  59, 58, 182, 183, -1,
  60, 59, 183, 184, -1,
  61, 60, 184, 185, -1,
  62, 61, 185, 186, -1,
  63, 62, 186, 187, -1,
  64, 63, 187, 188, -1,
  65, 64, 188, 189, -1,
  66, 65, 189, 190, -1,
  67, 66, 190, 191, -1,
  68, 67, 191, 192, -1,
  69, 68, 192, 193, -1,
  70, 69, 193, 194, -1,
  71, 70, 194, 195, -1,
  72, 71, 195, 196, -1,
  73, 72, 196, 197, -1,
  74, 73, 197, 198, -1,
  75, 74, 198, 199, -1,
  76, 75, 199, 200, -1,
  77, 76, 200, 201, -1,
  78, 77, 201, 202, -1,
  79, 78, 202, 203, -1,
  80, 79, 203, 204, -1,
  81, 80, 204, 205, -1,
  82, 81, 205, 206, -1,
  83, 82, 206, 207, -1,
  84, 83, 207, 208, -1,
  85, 84, 208, 209, -1,
  86, 85, 209, 210, -1,
  87, 86, 210, 211, -1,
  88, 87, 211, 212, -1,
  89, 88, 212, 213, -1,
  90, 89, 213, 214, -1,
  91, 90, 214, 215, -1,
  92, 91, 215, 216, -1,
  93, 92, 216, 217, -1,
  94, 93, 217, 218, -1,
  95, 94, 218, 219, -1,
  96, 95, 219, 220, -1,
  97, 96, 220, 221, -1,
  98, 97, 221, 222, -1,
  99, 98, 222, 223, -1,
  100, 99, 223, 224, -1,
  101, 100, 224, 225, -1,
  102, 101, 225, 226, -1,
  103, 102, 226, 227, -1,
  104, 103, 227, 228, -1,
  105, 104, 228, 229, -1,
  106, 105, 229, 230, -1,
  107, 106, 230, 231, -1,
  108, 107, 231, 232, -1,
  109, 108, 232, 233, -1,
  110, 109, 233, 234, -1,
  111, 110, 234, 235, -1,
  112, 111, 235, 236, -1,
  113, 112, 236, 237, -1,
  114, 113, 237, 238, -1,
  115, 114, 238, 239, -1,
  116, 115, 239, 240, -1,
  117, 116, 240, 241, -1,
  118, 117, 241, 242, -1,
  119, 118, 242, 243, -1,
  120, 119, 243, 244, -1,
  121, 120, 244, 245, -1,
  122, 121, 245, 246, -1,
  123, 122, 246, 247, -1,
  0, 123, 247, 124, -1
 ]
convex TRUE
creaseAngle 0.3490
}
}
Shape {
appearance Appearance {
material DEF OUTMAT5 Material {
      diffuseColor 0.600 0.851 0.910
      ambientIntensity 0.295
      specularColor 0.000 0.000 0.000
      shininess 0.000
      transparency 0.000
}
}
geometry IndexedFaceSet {
coord Coordinate { point [
  -21.607 -10.582 -16.273,
  -21.607 -10.582 -15.293,
  -22.087 -10.582 -15.293,
  -22.087 -10.582 -15.413,
  -22.727 -10.582 -15.403,
  -22.700 -10.582 -15.293,
  -22.691 -10.582 -15.259,
  -22.609 -10.582 -15.100,
  -22.492 -10.582 -14.964,
  -22.294 -10.582 -14.817,
  -22.066 -10.582 -14.721,
  -21.821 -10.582 -14.681,
  -21.762 -10.582 -14.674,
  -21.568 -10.582 -14.669,
  -21.379 -10.582 -14.716,
  -21.210 -10.582 -14.813,
  -21.074 -10.582 -14.951,
  -20.973 -10.582 -15.138,
  -20.879 -10.582 -15.467,
  -20.851 -10.582 -15.807,
  -20.889 -10.582 -16.146,
  -20.929 -10.582 -16.273,
  -20.992 -10.582 -16.472,
  -21.040 -10.582 -16.559,
  -21.147 -10.582 -16.743,
  -21.225 -10.582 -16.940,
  -21.246 -10.582 -17.113,
  -21.207 -10.582 -17.282,
  -21.113 -10.582 -17.428,
  -21.007 -10.582 -17.528,
  -20.890 -10.582 -17.613,
  -20.776 -10.582 -17.712,
  -20.542 -10.582 -17.988,
  -20.258 -10.582 -18.360,
  -20.148 -10.582 -18.513,
  -20.075 -10.582 -18.687,
  -20.043 -10.582 -18.873,
  -20.038 -10.582 -19.092,
  -20.023 -10.582 -19.215,
  -19.945 -10.582 -19.548,
  -19.905 -10.582 -19.666,
  -19.841 -10.582 -19.773,
  -19.790 -10.582 -19.865,
  -19.768 -10.582 -19.968,
  -19.784 -10.582 -20.141,
  -19.804 -10.582 -20.281,
  -19.864 -10.582 -20.408,
  -19.927 -10.582 -20.463,
  -20.010 -10.582 -20.477,
  -20.088 -10.582 -20.447,
  -20.140 -10.582 -20.381,
  -20.263 -10.582 -20.158,
  -20.294 -10.582 -20.084,
  -20.303 -10.582 -19.934,
  -20.315 -10.582 -19.886,
  -20.326 -10.582 -19.866,
  -20.374 -10.582 -19.816,
  -20.440 -10.582 -19.796,
  -20.507 -10.582 -19.810,
  -20.559 -10.582 -19.855,
  -20.582 -10.582 -19.920,
  -20.596 -10.582 -20.062,
  -20.598 -10.582 -20.220,
  -20.612 -10.582 -20.303,
  -20.662 -10.582 -20.371,
  -20.754 -10.582 -20.462,
  -20.833 -10.582 -20.564,
  -20.888 -10.582 -20.615,
  -20.960 -10.582 -20.634,
  -21.034 -10.582 -20.618,
  -21.091 -10.582 -20.570,
  -21.119 -10.582 -20.501,
  -21.161 -10.582 -20.333,
  -21.170 -10.582 -20.252,
  -21.143 -10.582 -20.175,
  -21.105 -10.582 -20.115,
  -21.052 -10.582 -19.998,
  -21.034 -10.582 -19.870,
  -21.034 -10.582 -19.677,
  -21.056 -10.582 -19.603,
  -21.114 -10.582 -19.552,
  -21.191 -10.582 -19.541,
  -21.261 -10.582 -19.573,
  -21.303 -10.582 -19.638,
  -21.329 -10.582 -19.710,
  -21.373 -10.582 -19.898,
  -21.421 -10.582 -19.958,
  -21.489 -10.582 -19.994,
  -21.570 -10.582 -20.030,
  -21.754 -10.582 -20.117,
  -21.839 -10.582 -20.121,
  -21.914 -10.582 -20.080,
  -21.956 -10.582 -20.006,
  -21.953 -10.582 -19.920,
  -21.926 -10.582 -19.767,
  -21.910 -10.582 -19.700,
  -21.870 -10.582 -19.644,
  -21.724 -10.582 -19.463,
  -21.648 -10.582 -19.314,
  -21.602 -10.582 -19.154,
  -21.550 -10.582 -19.015,
  -21.490 -10.582 -18.909,
  -21.439 -10.582 -18.775,
  -21.434 -10.582 -18.632,
  -21.473 -10.582 -18.494,
  -21.554 -10.582 -18.376,
  -21.668 -10.582 -18.289,
  -21.799 -10.582 -18.202,
  -21.909 -10.582 -18.091,
  -22.077 -10.582 -17.913,
  -22.266 -10.582 -17.758,
  -22.474 -10.582 -17.629,
  -22.596 -10.582 -17.539,
  -22.685 -10.582 -17.416,
  -22.733 -10.582 -17.272,
  -22.735 -10.582 -17.120,
  -22.711 -10.582 -16.700,
  -22.751 -10.582 -16.281,
  -22.795 -10.582 -16.023,
  -22.794 -10.582 -15.761,
  -22.729 -10.582 -15.413,
  -22.727 -10.582 -15.403,
  -22.087 -10.582 -15.413,
  -22.087 -10.582 -16.273
 ] }
 coordIndex [ 7, 6, 5, -1, 7, 5, 2, -1, 8, 7, 2, -1, 9, 8, 2, -1,
     10, 9, 2, -1, 11, 10, 2, -1, 11, 2, 1, -1, 13, 12, 11, -1, 13, 11, 1, -1,
     14, 13, 1, -1, 15, 14, 1, -1, 16, 15, 1, -1, 17, 16, 1, -1, 18, 17, 1, -1,
     19, 18, 1, -1, 19, 1, 0, -1, 20, 19, 0, -1, 21, 20, 0, -1, 2, 5, 120, -1,
     2, 120, 119, -1, 123, 2, 119, -1, 123, 119, 118, -1, 123, 118, 117, -1, 123, 117, 116, -1,
     113, 112, 111, -1, 115, 114, 113, -1, 113, 111, 110, -1, 115, 113, 110, -1, 0, 123, 116, -1,
     0, 116, 115, -1, 0, 115, 110, -1, 22, 21, 0, -1, 23, 22, 0, -1, 24, 23, 0, -1,
     25, 24, 0, -1, 25, 0, 110, -1, 26, 25, 110, -1, 27, 26, 110, -1, 27, 110, 109, -1,
     27, 109, 108, -1, 28, 27, 108, -1, 28, 108, 107, -1, 28, 107, 106, -1, 29, 28, 106, -1,
     29, 106, 105, -1, 30, 29, 105, -1, 31, 30, 105, -1, 31, 105, 104, -1, 32, 31, 104, -1,
     32, 104, 103, -1, 33, 32, 103, -1, 93, 92, 91, -1, 91, 90, 89, -1, 93, 91, 89, -1,
     93, 89, 88, -1, 93, 88, 87, -1, 94, 93, 87, -1, 96, 95, 94, -1, 96, 94, 87, -1,
     87, 86, 85, -1, 96, 87, 85, -1, 97, 96, 85, -1, 97, 85, 84, -1, 97, 84, 83, -1,
     97, 83, 82, -1, 98, 97, 82, -1, 98, 82, 81, -1, 99, 98, 81, -1, 101, 100, 99, -1,
     99, 81, 80, -1, 101, 99, 80, -1, 33, 103, 102, -1, 33, 102, 101, -1, 33, 101, 80, -1,
     35, 34, 33, -1, 36, 35, 33, -1, 36, 33, 80, -1, 37, 36, 80, -1, 38, 37, 80, -1,
     48, 47, 46, -1, 50, 49, 48, -1, 48, 46, 45, -1, 50, 48, 45, -1, 50, 45, 44, -1,
     50, 44, 43, -1, 51, 50, 43, -1, 52, 51, 43, -1, 53, 52, 43, -1, 53, 43, 42, -1,
     53, 42, 41, -1, 53, 41, 40, -1, 54, 53, 40, -1, 55, 54, 40, -1, 56, 55, 40, -1,
     57, 56, 40, -1, 57, 40, 39, -1, 57, 39, 38, -1, 58, 57, 38, -1, 58, 38, 80, -1,
     58, 80, 79, -1, 59, 58, 79, -1, 59, 79, 78, -1, 59, 78, 77, -1, 60, 59, 77, -1,
     61, 60, 77, -1, 61, 77, 76, -1, 62, 61, 76, -1, 64, 63, 62, -1, 64, 62, 76, -1,
     64, 76, 75, -1, 65, 64, 75, -1, 75, 74, 73, -1, 65, 75, 73, -1, 65, 73, 72, -1,
     65, 72, 71, -1, 70, 69, 68, -1, 71, 70, 68, -1, 67, 66, 65, -1, 67, 65, 71, -1,
     67, 71, 68, -1
 ]
convex TRUE
creaseAngle 0.3490
}
}
]
}
]
}


DEF Design16t1 Transform {
children [
Transform {
children [
Shape {
appearance Appearance {
material DEF INMAT6 Material {
      diffuseColor 0.800 0.800 0.800
      ambientIntensity 0.299
      specularColor 0.000 0.000 0.000
      shininess 0.000
      transparency 0.000
}
}
geometry IndexedFaceSet {
coord Coordinate { point [
  -22.097 -0.250 -23.525,
  -22.097 -0.250 -25.491,
  -22.097 0.250 -25.491,
  -22.097 0.792 -25.491,
  -22.097 0.792 -25.731,
  -22.097 1.572 -25.731,
  -22.097 1.572 -25.251,
  -22.097 0.792 -25.251,
  -22.097 0.792 -25.491,
  -22.097 0.250 -25.491,
  -22.097 0.250 -23.525,
  -22.097 0.267 -23.443,
  -22.097 0.316 -23.376,
  -22.097 0.389 -23.334,
  -22.097 0.472 -23.326,
  -22.097 0.660 -23.354,
  -22.097 0.744 -23.391,
  -22.097 0.802 -23.462,
  -22.097 0.823 -23.551,
  -22.097 0.823 -24.110,
  -22.097 1.323 -24.110,
  -22.097 1.323 -23.995,
  -22.097 1.348 -23.898,
  -22.097 1.417 -23.825,
  -22.097 1.513 -23.795,
  -22.097 1.611 -23.815,
  -22.097 1.687 -23.881,
  -22.097 1.742 -23.976,
  -22.097 1.783 -24.078,
  -22.097 2.012 -24.811,
  -22.097 2.036 -24.918,
  -22.097 2.045 -25.028,
  -22.097 2.045 -25.251,
  -22.097 2.045 -25.361,
  -22.097 2.270 -25.361,
  -22.097 2.385 -25.384,
  -22.097 2.482 -25.449,
  -22.097 2.547 -25.546,
  -22.097 2.570 -25.661,
  -22.097 2.570 -25.731,
  -22.097 2.570 -26.061,
  -22.097 2.547 -26.176,
  -22.097 2.482 -26.273,
  -22.097 2.385 -26.338,
  -22.097 2.270 -26.361,
  -22.097 2.045 -26.361,
  -22.097 2.045 -26.618,
  -22.097 1.717 -26.960,
  -22.097 1.342 -27.248,
  -22.097 0.928 -27.478,
  -22.097 0.484 -27.642,
  -22.097 0.284 -27.670,
  -22.097 -0.284 -27.670,
  -22.097 -0.484 -27.642,
  -22.097 -0.928 -27.478,
  -22.097 -1.342 -27.248,
  -22.097 -1.717 -26.960,
  -22.097 -2.045 -26.618,
  -22.097 -2.045 -26.361,
  -22.097 -2.270 -26.361,
  -22.097 -2.385 -26.338,
  -22.097 -2.482 -26.273,
  -22.097 -2.547 -26.176,
  -22.097 -2.570 -26.061,
  -22.097 -2.570 -25.661,
  -22.097 -2.547 -25.546,
  -22.097 -2.482 -25.449,
  -22.097 -2.385 -25.384,
  -22.097 -2.270 -25.361,
  -22.097 -2.045 -25.361,
  -22.097 -2.045 -25.251,
  -22.097 -1.572 -25.251,
  -22.097 -1.572 -25.731,
  -22.097 -0.792 -25.731,
  -22.097 -0.792 -25.251,
  -22.097 -1.572 -25.251,
  -22.097 -2.045 -25.251,
  -22.097 -2.045 -25.028,
  -22.097 -2.037 -24.918,
  -22.097 -2.012 -24.811,
  -22.097 -1.783 -24.078,
  -22.097 -1.688 -23.882,
  -22.097 -1.612 -23.816,
  -22.097 -1.513 -23.795,
  -22.097 -1.417 -23.825,
  -22.097 -1.348 -23.898,
  -22.097 -1.323 -23.995,
  -22.097 -1.323 -24.110,
  -22.097 -0.823 -24.110,
  -22.097 -0.823 -23.551,
  -22.097 -0.802 -23.462,
  -22.097 -0.744 -23.391,
  -22.097 -0.661 -23.354,
  -22.097 -0.472 -23.326,
  -22.097 -0.389 -23.334,
  -22.097 -0.317 -23.376,
  -22.097 -0.267 -23.443,
  -21.597 -0.250 -23.525,
  -21.597 -0.250 -25.491,
  -21.597 0.250 -25.491,
  -21.597 0.792 -25.491,
  -21.597 0.792 -25.731,
  -21.597 1.572 -25.731,
  -21.597 1.572 -25.251,
  -21.597 0.792 -25.251,
  -21.597 0.792 -25.491,
  -21.597 0.250 -25.491,
  -21.597 0.250 -23.525,
  -21.597 0.267 -23.443,
  -21.597 0.316 -23.376,
  -21.597 0.389 -23.334,
  -21.597 0.472 -23.326,
  -21.597 0.660 -23.354,
  -21.597 0.744 -23.391,
  -21.597 0.802 -23.462,
  -21.597 0.823 -23.551,
  -21.597 0.823 -24.110,
  -21.597 1.323 -24.110,
  -21.597 1.323 -23.995,
  -21.597 1.348 -23.898,
  -21.597 1.417 -23.825,
  -21.597 1.513 -23.795,
  -21.597 1.611 -23.815,
  -21.597 1.687 -23.881,
  -21.597 1.742 -23.976,
  -21.597 1.783 -24.078,
  -21.597 2.012 -24.811,
  -21.597 2.036 -24.918,
  -21.597 2.045 -25.028,
  -21.597 2.045 -25.251,
  -21.597 2.045 -25.361,
  -21.597 2.270 -25.361,
  -21.597 2.385 -25.384,
  -21.597 2.482 -25.449,
  -21.597 2.547 -25.546,
  -21.597 2.570 -25.661,
  -21.597 2.570 -25.731,
  -21.597 2.570 -26.061,
  -21.597 2.547 -26.176,
  -21.597 2.482 -26.273,
  -21.597 2.385 -26.338,
  -21.597 2.270 -26.361,
  -21.597 2.045 -26.361,
  -21.597 2.045 -26.618,
  -21.597 1.717 -26.960,
  -21.597 1.342 -27.248,
  -21.597 0.928 -27.478,
  -21.597 0.484 -27.642,
  -21.597 0.284 -27.670,
  -21.597 -0.284 -27.670,
  -21.597 -0.484 -27.642,
  -21.597 -0.928 -27.478,
  -21.597 -1.342 -27.248,
  -21.597 -1.717 -26.960,
  -21.597 -2.045 -26.618,
  -21.597 -2.045 -26.361,
  -21.597 -2.270 -26.361,
  -21.597 -2.385 -26.338,
  -21.597 -2.482 -26.273,
  -21.597 -2.547 -26.176,
  -21.597 -2.570 -26.061,
  -21.597 -2.570 -25.661,
  -21.597 -2.547 -25.546,
  -21.597 -2.482 -25.449,
  -21.597 -2.385 -25.384,
  -21.597 -2.270 -25.361,
  -21.597 -2.045 -25.361,
  -21.597 -2.045 -25.251,
  -21.597 -1.572 -25.251,
  -21.597 -1.572 -25.731,
  -21.597 -0.792 -25.731,
  -21.597 -0.792 -25.251,
  -21.597 -1.572 -25.251,
  -21.597 -2.045 -25.251,
  -21.597 -2.045 -25.028,
  -21.597 -2.037 -24.918,
  -21.597 -2.012 -24.811,
  -21.597 -1.783 -24.078,
  -21.597 -1.688 -23.882,
  -21.597 -1.612 -23.816,
  -21.597 -1.513 -23.795,
  -21.597 -1.417 -23.825,
  -21.597 -1.348 -23.898,
  -21.597 -1.323 -23.995,
  -21.597 -1.323 -24.110,
  -21.597 -0.823 -24.110,
  -21.597 -0.823 -23.551,
  -21.597 -0.802 -23.462,
  -21.597 -0.744 -23.391,
  -21.597 -0.661 -23.354,
  -21.597 -0.472 -23.326,
  -21.597 -0.389 -23.334,
  -21.597 -0.317 -23.376,
  -21.597 -0.267 -23.443
 ] }
coordIndex [ 83, 84, 85, -1, 83, 85, 86, -1, 82, 83, 86, -1, 82, 86, 87, -1,
     81, 82, 87, -1, 80, 81, 87, -1, 79, 80, 87, -1, 71, 70, 77, -1, 77, 78, 79, -1,
     71, 77, 79, -1, 71, 79, 87, -1, 74, 71, 87, -1, 74, 87, 88, -1, 88, 89, 90, -1,
     88, 90, 91, -1, 88, 91, 92, -1, 88, 92, 93, -1, 88, 93, 94, -1, 88, 94, 95, -1,
     74, 88, 95, -1, 74, 95, 96, -1, 74, 96, 0, -1, 74, 0, 1, -1, 73, 74, 1, -1,
     2, 3, 4, -1, 1, 2, 4, -1, 73, 1, 4, -1, 51, 52, 53, -1, 51, 53, 54, -1,
     54, 55, 56, -1, 54, 56, 57, -1, 54, 57, 58, -1, 58, 59, 60, -1, 58, 60, 61, -1,
     58, 61, 62, -1, 58, 62, 63, -1, 58, 63, 64, -1, 54, 58, 64, -1, 54, 64, 65, -1,
     54, 65, 66, -1, 54, 66, 67, -1, 54, 67, 68, -1, 54, 68, 69, -1, 54, 69, 70, -1,
     70, 71, 72, -1, 54, 70, 72, -1, 54, 72, 73, -1, 51, 54, 73, -1, 12, 13, 14, -1,
     11, 12, 14, -1, 15, 16, 17, -1, 14, 15, 17, -1, 10, 11, 14, -1, 14, 17, 18, -1,
     10, 14, 18, -1, 10, 18, 19, -1, 2, 10, 19, -1, 7, 3, 2, -1, 7, 2, 19, -1,
     24, 25, 26, -1, 24, 26, 27, -1, 20, 21, 22, -1, 22, 23, 24, -1, 20, 22, 24, -1,
     20, 24, 27, -1, 20, 27, 28, -1, 20, 28, 29, -1, 7, 19, 20, -1, 7, 20, 29, -1,
     51, 73, 4, -1, 6, 7, 29, -1, 5, 6, 29, -1, 5, 29, 30, -1, 5, 30, 31, -1,
     51, 4, 5, -1, 51, 5, 31, -1, 35, 36, 37, -1, 37, 38, 39, -1, 34, 35, 37, -1,
     34, 37, 39, -1, 42, 43, 44, -1, 41, 42, 44, -1, 41, 44, 45, -1, 40, 41, 45, -1,
     39, 40, 45, -1, 33, 34, 39, -1, 33, 39, 45, -1, 51, 31, 32, -1, 51, 32, 33, -1,
     51, 33, 45, -1, 45, 46, 47, -1, 45, 47, 48, -1, 48, 49, 50, -1, 51, 45, 48, -1,
     51, 48, 50, -1
  1, 0, 97, 98, -1,
  2, 1, 98, 99, -1,
  3, 2, 99, 100, -1,
  4, 3, 100, 101, -1,
  5, 4, 101, 102, -1,
  6, 5, 102, 103, -1,
  7, 6, 103, 104, -1,
  8, 7, 104, 105, -1,
  9, 8, 105, 106, -1,
  10, 9, 106, 107, -1,
  11, 10, 107, 108, -1,
  12, 11, 108, 109, -1,
  13, 12, 109, 110, -1,
  14, 13, 110, 111, -1,
  15, 14, 111, 112, -1,
  16, 15, 112, 113, -1,
  17, 16, 113, 114, -1,
  18, 17, 114, 115, -1,
  19, 18, 115, 116, -1,
  20, 19, 116, 117, -1,
  21, 20, 117, 118, -1,
  22, 21, 118, 119, -1,
  23, 22, 119, 120, -1,
  24, 23, 120, 121, -1,
  25, 24, 121, 122, -1,
  26, 25, 122, 123, -1,
  27, 26, 123, 124, -1,
  28, 27, 124, 125, -1,
  29, 28, 125, 126, -1,
  30, 29, 126, 127, -1,
  31, 30, 127, 128, -1,
  32, 31, 128, 129, -1,
  33, 32, 129, 130, -1,
  34, 33, 130, 131, -1,
  35, 34, 131, 132, -1,
  36, 35, 132, 133, -1,
  37, 36, 133, 134, -1,
  38, 37, 134, 135, -1,
  39, 38, 135, 136, -1,
  40, 39, 136, 137, -1,
  41, 40, 137, 138, -1,
  42, 41, 138, 139, -1,
  43, 42, 139, 140, -1,
  44, 43, 140, 141, -1,
  45, 44, 141, 142, -1,
  46, 45, 142, 143, -1,
  47, 46, 143, 144, -1,
  48, 47, 144, 145, -1,
  49, 48, 145, 146, -1,
  50, 49, 146, 147, -1,
  51, 50, 147, 148, -1,
  52, 51, 148, 149, -1,
  53, 52, 149, 150, -1,
  54, 53, 150, 151, -1,
  55, 54, 151, 152, -1,
  56, 55, 152, 153, -1,
  57, 56, 153, 154, -1,
  58, 57, 154, 155, -1,
  59, 58, 155, 156, -1,
  60, 59, 156, 157, -1,
  61, 60, 157, 158, -1,
  62, 61, 158, 159, -1,
  63, 62, 159, 160, -1,
  64, 63, 160, 161, -1,
  65, 64, 161, 162, -1,
  66, 65, 162, 163, -1,
  67, 66, 163, 164, -1,
  68, 67, 164, 165, -1,
  69, 68, 165, 166, -1,
  70, 69, 166, 167, -1,
  71, 70, 167, 168, -1,
  72, 71, 168, 169, -1,
  73, 72, 169, 170, -1,
  74, 73, 170, 171, -1,
  75, 74, 171, 172, -1,
  76, 75, 172, 173, -1,
  77, 76, 173, 174, -1,
  78, 77, 174, 175, -1,
  79, 78, 175, 176, -1,
  80, 79, 176, 177, -1,
  81, 80, 177, 178, -1,
  82, 81, 178, 179, -1,
  83, 82, 179, 180, -1,
  84, 83, 180, 181, -1,
  85, 84, 181, 182, -1,
  86, 85, 182, 183, -1,
  87, 86, 183, 184, -1,
  88, 87, 184, 185, -1,
  89, 88, 185, 186, -1,
  90, 89, 186, 187, -1,
  91, 90, 187, 188, -1,
  92, 91, 188, 189, -1,
  93, 92, 189, 190, -1,
  94, 93, 190, 191, -1,
  95, 94, 191, 192, -1,
  96, 95, 192, 193, -1,
  0, 96, 193, 97, -1
 ]
convex TRUE
creaseAngle 0.3490
}
}
Shape {
appearance Appearance {
material DEF OUTMAT6 Material {
      diffuseColor 0.600 0.851 0.910
      ambientIntensity 0.295
      specularColor 0.000 0.000 0.000
      shininess 0.000
      transparency 0.000
}
}
geometry IndexedFaceSet {
coord Coordinate { point [
  -21.597 -0.250 -23.525,
  -21.597 -0.250 -25.491,
  -21.597 0.250 -25.491,
  -21.597 0.792 -25.491,
  -21.597 0.792 -25.731,
  -21.597 1.572 -25.731,
  -21.597 1.572 -25.251,
  -21.597 0.792 -25.251,
  -21.597 0.792 -25.491,
  -21.597 0.250 -25.491,
  -21.597 0.250 -23.525,
  -21.597 0.267 -23.443,
  -21.597 0.316 -23.376,
  -21.597 0.389 -23.334,
  -21.597 0.472 -23.326,
  -21.597 0.660 -23.354,
  -21.597 0.744 -23.391,
  -21.597 0.802 -23.462,
  -21.597 0.823 -23.551,
  -21.597 0.823 -24.110,
  -21.597 1.323 -24.110,
  -21.597 1.323 -23.995,
  -21.597 1.348 -23.898,
  -21.597 1.417 -23.825,
  -21.597 1.513 -23.795,
  -21.597 1.611 -23.815,
  -21.597 1.687 -23.881,
  -21.597 1.742 -23.976,
  -21.597 1.783 -24.078,
  -21.597 2.012 -24.811,
  -21.597 2.036 -24.918,
  -21.597 2.045 -25.028,
  -21.597 2.045 -25.251,
  -21.597 2.045 -25.361,
  -21.597 2.270 -25.361,
  -21.597 2.385 -25.384,
  -21.597 2.482 -25.449,
  -21.597 2.547 -25.546,
  -21.597 2.570 -25.661,
  -21.597 2.570 -25.731,
  -21.597 2.570 -26.061,
  -21.597 2.547 -26.176,
  -21.597 2.482 -26.273,
  -21.597 2.385 -26.338,
  -21.597 2.270 -26.361,
  -21.597 2.045 -26.361,
  -21.597 2.045 -26.618,
  -21.597 1.717 -26.960,
  -21.597 1.342 -27.248,
  -21.597 0.928 -27.478,
  -21.597 0.484 -27.642,
  -21.597 0.284 -27.670,
  -21.597 -0.284 -27.670,
  -21.597 -0.484 -27.642,
  -21.597 -0.928 -27.478,
  -21.597 -1.342 -27.248,
  -21.597 -1.717 -26.960,
  -21.597 -2.045 -26.618,
  -21.597 -2.045 -26.361,
  -21.597 -2.270 -26.361,
  -21.597 -2.385 -26.338,
  -21.597 -2.482 -26.273,
  -21.597 -2.547 -26.176,
  -21.597 -2.570 -26.061,
  -21.597 -2.570 -25.661,
  -21.597 -2.547 -25.546,
  -21.597 -2.482 -25.449,
  -21.597 -2.385 -25.384,
  -21.597 -2.270 -25.361,
  -21.597 -2.045 -25.361,
  -21.597 -2.045 -25.251,
  -21.597 -1.572 -25.251,
  -21.597 -1.572 -25.731,
  -21.597 -0.792 -25.731,
  -21.597 -0.792 -25.251,
  -21.597 -1.572 -25.251,
  -21.597 -2.045 -25.251,
  -21.597 -2.045 -25.028,
  -21.597 -2.037 -24.918,
  -21.597 -2.012 -24.811,
  -21.597 -1.783 -24.078,
  -21.597 -1.688 -23.882,
  -21.597 -1.612 -23.816,
  -21.597 -1.513 -23.795,
  -21.597 -1.417 -23.825,
  -21.597 -1.348 -23.898,
  -21.597 -1.323 -23.995,
  -21.597 -1.323 -24.110,
  -21.597 -0.823 -24.110,
  -21.597 -0.823 -23.551,
  -21.597 -0.802 -23.462,
  -21.597 -0.744 -23.391,
  -21.597 -0.661 -23.354,
  -21.597 -0.472 -23.326,
  -21.597 -0.389 -23.334,
  -21.597 -0.317 -23.376,
  -21.597 -0.267 -23.443
 ] }
 coordIndex [ 85, 84, 83, -1, 86, 85, 83, -1, 86, 83, 82, -1, 87, 86, 82, -1,
     87, 82, 81, -1, 87, 81, 80, -1, 87, 80, 79, -1, 77, 70, 71, -1, 79, 78, 77, -1,
     79, 77, 71, -1, 87, 79, 71, -1, 87, 71, 74, -1, 88, 87, 74, -1, 90, 89, 88, -1,
     91, 90, 88, -1, 92, 91, 88, -1, 93, 92, 88, -1, 94, 93, 88, -1, 95, 94, 88, -1,
     95, 88, 74, -1, 96, 95, 74, -1, 0, 96, 74, -1, 1, 0, 74, -1, 1, 74, 73, -1,
     4, 3, 2, -1, 4, 2, 1, -1, 4, 1, 73, -1, 53, 52, 51, -1, 54, 53, 51, -1,
     56, 55, 54, -1, 57, 56, 54, -1, 58, 57, 54, -1, 60, 59, 58, -1, 61, 60, 58, -1,
     62, 61, 58, -1, 63, 62, 58, -1, 64, 63, 58, -1, 64, 58, 54, -1, 65, 64, 54, -1,
     66, 65, 54, -1, 67, 66, 54, -1, 68, 67, 54, -1, 69, 68, 54, -1, 70, 69, 54, -1,
     72, 71, 70, -1, 72, 70, 54, -1, 73, 72, 54, -1, 73, 54, 51, -1, 14, 13, 12, -1,
     14, 12, 11, -1, 17, 16, 15, -1, 17, 15, 14, -1, 14, 11, 10, -1, 18, 17, 14, -1,
     18, 14, 10, -1, 19, 18, 10, -1, 19, 10, 2, -1, 2, 3, 7, -1, 19, 2, 7, -1,
     26, 25, 24, -1, 27, 26, 24, -1, 22, 21, 20, -1, 24, 23, 22, -1, 24, 22, 20, -1,
     27, 24, 20, -1, 28, 27, 20, -1, 29, 28, 20, -1, 20, 19, 7, -1, 29, 20, 7, -1,
     4, 73, 51, -1, 29, 7, 6, -1, 29, 6, 5, -1, 30, 29, 5, -1, 31, 30, 5, -1,
     5, 4, 51, -1, 31, 5, 51, -1, 37, 36, 35, -1, 39, 38, 37, -1, 37, 35, 34, -1,
     39, 37, 34, -1, 44, 43, 42, -1, 44, 42, 41, -1, 45, 44, 41, -1, 45, 41, 40, -1,
     45, 40, 39, -1, 39, 34, 33, -1, 45, 39, 33, -1, 32, 31, 51, -1, 33, 32, 51, -1,
     45, 33, 51, -1, 47, 46, 45, -1, 48, 47, 45, -1, 50, 49, 48, -1, 48, 45, 51, -1,
     50, 48, 51, -1
 ]
convex TRUE
creaseAngle 0.3490
}
}
]
}
]
}


DEF Design5t1 Transform {
children [
Transform {
children [
Shape {
appearance Appearance {
material DEF INMAT7 Material {
      diffuseColor 0.800 0.800 0.800
      ambientIntensity 0.299
      specularColor 0.000 0.000 0.000
      shininess 0.000
      transparency 0.000
}
}
geometry IndexedFaceSet {
coord Coordinate { point [
  -27.111 -12.044 -16.420,
  -27.111 -12.044 -14.640,
  -27.591 -12.044 -14.640,
  -27.591 -12.044 -16.420,
  -28.590 -12.044 -16.420,
  -28.798 -12.044 -16.086,
  -28.903 -12.044 -15.885,
  -28.975 -12.044 -15.669,
  -29.013 -12.044 -15.444,
  -29.036 -12.044 -15.177,
  -29.033 -12.044 -14.954,
  -28.985 -12.044 -14.737,
  -28.893 -12.044 -14.534,
  -28.762 -12.044 -14.354,
  -28.597 -12.044 -14.205,
  -28.424 -12.044 -14.077,
  -28.299 -12.044 -13.998,
  -28.163 -12.044 -13.939,
  -27.614 -12.044 -13.746,
  -27.317 -12.044 -13.667,
  -27.011 -12.044 -13.634,
  -26.703 -12.044 -13.648,
  -26.220 -12.044 -13.708,
  -26.042 -12.044 -13.754,
  -25.881 -12.044 -13.843,
  -25.748 -12.044 -13.969,
  -25.650 -12.044 -14.125,
  -25.595 -12.044 -14.300,
  -25.585 -12.044 -14.484,
  -25.646 -12.044 -15.283,
  -25.647 -12.044 -15.586,
  -25.605 -12.044 -15.886,
  -25.536 -12.044 -16.341,
  -25.534 -12.044 -16.420,
  -25.520 -12.044 -16.800,
  -25.555 -12.044 -17.258,
  -25.574 -12.044 -17.560,
  -25.551 -12.044 -17.862,
  -25.545 -12.044 -18.048,
  -25.581 -12.044 -18.230,
  -25.659 -12.044 -18.399,
  -25.773 -12.044 -18.545,
  -25.854 -12.044 -18.643,
  -25.916 -12.044 -18.754,
  -25.953 -12.044 -18.851,
  -26.018 -12.044 -18.978,
  -26.108 -12.044 -19.089,
  -26.540 -12.044 -19.521,
  -26.658 -12.044 -19.673,
  -26.760 -12.044 -19.861,
  -26.842 -12.044 -20.058,
  -26.888 -12.044 -20.275,
  -26.873 -12.044 -20.496,
  -26.797 -12.044 -20.704,
  -26.667 -12.044 -20.884,
  -26.493 -12.044 -21.021,
  -26.288 -12.044 -21.105,
  -26.067 -12.044 -21.130,
  -25.904 -12.044 -21.135,
  -25.743 -12.044 -21.158,
  -25.543 -12.044 -21.218,
  -25.369 -12.044 -21.236,
  -25.194 -12.044 -21.222,
  -25.154 -12.044 -21.211,
  -25.006 -12.044 -21.141,
  -24.867 -12.044 -21.054,
  -24.735 -12.044 -20.996,
  -24.590 -12.044 -20.994,
  -24.456 -12.044 -21.049,
  -24.354 -12.044 -21.152,
  -24.301 -12.044 -21.287,
  -24.259 -12.044 -21.499,
  -24.169 -12.044 -21.695,
  -24.074 -12.044 -21.861,
  -24.025 -12.044 -22.045,
  -24.023 -12.044 -22.235,
  -24.068 -12.044 -22.420,
  -24.120 -12.044 -22.487,
  -24.200 -12.044 -22.516,
  -24.282 -12.044 -22.497,
  -24.341 -12.044 -22.436,
  -24.431 -12.044 -22.295,
  -24.542 -12.044 -22.171,
  -24.623 -12.044 -22.058,
  -24.692 -12.044 -21.952,
  -24.780 -12.044 -21.897,
  -24.883 -12.044 -21.892,
  -24.975 -12.044 -21.940,
  -25.022 -12.044 -21.984,
  -25.069 -12.044 -22.014,
  -25.123 -12.044 -22.024,
  -25.796 -12.044 -22.024,
  -25.796 -12.044 -22.924,
  -25.810 -12.044 -22.974,
  -25.846 -12.044 -23.011,
  -25.896 -12.044 -23.024,
  -26.796 -12.044 -23.025,
  -26.846 -12.044 -23.011,
  -26.883 -12.044 -22.975,
  -26.896 -12.044 -22.925,
  -26.896 -12.044 -22.024,
  -27.399 -12.044 -22.024,
  -27.399 -12.044 -22.533,
  -27.412 -12.044 -22.928,
  -27.427 -12.044 -22.976,
  -27.463 -12.044 -23.012,
  -27.512 -12.044 -23.024,
  -27.896 -12.044 -23.024,
  -27.946 -12.044 -23.011,
  -27.983 -12.044 -22.974,
  -27.996 -12.044 -22.924,
  -27.996 -12.044 -22.516,
  -28.120 -12.044 -22.494,
  -28.229 -12.044 -22.432,
  -28.310 -12.044 -22.336,
  -28.354 -12.044 -22.218,
  -28.354 -12.044 -22.093,
  -28.344 -12.044 -22.008,
  -28.307 -12.044 -21.550,
  -28.300 -12.044 -21.176,
  -28.340 -12.044 -20.805,
  -28.425 -12.044 -20.441,
  -28.463 -12.044 -20.230,
  -28.451 -12.044 -20.017,
  -28.390 -12.044 -19.811,
  -28.284 -12.044 -19.625,
  -28.122 -12.044 -19.324,
  -28.005 -12.044 -19.002,
  -27.886 -12.044 -18.417,
  -27.787 -12.044 -18.183,
  -27.646 -12.044 -17.971,
  -27.577 -12.044 -17.855,
  -27.549 -12.044 -17.723,
  -27.563 -12.044 -17.588,
  -27.618 -12.044 -17.465,
  -27.709 -12.044 -17.365,
  -28.160 -12.044 -17.004,
  -28.282 -12.044 -16.888,
  -28.383 -12.044 -16.752,
  -28.590 -12.044 -16.420,
  -27.591 -12.044 -16.420,
  -27.111 -12.544 -16.420,
  -27.111 -12.544 -14.640,
  -27.591 -12.544 -14.640,
  -27.591 -12.544 -16.420,
  -28.590 -12.544 -16.420,
  -28.798 -12.544 -16.086,
  -28.903 -12.544 -15.885,
  -28.975 -12.544 -15.669,
  -29.013 -12.544 -15.444,
  -29.036 -12.544 -15.177,
  -29.033 -12.544 -14.954,
  -28.985 -12.544 -14.737,
  -28.893 -12.544 -14.534,
  -28.762 -12.544 -14.354,
  -28.597 -12.544 -14.205,
  -28.424 -12.544 -14.077,
  -28.299 -12.544 -13.998,
  -28.163 -12.544 -13.939,
  -27.614 -12.544 -13.746,
  -27.317 -12.544 -13.667,
  -27.011 -12.544 -13.634,
  -26.703 -12.544 -13.648,
  -26.220 -12.544 -13.708,
  -26.042 -12.544 -13.754,
  -25.881 -12.544 -13.843,
  -25.748 -12.544 -13.969,
  -25.650 -12.544 -14.125,
  -25.595 -12.544 -14.300,
  -25.585 -12.544 -14.484,
  -25.646 -12.544 -15.283,
  -25.647 -12.544 -15.586,
  -25.605 -12.544 -15.886,
  -25.536 -12.544 -16.341,
  -25.534 -12.544 -16.420,
  -25.520 -12.544 -16.800,
  -25.555 -12.544 -17.258,
  -25.574 -12.544 -17.560,
  -25.551 -12.544 -17.862,
  -25.545 -12.544 -18.048,
  -25.581 -12.544 -18.230,
  -25.659 -12.544 -18.399,
  -25.773 -12.544 -18.545,
  -25.854 -12.544 -18.643,
  -25.916 -12.544 -18.754,
  -25.953 -12.544 -18.851,
  -26.018 -12.544 -18.978,
  -26.108 -12.544 -19.089,
  -26.540 -12.544 -19.521,
  -26.658 -12.544 -19.673,
  -26.760 -12.544 -19.861,
  -26.842 -12.544 -20.058,
  -26.888 -12.544 -20.275,
  -26.873 -12.544 -20.496,
  -26.797 -12.544 -20.704,
  -26.667 -12.544 -20.884,
  -26.493 -12.544 -21.021,
  -26.288 -12.544 -21.105,
  -26.067 -12.544 -21.130,
  -25.904 -12.544 -21.135,
  -25.743 -12.544 -21.158,
  -25.543 -12.544 -21.218,
  -25.369 -12.544 -21.236,
  -25.194 -12.544 -21.222,
  -25.154 -12.544 -21.211,
  -25.006 -12.544 -21.141,
  -24.867 -12.544 -21.054,
  -24.735 -12.544 -20.996,
  -24.590 -12.544 -20.994,
  -24.456 -12.544 -21.049,
  -24.354 -12.544 -21.152,
  -24.301 -12.544 -21.287,
  -24.259 -12.544 -21.499,
  -24.169 -12.544 -21.695,
  -24.074 -12.544 -21.861,
  -24.025 -12.544 -22.045,
  -24.023 -12.544 -22.235,
  -24.068 -12.544 -22.420,
  -24.120 -12.544 -22.487,
  -24.200 -12.544 -22.516,
  -24.282 -12.544 -22.497,
  -24.341 -12.544 -22.436,
  -24.431 -12.544 -22.295,
  -24.542 -12.544 -22.171,
  -24.623 -12.544 -22.058,
  -24.692 -12.544 -21.952,
  -24.780 -12.544 -21.897,
  -24.883 -12.544 -21.892,
  -24.975 -12.544 -21.940,
  -25.022 -12.544 -21.984,
  -25.069 -12.544 -22.014,
  -25.123 -12.544 -22.024,
  -25.796 -12.544 -22.024,
  -25.796 -12.544 -22.924,
  -25.810 -12.544 -22.974,
  -25.846 -12.544 -23.011,
  -25.896 -12.544 -23.024,
  -26.796 -12.544 -23.025,
  -26.846 -12.544 -23.011,
  -26.883 -12.544 -22.975,
  -26.896 -12.544 -22.925,
  -26.896 -12.544 -22.024,
  -27.399 -12.544 -22.024,
  -27.399 -12.544 -22.533,
  -27.412 -12.544 -22.928,
  -27.427 -12.544 -22.976,
  -27.463 -12.544 -23.012,
  -27.512 -12.544 -23.024,
  -27.896 -12.544 -23.024,
  -27.946 -12.544 -23.011,
  -27.983 -12.544 -22.974,
  -27.996 -12.544 -22.924,
  -27.996 -12.544 -22.516,
  -28.120 -12.544 -22.494,
  -28.229 -12.544 -22.432,
  -28.310 -12.544 -22.336,
  -28.354 -12.544 -22.218,
  -28.354 -12.544 -22.093,
  -28.344 -12.544 -22.008,
  -28.307 -12.544 -21.550,
  -28.300 -12.544 -21.176,
  -28.340 -12.544 -20.805,
  -28.425 -12.544 -20.441,
  -28.463 -12.544 -20.230,
  -28.451 -12.544 -20.017,
  -28.390 -12.544 -19.811,
  -28.284 -12.544 -19.625,
  -28.122 -12.544 -19.324,
  -28.005 -12.544 -19.002,
  -27.886 -12.544 -18.417,
  -27.787 -12.544 -18.183,
  -27.646 -12.544 -17.971,
  -27.577 -12.544 -17.855,
  -27.549 -12.544 -17.723,
  -27.563 -12.544 -17.588,
  -27.618 -12.544 -17.465,
  -27.709 -12.544 -17.365,
  -28.160 -12.544 -17.004,
  -28.282 -12.544 -16.888,
  -28.383 -12.544 -16.752,
  -28.590 -12.544 -16.420,
  -27.591 -12.544 -16.420
 ] }
coordIndex [ 3, 4, 5, -1, 2, 3, 5, -1, 2, 5, 6, -1, 6, 7, 8, -1,
     2, 6, 8, -1, 2, 8, 9, -1, 12, 13, 14, -1, 11, 12, 14, -1, 9, 10, 11, -1,
     9, 11, 14, -1, 2, 9, 14, -1, 2, 14, 15, -1, 15, 16, 17, -1, 2, 15, 17, -1,
     2, 17, 18, -1, 1, 2, 18, -1, 1, 18, 19, -1, 1, 19, 20, -1, 1, 20, 21, -1,
     1, 21, 22, -1, 22, 23, 24, -1, 1, 22, 24, -1, 1, 24, 25, -1, 1, 25, 26, -1,
     1, 26, 27, -1, 1, 27, 28, -1, 1, 28, 29, -1, 1, 29, 30, -1, 0, 1, 30, -1,
     0, 30, 31, -1, 0, 31, 32, -1, 0, 32, 33, -1, 138, 4, 3, -1, 137, 138, 3, -1,
     136, 137, 3, -1, 135, 136, 3, -1, 135, 3, 0, -1, 134, 135, 0, -1, 133, 134, 0, -1,
     0, 33, 34, -1, 0, 34, 35, -1, 133, 0, 35, -1, 133, 35, 36, -1, 132, 133, 36, -1,
     132, 36, 37, -1, 131, 132, 37, -1, 131, 37, 38, -1, 131, 38, 39, -1, 131, 39, 40, -1,
     131, 40, 41, -1, 131, 41, 42, -1, 131, 42, 43, -1, 130, 131, 43, -1, 130, 43, 44, -1,
     44, 45, 46, -1, 130, 44, 46, -1, 130, 46, 47, -1, 128, 129, 130, -1, 128, 130, 47, -1,
     127, 128, 47, -1, 127, 47, 48, -1, 127, 48, 49, -1, 126, 127, 49, -1, 126, 49, 50, -1,
     126, 50, 51, -1, 125, 126, 51, -1, 124, 125, 51, -1, 123, 124, 51, -1, 121, 122, 123, -1,
     121, 123, 51, -1, 120, 121, 51, -1, 120, 51, 52, -1, 120, 52, 53, -1, 119, 120, 53, -1,
     118, 119, 53, -1, 107, 108, 109, -1, 107, 109, 110, -1, 106, 107, 110, -1, 106, 110, 111, -1,
     104, 105, 106, -1, 103, 104, 106, -1, 103, 106, 111, -1, 102, 103, 111, -1, 101, 102, 111, -1,
     113, 114, 115, -1, 113, 115, 116, -1, 113, 116, 117, -1, 112, 113, 117, -1, 111, 112, 117, -1,
     111, 117, 118, -1, 101, 111, 118, -1, 101, 118, 53, -1, 101, 53, 54, -1, 101, 54, 55, -1,
     100, 101, 55, -1, 100, 55, 56, -1, 78, 79, 80, -1, 76, 77, 78, -1, 76, 78, 80, -1,
     75, 76, 80, -1, 75, 80, 81, -1, 74, 75, 81, -1, 74, 81, 82, -1, 73, 74, 82, -1,
     73, 82, 83, -1, 72, 73, 83, -1, 72, 83, 84, -1, 72, 84, 85, -1, 72, 85, 86, -1,
     71, 72, 86, -1, 66, 67, 68, -1, 66, 68, 69, -1, 64, 65, 66, -1, 66, 69, 70, -1,
     64, 66, 70, -1, 64, 70, 71, -1, 64, 71, 86, -1, 63, 64, 86, -1, 62, 63, 86, -1,
     62, 86, 87, -1, 61, 62, 87, -1, 87, 88, 89, -1, 87, 89, 90, -1, 61, 87, 90, -1,
     61, 90, 91, -1, 60, 61, 91, -1, 59, 60, 91, -1, 58, 59, 91, -1, 57, 58, 91, -1,
     56, 57, 91, -1, 100, 56, 91, -1, 91, 92, 93, -1, 93, 94, 95, -1, 91, 93, 95, -1,
     100, 91, 95, -1, 99, 100, 95, -1, 96, 97, 98, -1, 96, 98, 99, -1, 96, 99, 95, -1
  1, 0, 141, 142, -1,
  2, 1, 142, 143, -1,
  3, 2, 143, 144, -1,
  4, 3, 144, 145, -1,
  5, 4, 145, 146, -1,
  6, 5, 146, 147, -1,
  7, 6, 147, 148, -1,
  8, 7, 148, 149, -1,
  9, 8, 149, 150, -1,
  10, 9, 150, 151, -1,
  11, 10, 151, 152, -1,
  12, 11, 152, 153, -1,
  13, 12, 153, 154, -1,
  14, 13, 154, 155, -1,
  15, 14, 155, 156, -1,
  16, 15, 156, 157, -1,
  17, 16, 157, 158, -1,
  18, 17, 158, 159, -1,
  19, 18, 159, 160, -1,
  20, 19, 160, 161, -1,
  21, 20, 161, 162, -1,
  22, 21, 162, 163, -1,
  23, 22, 163, 164, -1,
  24, 23, 164, 165, -1,
  25, 24, 165, 166, -1,
  26, 25, 166, 167, -1,
  27, 26, 167, 168, -1,
  28, 27, 168, 169, -1,
  29, 28, 169, 170, -1,
  30, 29, 170, 171, -1,
  31, 30, 171, 172, -1,
  32, 31, 172, 173, -1,
  33, 32, 173, 174, -1,
  34, 33, 174, 175, -1,
  35, 34, 175, 176, -1,
  36, 35, 176, 177, -1,
  37, 36, 177, 178, -1,
  38, 37, 178, 179, -1,
  39, 38, 179, 180, -1,
  40, 39, 180, 181, -1,
  41, 40, 181, 182, -1,
  42, 41, 182, 183, -1,
  43, 42, 183, 184, -1,
  44, 43, 184, 185, -1,
  45, 44, 185, 186, -1,
  46, 45, 186, 187, -1,
  47, 46, 187, 188, -1,
  48, 47, 188, 189, -1,
  49, 48, 189, 190, -1,
  50, 49, 190, 191, -1,
  51, 50, 191, 192, -1,
  52, 51, 192, 193, -1,
  53, 52, 193, 194, -1,
  54, 53, 194, 195, -1,
  55, 54, 195, 196, -1,
  56, 55, 196, 197, -1,
  57, 56, 197, 198, -1,
  58, 57, 198, 199, -1,
  59, 58, 199, 200, -1,
  60, 59, 200, 201, -1,
  61, 60, 201, 202, -1,
  62, 61, 202, 203, -1,
  63, 62, 203, 204, -1,
  64, 63, 204, 205, -1,
  65, 64, 205, 206, -1,
  66, 65, 206, 207, -1,
  67, 66, 207, 208, -1,
  68, 67, 208, 209, -1,
  69, 68, 209, 210, -1,
  70, 69, 210, 211, -1,
  71, 70, 211, 212, -1,
  72, 71, 212, 213, -1,
  73, 72, 213, 214, -1,
  74, 73, 214, 215, -1,
  75, 74, 215, 216, -1,
  76, 75, 216, 217, -1,
  77, 76, 217, 218, -1,
  78, 77, 218, 219, -1,
  79, 78, 219, 220, -1,
  80, 79, 220, 221, -1,
  81, 80, 221, 222, -1,
  82, 81, 222, 223, -1,
  83, 82, 223, 224, -1,
  84, 83, 224, 225, -1,
  85, 84, 225, 226, -1,
  86, 85, 226, 227, -1,
  87, 86, 227, 228, -1,
  88, 87, 228, 229, -1,
  89, 88, 229, 230, -1,
  90, 89, 230, 231, -1,
  91, 90, 231, 232, -1,
  92, 91, 232, 233, -1,
  93, 92, 233, 234, -1,
  94, 93, 234, 235, -1,
  95, 94, 235, 236, -1,
  96, 95, 236, 237, -1,
  97, 96, 237, 238, -1,
  98, 97, 238, 239, -1,
  99, 98, 239, 240, -1,
  100, 99, 240, 241, -1,
  101, 100, 241, 242, -1,
  102, 101, 242, 243, -1,
  103, 102, 243, 244, -1,
  104, 103, 244, 245, -1,
  105, 104, 245, 246, -1,
  106, 105, 246, 247, -1,
  107, 106, 247, 248, -1,
  108, 107, 248, 249, -1,
  109, 108, 249, 250, -1,
  110, 109, 250, 251, -1,
  111, 110, 251, 252, -1,
  112, 111, 252, 253, -1,
  113, 112, 253, 254, -1,
  114, 113, 254, 255, -1,
  115, 114, 255, 256, -1,
  116, 115, 256, 257, -1,
  117, 116, 257, 258, -1,
  118, 117, 258, 259, -1,
  119, 118, 259, 260, -1,
  120, 119, 260, 261, -1,
  121, 120, 261, 262, -1,
  122, 121, 262, 263, -1,
  123, 122, 263, 264, -1,
  124, 123, 264, 265, -1,
  125, 124, 265, 266, -1,
  126, 125, 266, 267, -1,
  127, 126, 267, 268, -1,
  128, 127, 268, 269, -1,
  129, 128, 269, 270, -1,
  130, 129, 270, 271, -1,
  131, 130, 271, 272, -1,
  132, 131, 272, 273, -1,
  133, 132, 273, 274, -1,
  134, 133, 274, 275, -1,
  135, 134, 275, 276, -1,
  136, 135, 276, 277, -1,
  137, 136, 277, 278, -1,
  138, 137, 278, 279, -1,
  139, 138, 279, 280, -1,
  140, 139, 280, 281, -1,
  0, 140, 281, 141, -1
 ]
convex TRUE
creaseAngle 0.3490
}
}
Shape {
appearance Appearance {
material DEF OUTMAT7 Material {
      diffuseColor 0.600 0.851 0.910
      ambientIntensity 0.295
      specularColor 0.000 0.000 0.000
      shininess 0.000
      transparency 0.000
}
}
geometry IndexedFaceSet {
coord Coordinate { point [
  -27.111 -12.544 -16.420,
  -27.111 -12.544 -14.640,
  -27.591 -12.544 -14.640,
  -27.591 -12.544 -16.420,
  -28.590 -12.544 -16.420,
  -28.798 -12.544 -16.086,
  -28.903 -12.544 -15.885,
  -28.975 -12.544 -15.669,
  -29.013 -12.544 -15.444,
  -29.036 -12.544 -15.177,
  -29.033 -12.544 -14.954,
  -28.985 -12.544 -14.737,
  -28.893 -12.544 -14.534,
  -28.762 -12.544 -14.354,
  -28.597 -12.544 -14.205,
  -28.424 -12.544 -14.077,
  -28.299 -12.544 -13.998,
  -28.163 -12.544 -13.939,
  -27.614 -12.544 -13.746,
  -27.317 -12.544 -13.667,
  -27.011 -12.544 -13.634,
  -26.703 -12.544 -13.648,
  -26.220 -12.544 -13.708,
  -26.042 -12.544 -13.754,
  -25.881 -12.544 -13.843,
  -25.748 -12.544 -13.969,
  -25.650 -12.544 -14.125,
  -25.595 -12.544 -14.300,
  -25.585 -12.544 -14.484,
  -25.646 -12.544 -15.283,
  -25.647 -12.544 -15.586,
  -25.605 -12.544 -15.886,
  -25.536 -12.544 -16.341,
  -25.534 -12.544 -16.420,
  -25.520 -12.544 -16.800,
  -25.555 -12.544 -17.258,
  -25.574 -12.544 -17.560,
  -25.551 -12.544 -17.862,
  -25.545 -12.544 -18.048,
  -25.581 -12.544 -18.230,
  -25.659 -12.544 -18.399,
  -25.773 -12.544 -18.545,
  -25.854 -12.544 -18.643,
  -25.916 -12.544 -18.754,
  -25.953 -12.544 -18.851,
  -26.018 -12.544 -18.978,
  -26.108 -12.544 -19.089,
  -26.540 -12.544 -19.521,
  -26.658 -12.544 -19.673,
  -26.760 -12.544 -19.861,
  -26.842 -12.544 -20.058,
  -26.888 -12.544 -20.275,
  -26.873 -12.544 -20.496,
  -26.797 -12.544 -20.704,
  -26.667 -12.544 -20.884,
  -26.493 -12.544 -21.021,
  -26.288 -12.544 -21.105,
  -26.067 -12.544 -21.130,
  -25.904 -12.544 -21.135,
  -25.743 -12.544 -21.158,
  -25.543 -12.544 -21.218,
  -25.369 -12.544 -21.236,
  -25.194 -12.544 -21.222,
  -25.154 -12.544 -21.211,
  -25.006 -12.544 -21.141,
  -24.867 -12.544 -21.054,
  -24.735 -12.544 -20.996,
  -24.590 -12.544 -20.994,
  -24.456 -12.544 -21.049,
  -24.354 -12.544 -21.152,
  -24.301 -12.544 -21.287,
  -24.259 -12.544 -21.499,
  -24.169 -12.544 -21.695,
  -24.074 -12.544 -21.861,
  -24.025 -12.544 -22.045,
  -24.023 -12.544 -22.235,
  -24.068 -12.544 -22.420,
  -24.120 -12.544 -22.487,
  -24.200 -12.544 -22.516,
  -24.282 -12.544 -22.497,
  -24.341 -12.544 -22.436,
  -24.431 -12.544 -22.295,
  -24.542 -12.544 -22.171,
  -24.623 -12.544 -22.058,
  -24.692 -12.544 -21.952,
  -24.780 -12.544 -21.897,
  -24.883 -12.544 -21.892,
  -24.975 -12.544 -21.940,
  -25.022 -12.544 -21.984,
  -25.069 -12.544 -22.014,
  -25.123 -12.544 -22.024,
  -25.796 -12.544 -22.024,
  -25.796 -12.544 -22.924,
  -25.810 -12.544 -22.974,
  -25.846 -12.544 -23.011,
  -25.896 -12.544 -23.024,
  -26.796 -12.544 -23.025,
  -26.846 -12.544 -23.011,
  -26.883 -12.544 -22.975,
  -26.896 -12.544 -22.925,
  -26.896 -12.544 -22.024,
  -27.399 -12.544 -22.024,
  -27.399 -12.544 -22.533,
  -27.412 -12.544 -22.928,
  -27.427 -12.544 -22.976,
  -27.463 -12.544 -23.012,
  -27.512 -12.544 -23.024,
  -27.896 -12.544 -23.024,
  -27.946 -12.544 -23.011,
  -27.983 -12.544 -22.974,
  -27.996 -12.544 -22.924,
  -27.996 -12.544 -22.516,
  -28.120 -12.544 -22.494,
  -28.229 -12.544 -22.432,
  -28.310 -12.544 -22.336,
  -28.354 -12.544 -22.218,
  -28.354 -12.544 -22.093,
  -28.344 -12.544 -22.008,
  -28.307 -12.544 -21.550,
  -28.300 -12.544 -21.176,
  -28.340 -12.544 -20.805,
  -28.425 -12.544 -20.441,
  -28.463 -12.544 -20.230,
  -28.451 -12.544 -20.017,
  -28.390 -12.544 -19.811,
  -28.284 -12.544 -19.625,
  -28.122 -12.544 -19.324,
  -28.005 -12.544 -19.002,
  -27.886 -12.544 -18.417,
  -27.787 -12.544 -18.183,
  -27.646 -12.544 -17.971,
  -27.577 -12.544 -17.855,
  -27.549 -12.544 -17.723,
  -27.563 -12.544 -17.588,
  -27.618 -12.544 -17.465,
  -27.709 -12.544 -17.365,
  -28.160 -12.544 -17.004,
  -28.282 -12.544 -16.888,
  -28.383 -12.544 -16.752,
  -28.590 -12.544 -16.420,
  -27.591 -12.544 -16.420
 ] }
 coordIndex [ 5, 4, 3, -1, 5, 3, 2, -1, 6, 5, 2, -1, 8, 7, 6, -1,
     8, 6, 2, -1, 9, 8, 2, -1, 14, 13, 12, -1, 14, 12, 11, -1, 11, 10, 9, -1,
     14, 11, 9, -1, 14, 9, 2, -1, 15, 14, 2, -1, 17, 16, 15, -1, 17, 15, 2, -1,
     18, 17, 2, -1, 18, 2, 1, -1, 19, 18, 1, -1, 20, 19, 1, -1, 21, 20, 1, -1,
     22, 21, 1, -1, 24, 23, 22, -1, 24, 22, 1, -1, 25, 24, 1, -1, 26, 25, 1, -1,
     27, 26, 1, -1, 28, 27, 1, -1, 29, 28, 1, -1, 30, 29, 1, -1, 30, 1, 0, -1,
     31, 30, 0, -1, 32, 31, 0, -1, 33, 32, 0, -1, 3, 4, 138, -1, 3, 138, 137, -1,
     3, 137, 136, -1, 3, 136, 135, -1, 0, 3, 135, -1, 0, 135, 134, -1, 0, 134, 133, -1,
     34, 33, 0, -1, 35, 34, 0, -1, 35, 0, 133, -1, 36, 35, 133, -1, 36, 133, 132, -1,
     37, 36, 132, -1, 37, 132, 131, -1, 38, 37, 131, -1, 39, 38, 131, -1, 40, 39, 131, -1,
     41, 40, 131, -1, 42, 41, 131, -1, 43, 42, 131, -1, 43, 131, 130, -1, 44, 43, 130, -1,
     46, 45, 44, -1, 46, 44, 130, -1, 47, 46, 130, -1, 130, 129, 128, -1, 47, 130, 128, -1,
     47, 128, 127, -1, 48, 47, 127, -1, 49, 48, 127, -1, 49, 127, 126, -1, 50, 49, 126, -1,
     51, 50, 126, -1, 51, 126, 125, -1, 51, 125, 124, -1, 51, 124, 123, -1, 123, 122, 121, -1,
     51, 123, 121, -1, 51, 121, 120, -1, 52, 51, 120, -1, 53, 52, 120, -1, 53, 120, 119, -1,
     53, 119, 118, -1, 109, 108, 107, -1, 110, 109, 107, -1, 110, 107, 106, -1, 111, 110, 106, -1,
     106, 105, 104, -1, 106, 104, 103, -1, 111, 106, 103, -1, 111, 103, 102, -1, 111, 102, 101, -1,
     115, 114, 113, -1, 116, 115, 113, -1, 117, 116, 113, -1, 117, 113, 112, -1, 117, 112, 111, -1,
     118, 117, 111, -1, 118, 111, 101, -1, 53, 118, 101, -1, 54, 53, 101, -1, 55, 54, 101, -1,
     55, 101, 100, -1, 56, 55, 100, -1, 80, 79, 78, -1, 78, 77, 76, -1, 80, 78, 76, -1,
     80, 76, 75, -1, 81, 80, 75, -1, 81, 75, 74, -1, 82, 81, 74, -1, 82, 74, 73, -1,
     83, 82, 73, -1, 83, 73, 72, -1, 84, 83, 72, -1, 85, 84, 72, -1, 86, 85, 72, -1,
     86, 72, 71, -1, 68, 67, 66, -1, 69, 68, 66, -1, 66, 65, 64, -1, 70, 69, 66, -1,
     70, 66, 64, -1, 71, 70, 64, -1, 86, 71, 64, -1, 86, 64, 63, -1, 86, 63, 62, -1,
     87, 86, 62, -1, 87, 62, 61, -1, 89, 88, 87, -1, 90, 89, 87, -1, 90, 87, 61, -1,
     91, 90, 61, -1, 91, 61, 60, -1, 91, 60, 59, -1, 91, 59, 58, -1, 91, 58, 57, -1,
     91, 57, 56, -1, 91, 56, 100, -1, 93, 92, 91, -1, 95, 94, 93, -1, 95, 93, 91, -1,
     95, 91, 100, -1, 95, 100, 99, -1, 98, 97, 96, -1, 99, 98, 96, -1, 95, 99, 96, -1
 ]
convex TRUE
creaseAngle 0.3490
}
}
]
}
]
}


DEF Design3t1 Transform {
children [
Transform {
children [
Shape {
appearance Appearance {
material DEF INMAT8 Material {
      diffuseColor 0.800 0.800 0.800
      ambientIntensity 0.299
      specularColor 0.000 0.000 0.000
      shininess 0.000
      transparency 0.000
}
}
geometry IndexedFaceSet {
coord Coordinate { point [
  -29.658 2.050 -32.490,
  -28.578 2.050 -32.490,
  -28.578 2.570 -32.490,
  -29.658 2.570 -32.490,
  -30.144 2.570 -32.490,
  -30.119 2.615 -32.490,
  -29.905 2.845 -32.490,
  -29.656 3.037 -32.490,
  -29.380 3.188 -32.490,
  -29.083 3.293 -32.490,
  -28.774 3.348 -32.490,
  -28.460 3.354 -32.490,
  -28.197 3.369 -32.490,
  -27.621 3.547 -32.490,
  -27.541 3.567 -32.490,
  -27.459 3.561 -32.490,
  -27.382 3.530 -32.490,
  -27.233 3.461 -32.490,
  -27.034 3.375 -32.490,
  -26.854 3.253 -32.490,
  -26.807 3.185 -32.490,
  -26.803 3.103 -32.490,
  -26.843 3.031 -32.490,
  -26.915 2.991 -32.490,
  -27.071 2.934 -32.490,
  -27.210 2.843 -32.490,
  -27.282 2.800 -32.490,
  -27.364 2.782 -32.490,
  -27.447 2.791 -32.490,
  -27.589 2.831 -32.490,
  -27.668 2.836 -32.490,
  -27.743 2.811 -32.490,
  -27.802 2.758 -32.490,
  -27.860 2.698 -32.490,
  -27.914 2.629 -32.490,
  -27.933 2.544 -32.490,
  -27.933 2.050 -32.490,
  -27.933 2.019 -32.490,
  -27.915 1.932 -32.490,
  -27.864 1.859 -32.490,
  -27.788 1.813 -32.490,
  -27.647 1.764 -32.490,
  -27.557 1.755 -32.490,
  -27.496 1.760 -32.490,
  -27.407 1.751 -32.490,
  -27.327 1.713 -32.490,
  -27.264 1.651 -32.490,
  -27.123 1.496 -32.490,
  -26.949 1.380 -32.490,
  -26.887 1.322 -32.490,
  -26.867 1.240 -32.490,
  -26.894 1.160 -32.490,
  -26.961 1.107 -32.490,
  -27.168 1.046 -32.490,
  -27.370 0.973 -32.490,
  -27.470 0.943 -32.490,
  -27.573 0.954 -32.490,
  -27.664 1.004 -32.490,
  -27.852 1.150 -32.490,
  -28.040 1.265 -32.490,
  -28.248 1.341 -32.490,
  -28.466 1.373 -32.490,
  -28.967 1.343 -32.490,
  -29.245 1.382 -32.490,
  -29.511 1.474 -32.490,
  -29.753 1.616 -32.490,
  -29.963 1.803 -32.490,
  -30.132 2.028 -32.490,
  -30.158 2.121 -32.490,
  -30.158 2.504 -32.490,
  -30.148 2.562 -32.490,
  -30.144 2.570 -32.490,
  -29.658 2.570 -32.490,
  -29.658 2.050 -31.990,
  -28.578 2.050 -31.990,
  -28.578 2.570 -31.990,
  -29.658 2.570 -31.990,
  -30.144 2.570 -31.990,
  -30.119 2.615 -31.990,
  -29.905 2.845 -31.990,
  -29.656 3.037 -31.990,
  -29.380 3.188 -31.990,
  -29.083 3.293 -31.990,
  -28.774 3.348 -31.990,
  -28.460 3.354 -31.990,
  -28.197 3.369 -31.990,
  -27.621 3.547 -31.990,
  -27.541 3.567 -31.990,
  -27.459 3.561 -31.990,
  -27.382 3.530 -31.990,
  -27.233 3.461 -31.990,
  -27.034 3.375 -31.990,
  -26.854 3.253 -31.990,
  -26.807 3.185 -31.990,
  -26.803 3.103 -31.990,
  -26.843 3.031 -31.990,
  -26.915 2.991 -31.990,
  -27.071 2.934 -31.990,
  -27.210 2.843 -31.990,
  -27.282 2.800 -31.990,
  -27.364 2.782 -31.990,
  -27.447 2.791 -31.990,
  -27.589 2.831 -31.990,
  -27.668 2.836 -31.990,
  -27.743 2.811 -31.990,
  -27.802 2.758 -31.990,
  -27.860 2.698 -31.990,
  -27.914 2.629 -31.990,
  -27.933 2.544 -31.990,
  -27.933 2.050 -31.990,
  -27.933 2.019 -31.990,
  -27.915 1.932 -31.990,
  -27.864 1.859 -31.990,
  -27.788 1.813 -31.990,
  -27.647 1.764 -31.990,
  -27.557 1.755 -31.990,
  -27.496 1.760 -31.990,
  -27.407 1.751 -31.990,
  -27.327 1.713 -31.990,
  -27.264 1.651 -31.990,
  -27.123 1.496 -31.990,
  -26.949 1.380 -31.990,
  -26.887 1.322 -31.990,
  -26.867 1.240 -31.990,
  -26.894 1.160 -31.990,
  -26.961 1.107 -31.990,
  -27.168 1.046 -31.990,
  -27.370 0.973 -31.990,
  -27.470 0.943 -31.990,
  -27.573 0.954 -31.990,
  -27.664 1.004 -31.990,
  -27.852 1.150 -31.990,
  -28.040 1.265 -31.990,
  -28.248 1.341 -31.990,
  -28.466 1.373 -31.990,
  -28.967 1.343 -31.990,
  -29.245 1.382 -31.990,
  -29.511 1.474 -31.990,
  -29.753 1.616 -31.990,
  -29.963 1.803 -31.990,
  -30.132 2.028 -31.990,
  -30.158 2.121 -31.990,
  -30.158 2.504 -31.990,
  -30.148 2.562 -31.990,
  -30.144 2.570 -31.990,
  -29.658 2.570 -31.990
 ] }
coordIndex [ 4, 5, 6, -1, 3, 4, 6, -1, 3, 6, 7, -1, 2, 3, 7, -1,
     2, 7, 8, -1, 2, 8, 9, -1, 2, 9, 10, -1, 2, 10, 11, -1, 2, 11, 12, -1,
     21, 22, 23, -1, 19, 20, 21, -1, 21, 23, 24, -1, 19, 21, 24, -1, 17, 18, 19, -1,
     17, 19, 24, -1, 17, 24, 25, -1, 25, 26, 27, -1, 25, 27, 28, -1, 25, 28, 29, -1,
     17, 25, 29, -1, 16, 17, 29, -1, 16, 29, 30, -1, 14, 15, 16, -1, 13, 14, 16, -1,
     13, 16, 30, -1, 12, 13, 30, -1, 12, 30, 31, -1, 12, 31, 32, -1, 12, 32, 33, -1,
     12, 33, 34, -1, 2, 12, 34, -1, 2, 34, 35, -1, 1, 2, 35, -1, 1, 35, 36, -1,
     69, 70, 4, -1, 69, 4, 3, -1, 69, 3, 0, -1, 68, 69, 0, -1, 66, 67, 68, -1,
     66, 68, 0, -1, 65, 66, 0, -1, 64, 65, 0, -1, 64, 0, 1, -1, 62, 63, 64, -1,
     62, 64, 1, -1, 61, 62, 1, -1, 1, 36, 37, -1, 1, 37, 38, -1, 1, 38, 39, -1,
     61, 1, 39, -1, 60, 61, 39, -1, 59, 60, 39, -1, 59, 39, 40, -1, 59, 40, 41, -1,
     58, 59, 41, -1, 58, 41, 42, -1, 42, 43, 44, -1, 58, 42, 44, -1, 44, 45, 46, -1,
     58, 44, 46, -1, 57, 58, 46, -1, 57, 46, 47, -1, 55, 56, 57, -1, 55, 57, 47, -1,
     48, 49, 50, -1, 48, 50, 51, -1, 51, 52, 53, -1, 48, 51, 53, -1, 47, 48, 53, -1,
     55, 47, 53, -1, 55, 53, 54, -1
  1, 0, 73, 74, -1,
  2, 1, 74, 75, -1,
  3, 2, 75, 76, -1,
  4, 3, 76, 77, -1,
  5, 4, 77, 78, -1,
  6, 5, 78, 79, -1,
  7, 6, 79, 80, -1,
  8, 7, 80, 81, -1,
  9, 8, 81, 82, -1,
  10, 9, 82, 83, -1,
  11, 10, 83, 84, -1,
  12, 11, 84, 85, -1,
  13, 12, 85, 86, -1,
  14, 13, 86, 87, -1,
  15, 14, 87, 88, -1,
  16, 15, 88, 89, -1,
  17, 16, 89, 90, -1,
  18, 17, 90, 91, -1,
  19, 18, 91, 92, -1,
  20, 19, 92, 93, -1,
  21, 20, 93, 94, -1,
  22, 21, 94, 95, -1,
  23, 22, 95, 96, -1,
  24, 23, 96, 97, -1,
  25, 24, 97, 98, -1,
  26, 25, 98, 99, -1,
  27, 26, 99, 100, -1,
  28, 27, 100, 101, -1,
  29, 28, 101, 102, -1,
  30, 29, 102, 103, -1,
  31, 30, 103, 104, -1,
  32, 31, 104, 105, -1,
  33, 32, 105, 106, -1,
  34, 33, 106, 107, -1,
  35, 34, 107, 108, -1,
  36, 35, 108, 109, -1,
  37, 36, 109, 110, -1,
  38, 37, 110, 111, -1,
  39, 38, 111, 112, -1,
  40, 39, 112, 113, -1,
  41, 40, 113, 114, -1,
  42, 41, 114, 115, -1,
  43, 42, 115, 116, -1,
  44, 43, 116, 117, -1,
  45, 44, 117, 118, -1,
  46, 45, 118, 119, -1,
  47, 46, 119, 120, -1,
  48, 47, 120, 121, -1,
  49, 48, 121, 122, -1,
  50, 49, 122, 123, -1,
  51, 50, 123, 124, -1,
  52, 51, 124, 125, -1,
  53, 52, 125, 126, -1,
  54, 53, 126, 127, -1,
  55, 54, 127, 128, -1,
  56, 55, 128, 129, -1,
  57, 56, 129, 130, -1,
  58, 57, 130, 131, -1,
  59, 58, 131, 132, -1,
  60, 59, 132, 133, -1,
  61, 60, 133, 134, -1,
  62, 61, 134, 135, -1,
  63, 62, 135, 136, -1,
  64, 63, 136, 137, -1,
  65, 64, 137, 138, -1,
  66, 65, 138, 139, -1,
  67, 66, 139, 140, -1,
  68, 67, 140, 141, -1,
  69, 68, 141, 142, -1,
  70, 69, 142, 143, -1,
  71, 70, 143, 144, -1,
  72, 71, 144, 145, -1,
  0, 72, 145, 73, -1
 ]
convex TRUE
creaseAngle 0.3490
}
}
Shape {
appearance Appearance {
material DEF OUTMAT8 Material {
      diffuseColor 0.600 0.851 0.910
      ambientIntensity 0.295
      specularColor 0.000 0.000 0.000
      shininess 0.000
      transparency 0.000
}
}
geometry IndexedFaceSet {
coord Coordinate { point [
  -29.658 2.050 -31.990,
  -28.578 2.050 -31.990,
  -28.578 2.570 -31.990,
  -29.658 2.570 -31.990,
  -30.144 2.570 -31.990,
  -30.119 2.615 -31.990,
  -29.905 2.845 -31.990,
  -29.656 3.037 -31.990,
  -29.380 3.188 -31.990,
  -29.083 3.293 -31.990,
  -28.774 3.348 -31.990,
  -28.460 3.354 -31.990,
  -28.197 3.369 -31.990,
  -27.621 3.547 -31.990,
  -27.541 3.567 -31.990,
  -27.459 3.561 -31.990,
  -27.382 3.530 -31.990,
  -27.233 3.461 -31.990,
  -27.034 3.375 -31.990,
  -26.854 3.253 -31.990,
  -26.807 3.185 -31.990,
  -26.803 3.103 -31.990,
  -26.843 3.031 -31.990,
  -26.915 2.991 -31.990,
  -27.071 2.934 -31.990,
  -27.210 2.843 -31.990,
  -27.282 2.800 -31.990,
  -27.364 2.782 -31.990,
  -27.447 2.791 -31.990,
  -27.589 2.831 -31.990,
  -27.668 2.836 -31.990,
  -27.743 2.811 -31.990,
  -27.802 2.758 -31.990,
  -27.860 2.698 -31.990,
  -27.914 2.629 -31.990,
  -27.933 2.544 -31.990,
  -27.933 2.050 -31.990,
  -27.933 2.019 -31.990,
  -27.915 1.932 -31.990,
  -27.864 1.859 -31.990,
  -27.788 1.813 -31.990,
  -27.647 1.764 -31.990,
  -27.557 1.755 -31.990,
  -27.496 1.760 -31.990,
  -27.407 1.751 -31.990,
  -27.327 1.713 -31.990,
  -27.264 1.651 -31.990,
  -27.123 1.496 -31.990,
  -26.949 1.380 -31.990,
  -26.887 1.322 -31.990,
  -26.867 1.240 -31.990,
  -26.894 1.160 -31.990,
  -26.961 1.107 -31.990,
  -27.168 1.046 -31.990,
  -27.370 0.973 -31.990,
  -27.470 0.943 -31.990,
  -27.573 0.954 -31.990,
  -27.664 1.004 -31.990,
  -27.852 1.150 -31.990,
  -28.040 1.265 -31.990,
  -28.248 1.341 -31.990,
  -28.466 1.373 -31.990,
  -28.967 1.343 -31.990,
  -29.245 1.382 -31.990,
  -29.511 1.474 -31.990,
  -29.753 1.616 -31.990,
  -29.963 1.803 -31.990,
  -30.132 2.028 -31.990,
  -30.158 2.121 -31.990,
  -30.158 2.504 -31.990,
  -30.148 2.562 -31.990,
  -30.144 2.570 -31.990,
  -29.658 2.570 -31.990
 ] }
 coordIndex [ 6, 5, 4, -1, 6, 4, 3, -1, 7, 6, 3, -1, 7, 3, 2, -1,
     8, 7, 2, -1, 9, 8, 2, -1, 10, 9, 2, -1, 11, 10, 2, -1, 12, 11, 2, -1,
     23, 22, 21, -1, 21, 20, 19, -1, 24, 23, 21, -1, 24, 21, 19, -1, 19, 18, 17, -1,
     24, 19, 17, -1, 25, 24, 17, -1, 27, 26, 25, -1, 28, 27, 25, -1, 29, 28, 25, -1,
     29, 25, 17, -1, 29, 17, 16, -1, 30, 29, 16, -1, 16, 15, 14, -1, 16, 14, 13, -1,
     30, 16, 13, -1, 30, 13, 12, -1, 31, 30, 12, -1, 32, 31, 12, -1, 33, 32, 12, -1,
     34, 33, 12, -1, 34, 12, 2, -1, 35, 34, 2, -1, 35, 2, 1, -1, 36, 35, 1, -1,
     4, 70, 69, -1, 3, 4, 69, -1, 0, 3, 69, -1, 0, 69, 68, -1, 68, 67, 66, -1,
     0, 68, 66, -1, 0, 66, 65, -1, 0, 65, 64, -1, 1, 0, 64, -1, 64, 63, 62, -1,
     1, 64, 62, -1, 1, 62, 61, -1, 37, 36, 1, -1, 38, 37, 1, -1, 39, 38, 1, -1,
     39, 1, 61, -1, 39, 61, 60, -1, 39, 60, 59, -1, 40, 39, 59, -1, 41, 40, 59, -1,
     41, 59, 58, -1, 42, 41, 58, -1, 44, 43, 42, -1, 44, 42, 58, -1, 46, 45, 44, -1,
     46, 44, 58, -1, 46, 58, 57, -1, 47, 46, 57, -1, 57, 56, 55, -1, 47, 57, 55, -1,
     50, 49, 48, -1, 51, 50, 48, -1, 53, 52, 51, -1, 53, 51, 48, -1, 53, 48, 47, -1,
     53, 47, 55, -1, 54, 53, 55, -1
 ]
convex TRUE
creaseAngle 0.3490
}
}
]
}
]
}


DEF Design17t1 Transform {
children [
Transform {
children [
Shape {
appearance Appearance {
material DEF INMAT9 Material {
      diffuseColor 0.800 0.800 0.800
      ambientIntensity 0.299
      specularColor 0.000 0.000 0.000
      shininess 0.000
      transparency 0.000
}
}
geometry IndexedFaceSet {
coord Coordinate { point [
  -27.593 0.250 -27.491,
  -27.593 0.250 -25.539,
  -27.593 0.269 -25.444,
  -27.593 0.322 -25.364,
  -27.593 0.401 -25.309,
  -27.593 0.496 -25.289,
  -27.593 0.631 -25.291,
  -27.593 0.727 -25.320,
  -27.593 0.797 -25.393,
  -27.593 0.823 -25.491,
  -27.593 0.823 -26.110,
  -27.593 1.323 -26.110,
  -27.593 1.323 -25.487,
  -27.593 1.343 -25.398,
  -27.593 1.401 -25.328,
  -27.593 1.484 -25.291,
  -27.593 1.575 -25.294,
  -27.593 1.655 -25.337,
  -27.593 1.831 -25.530,
  -27.593 1.963 -25.755,
  -27.593 2.045 -26.004,
  -27.593 2.045 -26.620,
  -27.593 2.420 -26.620,
  -27.593 2.495 -26.640,
  -27.593 2.550 -26.695,
  -27.593 2.570 -26.770,
  -27.593 2.570 -28.270,
  -27.593 2.550 -28.345,
  -27.593 2.495 -28.400,
  -27.593 2.420 -28.420,
  -27.593 2.045 -28.420,
  -27.593 2.045 -28.575,
  -27.593 2.037 -28.615,
  -27.593 2.013 -28.648,
  -27.593 1.733 -28.874,
  -27.593 1.422 -29.056,
  -27.593 1.088 -29.191,
  -27.593 0.738 -29.275,
  -27.593 0.379 -29.307,
  -27.593 -0.379 -29.307,
  -27.593 -0.738 -29.275,
  -27.593 -1.088 -29.191,
  -27.593 -1.422 -29.056,
  -27.593 -1.733 -28.874,
  -27.593 -2.013 -28.648,
  -27.593 -2.037 -28.615,
  -27.593 -2.045 -28.575,
  -27.593 -2.045 -28.420,
  -27.593 -2.420 -28.420,
  -27.593 -2.495 -28.400,
  -27.593 -2.550 -28.345,
  -27.593 -2.570 -28.270,
  -27.593 -2.570 -26.770,
  -27.593 -2.550 -26.695,
  -27.593 -2.495 -26.640,
  -27.593 -2.420 -26.620,
  -27.593 -2.045 -26.620,
  -27.593 -2.045 -26.004,
  -27.593 -1.963 -25.755,
  -27.593 -1.831 -25.530,
  -27.593 -1.655 -25.337,
  -27.593 -1.575 -25.294,
  -27.593 -1.484 -25.291,
  -27.593 -1.401 -25.328,
  -27.593 -1.343 -25.398,
  -27.593 -1.323 -25.487,
  -27.593 -1.323 -26.110,
  -27.593 -0.823 -26.110,
  -27.593 -0.823 -25.491,
  -27.593 -0.797 -25.393,
  -27.593 -0.727 -25.320,
  -27.593 -0.631 -25.291,
  -27.593 -0.496 -25.289,
  -27.593 -0.401 -25.309,
  -27.593 -0.322 -25.364,
  -27.593 -0.269 -25.445,
  -27.593 -0.250 -25.539,
  -27.593 -0.250 -27.491,
  -27.093 0.250 -27.491,
  -27.093 0.250 -25.539,
  -27.093 0.269 -25.444,
  -27.093 0.322 -25.364,
  -27.093 0.401 -25.309,
  -27.093 0.496 -25.289,
  -27.093 0.631 -25.291,
  -27.093 0.727 -25.320,
  -27.093 0.797 -25.393,
  -27.093 0.823 -25.491,
  -27.093 0.823 -26.110,
  -27.093 1.323 -26.110,
  -27.093 1.323 -25.487,
  -27.093 1.343 -25.398,
  -27.093 1.401 -25.328,
  -27.093 1.484 -25.291,
  -27.093 1.575 -25.294,
  -27.093 1.655 -25.337,
  -27.093 1.831 -25.530,
  -27.093 1.963 -25.755,
  -27.093 2.045 -26.004,
  -27.093 2.045 -26.620,
  -27.093 2.420 -26.620,
  -27.093 2.495 -26.640,
  -27.093 2.550 -26.695,
  -27.093 2.570 -26.770,
  -27.093 2.570 -28.270,
  -27.093 2.550 -28.345,
  -27.093 2.495 -28.400,
  -27.093 2.420 -28.420,
  -27.093 2.045 -28.420,
  -27.093 2.045 -28.575,
  -27.093 2.037 -28.615,
  -27.093 2.013 -28.648,
  -27.093 1.733 -28.874,
  -27.093 1.422 -29.056,
  -27.093 1.088 -29.191,
  -27.093 0.738 -29.275,
  -27.093 0.379 -29.307,
  -27.093 -0.379 -29.307,
  -27.093 -0.738 -29.275,
  -27.093 -1.088 -29.191,
  -27.093 -1.422 -29.056,
  -27.093 -1.733 -28.874,
  -27.093 -2.013 -28.648,
  -27.093 -2.037 -28.615,
  -27.093 -2.045 -28.575,
  -27.093 -2.045 -28.420,
  -27.093 -2.420 -28.420,
  -27.093 -2.495 -28.400,
  -27.093 -2.550 -28.345,
  -27.093 -2.570 -28.270,
  -27.093 -2.570 -26.770,
  -27.093 -2.550 -26.695,
  -27.093 -2.495 -26.640,
  -27.093 -2.420 -26.620,
  -27.093 -2.045 -26.620,
  -27.093 -2.045 -26.004,
  -27.093 -1.963 -25.755,
  -27.093 -1.831 -25.530,
  -27.093 -1.655 -25.337,
  -27.093 -1.575 -25.294,
  -27.093 -1.484 -25.291,
  -27.093 -1.401 -25.328,
  -27.093 -1.343 -25.398,
  -27.093 -1.323 -25.487,
  -27.093 -1.323 -26.110,
  -27.093 -0.823 -26.110,
  -27.093 -0.823 -25.491,
  -27.093 -0.797 -25.393,
  -27.093 -0.727 -25.320,
  -27.093 -0.631 -25.291,
  -27.093 -0.496 -25.289,
  -27.093 -0.401 -25.309,
  -27.093 -0.322 -25.364,
  -27.093 -0.269 -25.445,
  -27.093 -0.250 -25.539,
  -27.093 -0.250 -27.491
 ] }
coordIndex [ 61, 62, 63, -1, 61, 63, 64, -1, 61, 64, 65, -1, 60, 61, 65, -1,
     59, 60, 65, -1, 59, 65, 66, -1, 58, 59, 66, -1, 57, 58, 66, -1, 56, 57, 66, -1,
     70, 71, 72, -1, 69, 70, 72, -1, 72, 73, 74, -1, 72, 74, 75, -1, 72, 75, 76, -1,
     68, 69, 72, -1, 68, 72, 76, -1, 67, 68, 76, -1, 67, 76, 77, -1, 66, 67, 77, -1,
     56, 66, 77, -1, 53, 54, 55, -1, 52, 53, 55, -1, 52, 55, 56, -1, 51, 52, 56, -1,
     48, 49, 50, -1, 48, 50, 51, -1, 47, 48, 51, -1, 47, 51, 56, -1, 47, 56, 77, -1,
     43, 44, 45, -1, 43, 45, 46, -1, 43, 46, 47, -1, 43, 47, 77, -1, 42, 43, 77, -1,
     40, 41, 42, -1, 40, 42, 77, -1, 14, 15, 16, -1, 13, 14, 16, -1, 12, 13, 16, -1,
     12, 16, 17, -1, 12, 17, 18, -1, 11, 12, 18, -1, 11, 18, 19, -1, 11, 19, 20, -1,
     11, 20, 21, -1, 5, 6, 7, -1, 5, 7, 8, -1, 3, 4, 5, -1, 2, 3, 5, -1,
     5, 8, 9, -1, 1, 2, 5, -1, 1, 5, 9, -1, 1, 9, 10, -1, 0, 1, 10, -1,
     0, 10, 11, -1, 0, 11, 21, -1, 27, 28, 29, -1, 26, 27, 29, -1, 26, 29, 30, -1,
     25, 26, 30, -1, 22, 23, 24, -1, 22, 24, 25, -1, 21, 22, 25, -1, 21, 25, 30, -1,
     0, 21, 30, -1, 31, 32, 33, -1, 30, 31, 33, -1, 30, 33, 34, -1, 0, 30, 34, -1,
     39, 40, 77, -1, 38, 39, 77, -1, 38, 77, 0, -1, 34, 35, 36, -1, 0, 34, 36, -1,
     0, 36, 37, -1, 38, 0, 37, -1
  1, 0, 78, 79, -1,
  2, 1, 79, 80, -1,
  3, 2, 80, 81, -1,
  4, 3, 81, 82, -1,
  5, 4, 82, 83, -1,
  6, 5, 83, 84, -1,
  7, 6, 84, 85, -1,
  8, 7, 85, 86, -1,
  9, 8, 86, 87, -1,
  10, 9, 87, 88, -1,
  11, 10, 88, 89, -1,
  12, 11, 89, 90, -1,
  13, 12, 90, 91, -1,
  14, 13, 91, 92, -1,
  15, 14, 92, 93, -1,
  16, 15, 93, 94, -1,
  17, 16, 94, 95, -1,
  18, 17, 95, 96, -1,
  19, 18, 96, 97, -1,
  20, 19, 97, 98, -1,
  21, 20, 98, 99, -1,
  22, 21, 99, 100, -1,
  23, 22, 100, 101, -1,
  24, 23, 101, 102, -1,
  25, 24, 102, 103, -1,
  26, 25, 103, 104, -1,
  27, 26, 104, 105, -1,
  28, 27, 105, 106, -1,
  29, 28, 106, 107, -1,
  30, 29, 107, 108, -1,
  31, 30, 108, 109, -1,
  32, 31, 109, 110, -1,
  33, 32, 110, 111, -1,
  34, 33, 111, 112, -1,
  35, 34, 112, 113, -1,
  36, 35, 113, 114, -1,
  37, 36, 114, 115, -1,
  38, 37, 115, 116, -1,
  39, 38, 116, 117, -1,
  40, 39, 117, 118, -1,
  41, 40, 118, 119, -1,
  42, 41, 119, 120, -1,
  43, 42, 120, 121, -1,
  44, 43, 121, 122, -1,
  45, 44, 122, 123, -1,
  46, 45, 123, 124, -1,
  47, 46, 124, 125, -1,
  48, 47, 125, 126, -1,
  49, 48, 126, 127, -1,
  50, 49, 127, 128, -1,
  51, 50, 128, 129, -1,
  52, 51, 129, 130, -1,
  53, 52, 130, 131, -1,
  54, 53, 131, 132, -1,
  55, 54, 132, 133, -1,
  56, 55, 133, 134, -1,
  57, 56, 134, 135, -1,
  58, 57, 135, 136, -1,
  59, 58, 136, 137, -1,
  60, 59, 137, 138, -1,
  61, 60, 138, 139, -1,
  62, 61, 139, 140, -1,
  63, 62, 140, 141, -1,
  64, 63, 141, 142, -1,
  65, 64, 142, 143, -1,
  66, 65, 143, 144, -1,
  67, 66, 144, 145, -1,
  68, 67, 145, 146, -1,
  69, 68, 146, 147, -1,
  70, 69, 147, 148, -1,
  71, 70, 148, 149, -1,
  72, 71, 149, 150, -1,
  73, 72, 150, 151, -1,
  74, 73, 151, 152, -1,
  75, 74, 152, 153, -1,
  76, 75, 153, 154, -1,
  77, 76, 154, 155, -1,
  0, 77, 155, 78, -1
 ]
convex TRUE
creaseAngle 0.3490
}
}
Shape {
appearance Appearance {
material DEF OUTMAT9 Material {
      diffuseColor 0.600 0.851 0.910
      ambientIntensity 0.295
      specularColor 0.000 0.000 0.000
      shininess 0.000
      transparency 0.000
}
}
geometry IndexedFaceSet {
coord Coordinate { point [
  -27.093 0.250 -27.491,
  -27.093 0.250 -25.539,
  -27.093 0.269 -25.444,
  -27.093 0.322 -25.364,
  -27.093 0.401 -25.309,
  -27.093 0.496 -25.289,
  -27.093 0.631 -25.291,
  -27.093 0.727 -25.320,
  -27.093 0.797 -25.393,
  -27.093 0.823 -25.491,
  -27.093 0.823 -26.110,
  -27.093 1.323 -26.110,
  -27.093 1.323 -25.487,
  -27.093 1.343 -25.398,
  -27.093 1.401 -25.328,
  -27.093 1.484 -25.291,
  -27.093 1.575 -25.294,
  -27.093 1.655 -25.337,
  -27.093 1.831 -25.530,
  -27.093 1.963 -25.755,
  -27.093 2.045 -26.004,
  -27.093 2.045 -26.620,
  -27.093 2.420 -26.620,
  -27.093 2.495 -26.640,
  -27.093 2.550 -26.695,
  -27.093 2.570 -26.770,
  -27.093 2.570 -28.270,
  -27.093 2.550 -28.345,
  -27.093 2.495 -28.400,
  -27.093 2.420 -28.420,
  -27.093 2.045 -28.420,
  -27.093 2.045 -28.575,
  -27.093 2.037 -28.615,
  -27.093 2.013 -28.648,
  -27.093 1.733 -28.874,
  -27.093 1.422 -29.056,
  -27.093 1.088 -29.191,
  -27.093 0.738 -29.275,
  -27.093 0.379 -29.307,
  -27.093 -0.379 -29.307,
  -27.093 -0.738 -29.275,
  -27.093 -1.088 -29.191,
  -27.093 -1.422 -29.056,
  -27.093 -1.733 -28.874,
  -27.093 -2.013 -28.648,
  -27.093 -2.037 -28.615,
  -27.093 -2.045 -28.575,
  -27.093 -2.045 -28.420,
  -27.093 -2.420 -28.420,
  -27.093 -2.495 -28.400,
  -27.093 -2.550 -28.345,
  -27.093 -2.570 -28.270,
  -27.093 -2.570 -26.770,
  -27.093 -2.550 -26.695,
  -27.093 -2.495 -26.640,
  -27.093 -2.420 -26.620,
  -27.093 -2.045 -26.620,
  -27.093 -2.045 -26.004,
  -27.093 -1.963 -25.755,
  -27.093 -1.831 -25.530,
  -27.093 -1.655 -25.337,
  -27.093 -1.575 -25.294,
  -27.093 -1.484 -25.291,
  -27.093 -1.401 -25.328,
  -27.093 -1.343 -25.398,
  -27.093 -1.323 -25.487,
  -27.093 -1.323 -26.110,
  -27.093 -0.823 -26.110,
  -27.093 -0.823 -25.491,
  -27.093 -0.797 -25.393,
  -27.093 -0.727 -25.320,
  -27.093 -0.631 -25.291,
  -27.093 -0.496 -25.289,
  -27.093 -0.401 -25.309,
  -27.093 -0.322 -25.364,
  -27.093 -0.269 -25.445,
  -27.093 -0.250 -25.539,
  -27.093 -0.250 -27.491
 ] }
 coordIndex [ 63, 62, 61, -1, 64, 63, 61, -1, 65, 64, 61, -1, 65, 61, 60, -1,
     65, 60, 59, -1, 66, 65, 59, -1, 66, 59, 58, -1, 66, 58, 57, -1, 66, 57, 56, -1,
     72, 71, 70, -1, 72, 70, 69, -1, 74, 73, 72, -1, 75, 74, 72, -1, 76, 75, 72, -1,
     72, 69, 68, -1, 76, 72, 68, -1, 76, 68, 67, -1, 77, 76, 67, -1, 77, 67, 66, -1,
     77, 66, 56, -1, 55, 54, 53, -1, 55, 53, 52, -1, 56, 55, 52, -1, 56, 52, 51, -1,
     50, 49, 48, -1, 51, 50, 48, -1, 51, 48, 47, -1, 56, 51, 47, -1, 77, 56, 47, -1,
     45, 44, 43, -1, 46, 45, 43, -1, 47, 46, 43, -1, 77, 47, 43, -1, 77, 43, 42, -1,
     42, 41, 40, -1, 77, 42, 40, -1, 16, 15, 14, -1, 16, 14, 13, -1, 16, 13, 12, -1,
     17, 16, 12, -1, 18, 17, 12, -1, 18, 12, 11, -1, 19, 18, 11, -1, 20, 19, 11, -1,
     21, 20, 11, -1, 7, 6, 5, -1, 8, 7, 5, -1, 5, 4, 3, -1, 5, 3, 2, -1,
     9, 8, 5, -1, 5, 2, 1, -1, 9, 5, 1, -1, 10, 9, 1, -1, 10, 1, 0, -1,
     11, 10, 0, -1, 21, 11, 0, -1, 29, 28, 27, -1, 29, 27, 26, -1, 30, 29, 26, -1,
     30, 26, 25, -1, 24, 23, 22, -1, 25, 24, 22, -1, 25, 22, 21, -1, 30, 25, 21, -1,
     30, 21, 0, -1, 33, 32, 31, -1, 33, 31, 30, -1, 34, 33, 30, -1, 34, 30, 0, -1,
     77, 40, 39, -1, 77, 39, 38, -1, 0, 77, 38, -1, 36, 35, 34, -1, 36, 34, 0, -1,
     37, 36, 0, -1, 37, 0, 38, -1
 ]
convex TRUE
creaseAngle 0.3490
}
}
]
}
]
}



Transform {
children [
Transform {
children [
Shape {
appearance Appearance {
material DEF INMAT10 Material {
      diffuseColor 0.800 0.800 0.800
      ambientIntensity 0.299
      specularColor 0.000 0.000 0.000
      shininess 0.000
      transparency 0.000
}
}
geometry IndexedFaceSet {
coord Coordinate { point [
  -21.997 0.250 -15.491,
  -22.010 0.250 -17.497,
  -22.027 0.250 -17.578,
  -22.076 0.250 -17.646,
  -22.149 0.250 -17.687,
  -22.232 0.250 -17.696,
  -24.163 0.250 -17.487,
  -24.480 0.250 -17.469,
  -24.797 0.250 -17.485,
  -25.110 0.250 -17.535,
  -25.622 0.250 -17.612,
  -26.002 0.250 -17.618,
  -26.378 0.250 -17.566,
  -26.741 0.250 -17.458,
  -26.975 0.250 -17.368,
  -27.042 0.250 -17.325,
  -27.087 0.250 -17.260,
  -27.103 0.250 -17.181,
  -27.113 0.250 -15.491,
  -27.593 0.250 -15.491,
  -27.603 0.250 -16.990,
  -27.629 0.250 -17.087,
  -27.699 0.250 -17.160,
  -27.795 0.250 -17.190,
  -27.894 0.250 -17.168,
  -29.124 0.250 -16.546,
  -29.389 0.250 -16.472,
  -29.663 0.250 -16.450,
  -29.739 0.250 -16.431,
  -29.794 0.250 -16.376,
  -29.815 0.250 -16.300,
  -29.815 0.250 -16.039,
  -29.792 0.250 -15.925,
  -29.728 0.250 -15.828,
  -29.632 0.250 -15.763,
  -29.518 0.250 -15.739,
  -28.725 0.250 -15.731,
  -28.725 0.250 -15.251,
  -29.518 0.250 -15.243,
  -29.632 0.250 -15.219,
  -29.728 0.250 -15.154,
  -29.792 0.250 -15.057,
  -29.815 0.250 -14.943,
  -29.815 0.250 -13.422,
  -30.965 0.250 -13.422,
  -31.053 0.250 -13.402,
  -31.123 0.250 -13.344,
  -31.161 0.250 -13.262,
  -31.158 0.250 -13.171,
  -31.115 0.250 -13.091,
  -30.993 0.250 -12.924,
  -30.900 0.250 -12.739,
  -30.849 0.250 -12.674,
  -30.772 0.250 -12.646,
  -30.595 0.250 -12.601,
  -30.445 0.250 -12.499,
  -30.338 0.250 -12.351,
  -30.289 0.250 -12.176,
  -30.269 0.250 -12.114,
  -30.225 0.250 -12.067,
  -30.165 0.250 -12.043,
  -29.999 0.250 -11.993,
  -29.850 0.250 -11.903,
  -29.727 0.250 -11.780,
  -29.638 0.250 -11.631,
  -29.589 0.250 -11.570,
  -29.516 0.250 -11.542,
  -29.337 0.250 -11.500,
  -29.173 0.250 -11.414,
  -29.037 0.250 -11.290,
  -28.937 0.250 -11.135,
  -28.879 0.250 -10.960,
  -28.840 0.250 -10.885,
  -28.766 0.250 -10.843,
  -28.590 0.250 -10.777,
  -28.435 0.250 -10.670,
  -28.313 0.250 -10.528,
  -28.229 0.250 -10.359,
  -28.191 0.250 -10.175,
  -28.199 0.250 -9.987,
  -28.195 0.250 -9.919,
  -28.161 0.250 -9.859,
  -28.103 0.250 -9.821,
  -27.944 0.250 -9.735,
  -27.816 0.250 -9.607,
  -27.728 0.250 -9.449,
  -27.688 0.250 -9.272,
  -27.665 0.250 -9.204,
  -27.614 0.250 -9.154,
  -27.545 0.250 -9.134,
  -27.362 0.250 -9.100,
  -27.196 0.250 -9.016,
  -27.061 0.250 -8.888,
  -27.001 0.250 -8.843,
  -26.928 0.250 -8.833,
  -26.858 0.250 -8.858,
  -26.690 0.250 -8.944,
  -26.506 0.250 -8.981,
  -26.318 0.250 -8.967,
  -26.141 0.250 -8.904,
  -26.075 0.250 -8.887,
  -26.008 0.250 -8.901,
  -25.955 0.250 -8.943,
  -25.822 0.250 -9.062,
  -25.658 0.250 -9.130,
  -25.481 0.250 -9.140,
  -25.310 0.250 -9.090,
  -25.224 0.250 -9.077,
  -25.144 0.250 -9.114,
  -24.999 0.250 -9.213,
  -24.832 0.250 -9.268,
  -24.657 0.250 -9.276,
  -24.486 0.250 -9.235,
  -24.426 0.250 -9.225,
  -24.367 0.250 -9.239,
  -24.319 0.250 -9.276,
  -24.204 0.250 -9.375,
  -24.067 0.250 -9.438,
  -23.918 0.250 -9.460,
  -23.769 0.250 -9.441,
  -23.630 0.250 -9.381,
  -23.557 0.250 -9.358,
  -23.482 0.250 -9.373,
  -23.424 0.250 -9.423,
  -23.281 0.250 -9.572,
  -23.102 0.250 -9.677,
  -22.901 0.250 -9.727,
  -22.694 0.250 -9.719,
  -22.618 0.250 -9.725,
  -22.555 0.250 -9.767,
  -22.521 0.250 -9.835,
  -22.443 0.250 -10.051,
  -22.313 0.250 -10.240,
  -22.140 0.250 -10.390,
  -22.087 0.250 -10.452,
  -22.074 0.250 -10.532,
  -22.064 0.250 -10.735,
  -21.993 0.250 -10.926,
  -21.867 0.250 -11.086,
  -21.698 0.250 -11.200,
  -21.643 0.250 -11.243,
  -21.614 0.250 -11.307,
  -21.617 0.250 -11.377,
  -21.646 0.250 -11.573,
  -21.619 0.250 -11.769,
  -21.540 0.250 -11.951,
  -21.415 0.250 -12.104,
  -21.252 0.250 -12.216,
  -21.205 0.250 -12.253,
  -21.176 0.250 -12.306,
  -21.170 0.250 -12.365,
  -21.165 0.250 -12.574,
  -21.107 0.250 -12.775,
  -21.000 0.250 -12.955,
  -20.852 0.250 -13.102,
  -20.671 0.250 -13.208,
  -20.615 0.250 -13.249,
  -20.584 0.250 -13.311,
  -20.583 0.250 -13.380,
  -20.587 0.250 -13.454,
  -20.564 0.250 -13.523,
  -20.517 0.250 -13.580,
  -20.317 0.250 -13.736,
  -20.103 0.250 -13.872,
  -19.874 0.250 -13.979,
  -19.633 0.250 -14.057,
  -19.555 0.250 -14.097,
  -19.502 0.250 -14.166,
  -19.483 0.250 -14.251,
  -19.483 0.250 -15.042,
  -19.509 0.250 -15.141,
  -19.581 0.250 -15.214,
  -19.680 0.250 -15.242,
  -20.572 0.250 -15.251,
  -20.572 0.250 -15.731,
  -19.680 0.250 -15.741,
  -19.581 0.250 -15.768,
  -19.509 0.250 -15.841,
  -19.482 0.250 -15.941,
  -19.483 0.250 -16.580,
  -19.508 0.250 -16.677,
  -19.577 0.250 -16.750,
  -19.673 0.250 -16.780,
  -20.067 0.250 -16.830,
  -20.448 0.250 -16.942,
  -20.806 0.250 -17.112,
  -21.210 0.250 -17.346,
  -21.310 0.250 -17.373,
  -21.410 0.250 -17.346,
  -21.483 0.250 -17.273,
  -21.510 0.250 -17.173,
  -21.517 0.250 -15.491,
  -21.997 -0.250 -15.491,
  -22.010 -0.250 -17.497,
  -22.027 -0.250 -17.578,
  -22.076 -0.250 -17.646,
  -22.149 -0.250 -17.687,
  -22.232 -0.250 -17.696,
  -24.163 -0.250 -17.487,
  -24.480 -0.250 -17.469,
  -24.797 -0.250 -17.485,
  -25.110 -0.250 -17.535,
  -25.622 -0.250 -17.612,
  -26.002 -0.250 -17.618,
  -26.378 -0.250 -17.566,
  -26.741 -0.250 -17.458,
  -26.975 -0.250 -17.368,
  -27.042 -0.250 -17.325,
  -27.087 -0.250 -17.260,
  -27.103 -0.250 -17.181,
  -27.113 -0.250 -15.491,
  -27.593 -0.250 -15.491,
  -27.603 -0.250 -16.990,
  -27.629 -0.250 -17.087,
  -27.699 -0.250 -17.160,
  -27.795 -0.250 -17.190,
  -27.894 -0.250 -17.168,
  -29.124 -0.250 -16.546,
  -29.389 -0.250 -16.472,
  -29.663 -0.250 -16.450,
  -29.739 -0.250 -16.431,
  -29.794 -0.250 -16.376,
  -29.815 -0.250 -16.300,
  -29.815 -0.250 -16.039,
  -29.792 -0.250 -15.925,
  -29.728 -0.250 -15.828,
  -29.632 -0.250 -15.763,
  -29.518 -0.250 -15.739,
  -28.725 -0.250 -15.731,
  -28.725 -0.250 -15.251,
  -29.518 -0.250 -15.243,
  -29.632 -0.250 -15.219,
  -29.728 -0.250 -15.154,
  -29.792 -0.250 -15.057,
  -29.815 -0.250 -14.943,
  -29.815 -0.250 -13.422,
  -30.965 -0.250 -13.422,
  -31.053 -0.250 -13.402,
  -31.123 -0.250 -13.344,
  -31.161 -0.250 -13.262,
  -31.158 -0.250 -13.171,
  -31.115 -0.250 -13.091,
  -30.993 -0.250 -12.924,
  -30.900 -0.250 -12.739,
  -30.849 -0.250 -12.674,
  -30.772 -0.250 -12.646,
  -30.595 -0.250 -12.601,
  -30.445 -0.250 -12.499,
  -30.338 -0.250 -12.351,
  -30.289 -0.250 -12.176,
  -30.269 -0.250 -12.114,
  -30.225 -0.250 -12.067,
  -30.165 -0.250 -12.043,
  -29.999 -0.250 -11.993,
  -29.850 -0.250 -11.903,
  -29.727 -0.250 -11.780,
  -29.638 -0.250 -11.631,
  -29.589 -0.250 -11.570,
  -29.516 -0.250 -11.542,
  -29.337 -0.250 -11.500,
  -29.173 -0.250 -11.414,
  -29.037 -0.250 -11.290,
  -28.937 -0.250 -11.135,
  -28.879 -0.250 -10.960,
  -28.840 -0.250 -10.885,
  -28.766 -0.250 -10.843,
  -28.590 -0.250 -10.777,
  -28.435 -0.250 -10.670,
  -28.313 -0.250 -10.528,
  -28.229 -0.250 -10.359,
  -28.191 -0.250 -10.175,
  -28.199 -0.250 -9.987,
  -28.195 -0.250 -9.919,
  -28.161 -0.250 -9.859,
  -28.103 -0.250 -9.821,
  -27.944 -0.250 -9.735,
  -27.816 -0.250 -9.607,
  -27.728 -0.250 -9.449,
  -27.688 -0.250 -9.272,
  -27.665 -0.250 -9.204,
  -27.614 -0.250 -9.154,
  -27.545 -0.250 -9.134,
  -27.362 -0.250 -9.100,
  -27.196 -0.250 -9.016,
  -27.061 -0.250 -8.888,
  -27.001 -0.250 -8.843,
  -26.928 -0.250 -8.833,
  -26.858 -0.250 -8.858,
  -26.690 -0.250 -8.944,
  -26.506 -0.250 -8.981,
  -26.318 -0.250 -8.967,
  -26.141 -0.250 -8.904,
  -26.075 -0.250 -8.887,
  -26.008 -0.250 -8.901,
  -25.955 -0.250 -8.943,
  -25.822 -0.250 -9.062,
  -25.658 -0.250 -9.130,
  -25.481 -0.250 -9.140,
  -25.310 -0.250 -9.090,
  -25.224 -0.250 -9.077,
  -25.144 -0.250 -9.114,
  -24.999 -0.250 -9.213,
  -24.832 -0.250 -9.268,
  -24.657 -0.250 -9.276,
  -24.486 -0.250 -9.235,
  -24.426 -0.250 -9.225,
  -24.367 -0.250 -9.239,
  -24.319 -0.250 -9.276,
  -24.204 -0.250 -9.375,
  -24.067 -0.250 -9.438,
  -23.918 -0.250 -9.460,
  -23.769 -0.250 -9.441,
  -23.630 -0.250 -9.381,
  -23.557 -0.250 -9.358,
  -23.482 -0.250 -9.373,
  -23.424 -0.250 -9.423,
  -23.281 -0.250 -9.572,
  -23.102 -0.250 -9.677,
  -22.901 -0.250 -9.727,
  -22.694 -0.250 -9.719,
  -22.618 -0.250 -9.725,
  -22.555 -0.250 -9.767,
  -22.521 -0.250 -9.835,
  -22.443 -0.250 -10.051,
  -22.313 -0.250 -10.240,
  -22.140 -0.250 -10.390,
  -22.087 -0.250 -10.452,
  -22.074 -0.250 -10.532,
  -22.064 -0.250 -10.735,
  -21.993 -0.250 -10.926,
  -21.867 -0.250 -11.086,
  -21.698 -0.250 -11.200,
  -21.643 -0.250 -11.243,
  -21.614 -0.250 -11.307,
  -21.617 -0.250 -11.377,
  -21.646 -0.250 -11.573,
  -21.619 -0.250 -11.769,
  -21.540 -0.250 -11.951,
  -21.415 -0.250 -12.104,
  -21.252 -0.250 -12.216,
  -21.205 -0.250 -12.253,
  -21.176 -0.250 -12.306,
  -21.170 -0.250 -12.365,
  -21.165 -0.250 -12.574,
  -21.107 -0.250 -12.775,
  -21.000 -0.250 -12.955,
  -20.852 -0.250 -13.102,
  -20.671 -0.250 -13.208,
  -20.615 -0.250 -13.249,
  -20.584 -0.250 -13.311,
  -20.583 -0.250 -13.380,
  -20.587 -0.250 -13.454,
  -20.564 -0.250 -13.523,
  -20.517 -0.250 -13.580,
  -20.317 -0.250 -13.736,
  -20.103 -0.250 -13.872,
  -19.874 -0.250 -13.979,
  -19.633 -0.250 -14.057,
  -19.555 -0.250 -14.097,
  -19.502 -0.250 -14.166,
  -19.483 -0.250 -14.251,
  -19.483 -0.250 -15.042,
  -19.509 -0.250 -15.141,
  -19.581 -0.250 -15.214,
  -19.680 -0.250 -15.242,
  -20.572 -0.250 -15.251,
  -20.572 -0.250 -15.731,
  -19.680 -0.250 -15.741,
  -19.581 -0.250 -15.768,
  -19.509 -0.250 -15.841,
  -19.482 -0.250 -15.941,
  -19.483 -0.250 -16.580,
  -19.508 -0.250 -16.677,
  -19.577 -0.250 -16.750,
  -19.673 -0.250 -16.780,
  -20.067 -0.250 -16.830,
  -20.448 -0.250 -16.942,
  -20.806 -0.250 -17.112,
  -21.210 -0.250 -17.346,
  -21.310 -0.250 -17.373,
  -21.410 -0.250 -17.346,
  -21.483 -0.250 -17.273,
  -21.510 -0.250 -17.173,
  -21.517 -0.250 -15.491
 ] }
coordIndex [ 85, 86, 87, -1, 87, 88, 89, -1, 87, 89, 90, -1, 85, 87, 90, -1,
     85, 90, 91, -1, 91, 92, 93, -1, 91, 93, 94, -1, 85, 91, 94, -1, 85, 94, 95, -1,
     85, 95, 96, -1, 84, 85, 96, -1, 83, 84, 96, -1, 80, 81, 82, -1, 80, 82, 83, -1,
     80, 83, 96, -1, 79, 80, 96, -1, 78, 79, 96, -1, 78, 96, 97, -1, 99, 100, 101, -1,
     99, 101, 102, -1, 99, 102, 103, -1, 98, 99, 103, -1, 97, 98, 103, -1, 97, 103, 104, -1,
     77, 78, 97, -1, 106, 107, 108, -1, 106, 108, 109, -1, 105, 106, 109, -1, 104, 105, 109, -1,
     104, 109, 110, -1, 77, 97, 104, -1, 77, 104, 110, -1, 77, 110, 111, -1, 45, 46, 47, -1,
     45, 47, 48, -1, 48, 49, 50, -1, 44, 45, 48, -1, 44, 48, 50, -1, 43, 44, 50, -1,
     51, 52, 53, -1, 51, 53, 54, -1, 50, 51, 54, -1, 43, 50, 54, -1, 43, 54, 55, -1,
     43, 55, 56, -1, 56, 57, 58, -1, 58, 59, 60, -1, 58, 60, 61, -1, 56, 58, 61, -1,
     56, 61, 62, -1, 43, 56, 62, -1, 64, 65, 66, -1, 64, 66, 67, -1, 63, 64, 67, -1,
     62, 63, 67, -1, 62, 67, 68, -1, 43, 62, 68, -1, 43, 68, 69, -1, 71, 72, 73, -1,
     71, 73, 74, -1, 70, 71, 74, -1, 69, 70, 74, -1, 69, 74, 75, -1, 43, 69, 75, -1,
     76, 77, 111, -1, 75, 76, 111, -1, 75, 111, 112, -1, 75, 112, 113, -1, 75, 113, 114, -1,
     75, 114, 115, -1, 75, 115, 116, -1, 75, 116, 117, -1, 43, 75, 117, -1, 28, 29, 30, -1,
     27, 28, 30, -1, 27, 30, 31, -1, 32, 33, 34, -1, 31, 32, 34, -1, 26, 27, 31, -1,
     31, 34, 35, -1, 26, 31, 35, -1, 26, 35, 36, -1, 25, 26, 36, -1, 22, 23, 24, -1,
     21, 22, 24, -1, 20, 21, 24, -1, 20, 24, 25, -1, 20, 25, 36, -1, 19, 20, 36, -1,
     19, 36, 37, -1, 38, 39, 40, -1, 38, 40, 41, -1, 38, 41, 42, -1, 37, 38, 42, -1,
     19, 37, 42, -1, 19, 42, 43, -1, 18, 19, 43, -1, 18, 43, 117, -1, 120, 121, 122, -1,
     120, 122, 123, -1, 120, 123, 124, -1, 119, 120, 124, -1, 118, 119, 124, -1, 117, 118, 124, -1,
     117, 124, 125, -1, 127, 128, 129, -1, 127, 129, 130, -1, 126, 127, 130, -1, 125, 126, 130, -1,
     117, 125, 130, -1, 18, 117, 130, -1, 170, 171, 172, -1, 169, 170, 172, -1, 169, 172, 173, -1,
     168, 169, 173, -1, 164, 165, 166, -1, 164, 166, 167, -1, 164, 167, 168, -1, 164, 168, 173, -1,
     163, 164, 173, -1, 162, 163, 173, -1, 161, 162, 173, -1, 160, 161, 173, -1, 159, 160, 173, -1,
     156, 157, 158, -1, 156, 158, 159, -1, 156, 159, 173, -1, 155, 156, 173, -1, 154, 155, 173, -1,
     176, 177, 178, -1, 175, 176, 178, -1, 175, 178, 179, -1, 180, 181, 182, -1, 179, 180, 182, -1,
     179, 182, 183, -1, 175, 179, 183, -1, 174, 175, 183, -1, 174, 183, 184, -1, 188, 189, 190, -1,
     186, 187, 188, -1, 186, 188, 190, -1, 185, 186, 190, -1, 185, 190, 191, -1, 174, 184, 185, -1,
     174, 185, 191, -1, 173, 174, 191, -1, 154, 173, 191, -1, 154, 191, 0, -1, 153, 154, 0, -1,
     152, 153, 0, -1, 151, 152, 0, -1, 150, 151, 0, -1, 149, 150, 0, -1, 148, 149, 0, -1,
     147, 148, 0, -1, 146, 147, 0, -1, 140, 141, 142, -1, 140, 142, 143, -1, 139, 140, 143, -1,
     138, 139, 143, -1, 137, 138, 143, -1, 134, 135, 136, -1, 132, 133, 134, -1, 132, 134, 136, -1,
     131, 132, 136, -1, 131, 136, 137, -1, 137, 143, 144, -1, 131, 137, 144, -1, 18, 130, 131, -1,
     18, 131, 144, -1, 18, 144, 145, -1, 145, 146, 0, -1, 18, 145, 0, -1, 13, 14, 15, -1,
     13, 15, 16, -1, 12, 13, 16, -1, 10, 11, 12, -1, 12, 16, 17, -1, 9, 10, 12, -1,
     9, 12, 17, -1, 9, 17, 18, -1, 8, 9, 18, -1, 7, 8, 18, -1, 7, 18, 0, -1,
     7, 0, 1, -1, 6, 7, 1, -1, 5, 6, 1, -1, 1, 2, 3, -1, 5, 1, 3, -1,
     5, 3, 4, -1
  1, 0, 192, 193, -1,
  2, 1, 193, 194, -1,
  3, 2, 194, 195, -1,
  4, 3, 195, 196, -1,
  5, 4, 196, 197, -1,
  6, 5, 197, 198, -1,
  7, 6, 198, 199, -1,
  8, 7, 199, 200, -1,
  9, 8, 200, 201, -1,
  10, 9, 201, 202, -1,
  11, 10, 202, 203, -1,
  12, 11, 203, 204, -1,
  13, 12, 204, 205, -1,
  14, 13, 205, 206, -1,
  15, 14, 206, 207, -1,
  16, 15, 207, 208, -1,
  17, 16, 208, 209, -1,
  18, 17, 209, 210, -1,
  19, 18, 210, 211, -1,
  20, 19, 211, 212, -1,
  21, 20, 212, 213, -1,
  22, 21, 213, 214, -1,
  23, 22, 214, 215, -1,
  24, 23, 215, 216, -1,
  25, 24, 216, 217, -1,
  26, 25, 217, 218, -1,
  27, 26, 218, 219, -1,
  28, 27, 219, 220, -1,
  29, 28, 220, 221, -1,
  30, 29, 221, 222, -1,
  31, 30, 222, 223, -1,
  32, 31, 223, 224, -1,
  33, 32, 224, 225, -1,
  34, 33, 225, 226, -1,
  35, 34, 226, 227, -1,
  36, 35, 227, 228, -1,
  37, 36, 228, 229, -1,
  38, 37, 229, 230, -1,
  39, 38, 230, 231, -1,
  40, 39, 231, 232, -1,
  41, 40, 232, 233, -1,
  42, 41, 233, 234, -1,
  43, 42, 234, 235, -1,
  44, 43, 235, 236, -1,
  45, 44, 236, 237, -1,
  46, 45, 237, 238, -1,
  47, 46, 238, 239, -1,
  48, 47, 239, 240, -1,
  49, 48, 240, 241, -1,
  50, 49, 241, 242, -1,
  51, 50, 242, 243, -1,
  52, 51, 243, 244, -1,
  53, 52, 244, 245, -1,
  54, 53, 245, 246, -1,
  55, 54, 246, 247, -1,
  56, 55, 247, 248, -1,
  57, 56, 248, 249, -1,
  58, 57, 249, 250, -1,
  59, 58, 250, 251, -1,
  60, 59, 251, 252, -1,
  61, 60, 252, 253, -1,
  62, 61, 253, 254, -1,
  63, 62, 254, 255, -1,
  64, 63, 255, 256, -1,
  65, 64, 256, 257, -1,
  66, 65, 257, 258, -1,
  67, 66, 258, 259, -1,
  68, 67, 259, 260, -1,
  69, 68, 260, 261, -1,
  70, 69, 261, 262, -1,
  71, 70, 262, 263, -1,
  72, 71, 263, 264, -1,
  73, 72, 264, 265, -1,
  74, 73, 265, 266, -1,
  75, 74, 266, 267, -1,
  76, 75, 267, 268, -1,
  77, 76, 268, 269, -1,
  78, 77, 269, 270, -1,
  79, 78, 270, 271, -1,
  80, 79, 271, 272, -1,
  81, 80, 272, 273, -1,
  82, 81, 273, 274, -1,
  83, 82, 274, 275, -1,
  84, 83, 275, 276, -1,
  85, 84, 276, 277, -1,
  86, 85, 277, 278, -1,
  87, 86, 278, 279, -1,
  88, 87, 279, 280, -1,
  89, 88, 280, 281, -1,
  90, 89, 281, 282, -1,
  91, 90, 282, 283, -1,
  92, 91, 283, 284, -1,
  93, 92, 284, 285, -1,
  94, 93, 285, 286, -1,
  95, 94, 286, 287, -1,
  96, 95, 287, 288, -1,
  97, 96, 288, 289, -1,
  98, 97, 289, 290, -1,
  99, 98, 290, 291, -1,
  100, 99, 291, 292, -1,
  101, 100, 292, 293, -1,
  102, 101, 293, 294, -1,
  103, 102, 294, 295, -1,
  104, 103, 295, 296, -1,
  105, 104, 296, 297, -1,
  106, 105, 297, 298, -1,
  107, 106, 298, 299, -1,
  108, 107, 299, 300, -1,
  109, 108, 300, 301, -1,
  110, 109, 301, 302, -1,
  111, 110, 302, 303, -1,
  112, 111, 303, 304, -1,
  113, 112, 304, 305, -1,
  114, 113, 305, 306, -1,
  115, 114, 306, 307, -1,
  116, 115, 307, 308, -1,
  117, 116, 308, 309, -1,
  118, 117, 309, 310, -1,
  119, 118, 310, 311, -1,
  120, 119, 311, 312, -1,
  121, 120, 312, 313, -1,
  122, 121, 313, 314, -1,
  123, 122, 314, 315, -1,
  124, 123, 315, 316, -1,
  125, 124, 316, 317, -1,
  126, 125, 317, 318, -1,
  127, 126, 318, 319, -1,
  128, 127, 319, 320, -1,
  129, 128, 320, 321, -1,
  130, 129, 321, 322, -1,
  131, 130, 322, 323, -1,
  132, 131, 323, 324, -1,
  133, 132, 324, 325, -1,
  134, 133, 325, 326, -1,
  135, 134, 326, 327, -1,
  136, 135, 327, 328, -1,
  137, 136, 328, 329, -1,
  138, 137, 329, 330, -1,
  139, 138, 330, 331, -1,
  140, 139, 331, 332, -1,
  141, 140, 332, 333, -1,
  142, 141, 333, 334, -1,
  143, 142, 334, 335, -1,
  144, 143, 335, 336, -1,
  145, 144, 336, 337, -1,
  146, 145, 337, 338, -1,
  147, 146, 338, 339, -1,
  148, 147, 339, 340, -1,
  149, 148, 340, 341, -1,
  150, 149, 341, 342, -1,
  151, 150, 342, 343, -1,
  152, 151, 343, 344, -1,
  153, 152, 344, 345, -1,
  154, 153, 345, 346, -1,
  155, 154, 346, 347, -1,
  156, 155, 347, 348, -1,
  157, 156, 348, 349, -1,
  158, 157, 349, 350, -1,
  159, 158, 350, 351, -1,
  160, 159, 351, 352, -1,
  161, 160, 352, 353, -1,
  162, 161, 353, 354, -1,
  163, 162, 354, 355, -1,
  164, 163, 355, 356, -1,
  165, 164, 356, 357, -1,
  166, 165, 357, 358, -1,
  167, 166, 358, 359, -1,
  168, 167, 359, 360, -1,
  169, 168, 360, 361, -1,
  170, 169, 361, 362, -1,
  171, 170, 362, 363, -1,
  172, 171, 363, 364, -1,
  173, 172, 364, 365, -1,
  174, 173, 365, 366, -1,
  175, 174, 366, 367, -1,
  176, 175, 367, 368, -1,
  177, 176, 368, 369, -1,
  178, 177, 369, 370, -1,
  179, 178, 370, 371, -1,
  180, 179, 371, 372, -1,
  181, 180, 372, 373, -1,
  182, 181, 373, 374, -1,
  183, 182, 374, 375, -1,
  184, 183, 375, 376, -1,
  185, 184, 376, 377, -1,
  186, 185, 377, 378, -1,
  187, 186, 378, 379, -1,
  188, 187, 379, 380, -1,
  189, 188, 380, 381, -1,
  190, 189, 381, 382, -1,
  191, 190, 382, 383, -1,
  0, 191, 383, 192, -1
 ]
convex TRUE
creaseAngle 0.3490
}
}
Shape {
appearance Appearance {
material DEF OUTMAT10 Material {
      diffuseColor 0.600 0.851 0.910
      ambientIntensity 0.295
      specularColor 0.000 0.000 0.000
      shininess 0.000
      transparency 0.000
}
}
geometry IndexedFaceSet {
coord Coordinate { point [
  -21.997 -0.250 -15.491,
  -22.010 -0.250 -17.497,
  -22.027 -0.250 -17.578,
  -22.076 -0.250 -17.646,
  -22.149 -0.250 -17.687,
  -22.232 -0.250 -17.696,
  -24.163 -0.250 -17.487,
  -24.480 -0.250 -17.469,
  -24.797 -0.250 -17.485,
  -25.110 -0.250 -17.535,
  -25.622 -0.250 -17.612,
  -26.002 -0.250 -17.618,
  -26.378 -0.250 -17.566,
  -26.741 -0.250 -17.458,
  -26.975 -0.250 -17.368,
  -27.042 -0.250 -17.325,
  -27.087 -0.250 -17.260,
  -27.103 -0.250 -17.181,
  -27.113 -0.250 -15.491,
  -27.593 -0.250 -15.491,
  -27.603 -0.250 -16.990,
  -27.629 -0.250 -17.087,
  -27.699 -0.250 -17.160,
  -27.795 -0.250 -17.190,
  -27.894 -0.250 -17.168,
  -29.124 -0.250 -16.546,
  -29.389 -0.250 -16.472,
  -29.663 -0.250 -16.450,
  -29.739 -0.250 -16.431,
  -29.794 -0.250 -16.376,
  -29.815 -0.250 -16.300,
  -29.815 -0.250 -16.039,
  -29.792 -0.250 -15.925,
  -29.728 -0.250 -15.828,
  -29.632 -0.250 -15.763,
  -29.518 -0.250 -15.739,
  -28.725 -0.250 -15.731,
  -28.725 -0.250 -15.251,
  -29.518 -0.250 -15.243,
  -29.632 -0.250 -15.219,
  -29.728 -0.250 -15.154,
  -29.792 -0.250 -15.057,
  -29.815 -0.250 -14.943,
  -29.815 -0.250 -13.422,
  -30.965 -0.250 -13.422,
  -31.053 -0.250 -13.402,
  -31.123 -0.250 -13.344,
  -31.161 -0.250 -13.262,
  -31.158 -0.250 -13.171,
  -31.115 -0.250 -13.091,
  -30.993 -0.250 -12.924,
  -30.900 -0.250 -12.739,
  -30.849 -0.250 -12.674,
  -30.772 -0.250 -12.646,
  -30.595 -0.250 -12.601,
  -30.445 -0.250 -12.499,
  -30.338 -0.250 -12.351,
  -30.289 -0.250 -12.176,
  -30.269 -0.250 -12.114,
  -30.225 -0.250 -12.067,
  -30.165 -0.250 -12.043,
  -29.999 -0.250 -11.993,
  -29.850 -0.250 -11.903,
  -29.727 -0.250 -11.780,
  -29.638 -0.250 -11.631,
  -29.589 -0.250 -11.570,
  -29.516 -0.250 -11.542,
  -29.337 -0.250 -11.500,
  -29.173 -0.250 -11.414,
  -29.037 -0.250 -11.290,
  -28.937 -0.250 -11.135,
  -28.879 -0.250 -10.960,
  -28.840 -0.250 -10.885,
  -28.766 -0.250 -10.843,
  -28.590 -0.250 -10.777,
  -28.435 -0.250 -10.670,
  -28.313 -0.250 -10.528,
  -28.229 -0.250 -10.359,
  -28.191 -0.250 -10.175,
  -28.199 -0.250 -9.987,
  -28.195 -0.250 -9.919,
  -28.161 -0.250 -9.859,
  -28.103 -0.250 -9.821,
  -27.944 -0.250 -9.735,
  -27.816 -0.250 -9.607,
  -27.728 -0.250 -9.449,
  -27.688 -0.250 -9.272,
  -27.665 -0.250 -9.204,
  -27.614 -0.250 -9.154,
  -27.545 -0.250 -9.134,
  -27.362 -0.250 -9.100,
  -27.196 -0.250 -9.016,
  -27.061 -0.250 -8.888,
  -27.001 -0.250 -8.843,
  -26.928 -0.250 -8.833,
  -26.858 -0.250 -8.858,
  -26.690 -0.250 -8.944,
  -26.506 -0.250 -8.981,
  -26.318 -0.250 -8.967,
  -26.141 -0.250 -8.904,
  -26.075 -0.250 -8.887,
  -26.008 -0.250 -8.901,
  -25.955 -0.250 -8.943,
  -25.822 -0.250 -9.062,
  -25.658 -0.250 -9.130,
  -25.481 -0.250 -9.140,
  -25.310 -0.250 -9.090,
  -25.224 -0.250 -9.077,
  -25.144 -0.250 -9.114,
  -24.999 -0.250 -9.213,
  -24.832 -0.250 -9.268,
  -24.657 -0.250 -9.276,
  -24.486 -0.250 -9.235,
  -24.426 -0.250 -9.225,
  -24.367 -0.250 -9.239,
  -24.319 -0.250 -9.276,
  -24.204 -0.250 -9.375,
  -24.067 -0.250 -9.438,
  -23.918 -0.250 -9.460,
  -23.769 -0.250 -9.441,
  -23.630 -0.250 -9.381,
  -23.557 -0.250 -9.358,
  -23.482 -0.250 -9.373,
  -23.424 -0.250 -9.423,
  -23.281 -0.250 -9.572,
  -23.102 -0.250 -9.677,
  -22.901 -0.250 -9.727,
  -22.694 -0.250 -9.719,
  -22.618 -0.250 -9.725,
  -22.555 -0.250 -9.767,
  -22.521 -0.250 -9.835,
  -22.443 -0.250 -10.051,
  -22.313 -0.250 -10.240,
  -22.140 -0.250 -10.390,
  -22.087 -0.250 -10.452,
  -22.074 -0.250 -10.532,
  -22.064 -0.250 -10.735,
  -21.993 -0.250 -10.926,
  -21.867 -0.250 -11.086,
  -21.698 -0.250 -11.200,
  -21.643 -0.250 -11.243,
  -21.614 -0.250 -11.307,
  -21.617 -0.250 -11.377,
  -21.646 -0.250 -11.573,
  -21.619 -0.250 -11.769,
  -21.540 -0.250 -11.951,
  -21.415 -0.250 -12.104,
  -21.252 -0.250 -12.216,
  -21.205 -0.250 -12.253,
  -21.176 -0.250 -12.306,
  -21.170 -0.250 -12.365,
  -21.165 -0.250 -12.574,
  -21.107 -0.250 -12.775,
  -21.000 -0.250 -12.955,
  -20.852 -0.250 -13.102,
  -20.671 -0.250 -13.208,
  -20.615 -0.250 -13.249,
  -20.584 -0.250 -13.311,
  -20.583 -0.250 -13.380,
  -20.587 -0.250 -13.454,
  -20.564 -0.250 -13.523,
  -20.517 -0.250 -13.580,
  -20.317 -0.250 -13.736,
  -20.103 -0.250 -13.872,
  -19.874 -0.250 -13.979,
  -19.633 -0.250 -14.057,
  -19.555 -0.250 -14.097,
  -19.502 -0.250 -14.166,
  -19.483 -0.250 -14.251,
  -19.483 -0.250 -15.042,
  -19.509 -0.250 -15.141,
  -19.581 -0.250 -15.214,
  -19.680 -0.250 -15.242,
  -20.572 -0.250 -15.251,
  -20.572 -0.250 -15.731,
  -19.680 -0.250 -15.741,
  -19.581 -0.250 -15.768,
  -19.509 -0.250 -15.841,
  -19.482 -0.250 -15.941,
  -19.483 -0.250 -16.580,
  -19.508 -0.250 -16.677,
  -19.577 -0.250 -16.750,
  -19.673 -0.250 -16.780,
  -20.067 -0.250 -16.830,
  -20.448 -0.250 -16.942,
  -20.806 -0.250 -17.112,
  -21.210 -0.250 -17.346,
  -21.310 -0.250 -17.373,
  -21.410 -0.250 -17.346,
  -21.483 -0.250 -17.273,
  -21.510 -0.250 -17.173,
  -21.517 -0.250 -15.491
 ] }
 coordIndex [ 87, 86, 85, -1, 89, 88, 87, -1, 90, 89, 87, -1, 90, 87, 85, -1,
     91, 90, 85, -1, 93, 92, 91, -1, 94, 93, 91, -1, 94, 91, 85, -1, 95, 94, 85, -1,
     96, 95, 85, -1, 96, 85, 84, -1, 96, 84, 83, -1, 82, 81, 80, -1, 83, 82, 80, -1,
     96, 83, 80, -1, 96, 80, 79, -1, 96, 79, 78, -1, 97, 96, 78, -1, 101, 100, 99, -1,
     102, 101, 99, -1, 103, 102, 99, -1, 103, 99, 98, -1, 103, 98, 97, -1, 104, 103, 97, -1,
     97, 78, 77, -1, 108, 107, 106, -1, 109, 108, 106, -1, 109, 106, 105, -1, 109, 105, 104, -1,
     110, 109, 104, -1, 104, 97, 77, -1, 110, 104, 77, -1, 111, 110, 77, -1, 47, 46, 45, -1,
     48, 47, 45, -1, 50, 49, 48, -1, 48, 45, 44, -1, 50, 48, 44, -1, 50, 44, 43, -1,
     53, 52, 51, -1, 54, 53, 51, -1, 54, 51, 50, -1, 54, 50, 43, -1, 55, 54, 43, -1,
     56, 55, 43, -1, 58, 57, 56, -1, 60, 59, 58, -1, 61, 60, 58, -1, 61, 58, 56, -1,
     62, 61, 56, -1, 62, 56, 43, -1, 66, 65, 64, -1, 67, 66, 64, -1, 67, 64, 63, -1,
     67, 63, 62, -1, 68, 67, 62, -1, 68, 62, 43, -1, 69, 68, 43, -1, 73, 72, 71, -1,
     74, 73, 71, -1, 74, 71, 70, -1, 74, 70, 69, -1, 75, 74, 69, -1, 75, 69, 43, -1,
     111, 77, 76, -1, 111, 76, 75, -1, 112, 111, 75, -1, 113, 112, 75, -1, 114, 113, 75, -1,
     115, 114, 75, -1, 116, 115, 75, -1, 117, 116, 75, -1, 117, 75, 43, -1, 30, 29, 28, -1,
     30, 28, 27, -1, 31, 30, 27, -1, 34, 33, 32, -1, 34, 32, 31, -1, 31, 27, 26, -1,
     35, 34, 31, -1, 35, 31, 26, -1, 36, 35, 26, -1, 36, 26, 25, -1, 24, 23, 22, -1,
     24, 22, 21, -1, 24, 21, 20, -1, 25, 24, 20, -1, 36, 25, 20, -1, 36, 20, 19, -1,
     37, 36, 19, -1, 40, 39, 38, -1, 41, 40, 38, -1, 42, 41, 38, -1, 42, 38, 37, -1,
     42, 37, 19, -1, 43, 42, 19, -1, 43, 19, 18, -1, 117, 43, 18, -1, 122, 121, 120, -1,
     123, 122, 120, -1, 124, 123, 120, -1, 124, 120, 119, -1, 124, 119, 118, -1, 124, 118, 117, -1,
     125, 124, 117, -1, 129, 128, 127, -1, 130, 129, 127, -1, 130, 127, 126, -1, 130, 126, 125, -1,
     130, 125, 117, -1, 130, 117, 18, -1, 172, 171, 170, -1, 172, 170, 169, -1, 173, 172, 169, -1,
     173, 169, 168, -1, 166, 165, 164, -1, 167, 166, 164, -1, 168, 167, 164, -1, 173, 168, 164, -1,
     173, 164, 163, -1, 173, 163, 162, -1, 173, 162, 161, -1, 173, 161, 160, -1, 173, 160, 159, -1,
     158, 157, 156, -1, 159, 158, 156, -1, 173, 159, 156, -1, 173, 156, 155, -1, 173, 155, 154, -1,
     178, 177, 176, -1, 178, 176, 175, -1, 179, 178, 175, -1, 182, 181, 180, -1, 182, 180, 179, -1,
     183, 182, 179, -1, 183, 179, 175, -1, 183, 175, 174, -1, 184, 183, 174, -1, 190, 189, 188, -1,
     188, 187, 186, -1, 190, 188, 186, -1, 190, 186, 185, -1, 191, 190, 185, -1, 185, 184, 174, -1,
     191, 185, 174, -1, 191, 174, 173, -1, 191, 173, 154, -1, 0, 191, 154, -1, 0, 154, 153, -1,
     0, 153, 152, -1, 0, 152, 151, -1, 0, 151, 150, -1, 0, 150, 149, -1, 0, 149, 148, -1,
     0, 148, 147, -1, 0, 147, 146, -1, 142, 141, 140, -1, 143, 142, 140, -1, 143, 140, 139, -1,
     143, 139, 138, -1, 143, 138, 137, -1, 136, 135, 134, -1, 134, 133, 132, -1, 136, 134, 132, -1,
     136, 132, 131, -1, 137, 136, 131, -1, 144, 143, 137, -1, 144, 137, 131, -1, 131, 130, 18, -1,
     144, 131, 18, -1, 145, 144, 18, -1, 0, 146, 145, -1, 0, 145, 18, -1, 15, 14, 13, -1,
     16, 15, 13, -1, 16, 13, 12, -1, 12, 11, 10, -1, 17, 16, 12, -1, 12, 10, 9, -1,
     17, 12, 9, -1, 18, 17, 9, -1, 18, 9, 8, -1, 18, 8, 7, -1, 0, 18, 7, -1,
     1, 0, 7, -1, 1, 7, 6, -1, 1, 6, 5, -1, 3, 2, 1, -1, 3, 1, 5, -1,
     4, 3, 5, -1
 ]
convex TRUE
creaseAngle 0.3490
}
}
]
}
]
}


DEF Design13t1 Transform {
children [
Transform {
children [
Shape {
appearance Appearance {
material DEF INMAT11 Material {
      diffuseColor 0.800 0.800 0.800
      ambientIntensity 0.299
      specularColor 0.000 0.000 0.000
      shininess 0.000
      transparency 0.000
}
}
geometry IndexedFaceSet {
coord Coordinate { point [
  -36.402 1.144 -15.751,
  -35.037 0.375 -15.751,
  -34.799 0.792 -15.751,
  -36.154 1.578 -15.751,
  -36.227 1.642 -15.751,
  -36.271 1.729 -15.751,
  -36.277 1.826 -15.751,
  -36.246 1.919 -15.751,
  -35.928 2.476 -15.751,
  -35.856 2.549 -15.751,
  -35.757 2.576 -15.751,
  -35.658 2.552 -15.751,
  -35.151 2.296 -15.751,
  -34.627 2.078 -15.751,
  -34.089 1.897 -15.751,
  -33.539 1.755 -15.751,
  -32.980 1.652 -15.751,
  -32.416 1.590 -15.751,
  -31.848 1.568 -15.751,
  -31.768 1.556 -15.751,
  -31.699 1.514 -15.751,
  -31.652 1.448 -15.751,
  -31.636 1.368 -15.751,
  -31.636 0.510 -15.751,
  -31.655 0.414 -15.751,
  -31.709 0.333 -15.751,
  -31.790 0.279 -15.751,
  -31.886 0.260 -15.751,
  -32.725 0.250 -15.751,
  -32.725 -0.230 -15.751,
  -31.886 -0.240 -15.751,
  -31.790 -0.259 -15.751,
  -31.709 -0.313 -15.751,
  -31.655 -0.394 -15.751,
  -31.636 -0.490 -15.751,
  -31.636 -1.418 -15.751,
  -31.656 -1.507 -15.751,
  -31.715 -1.577 -15.751,
  -31.798 -1.614 -15.751,
  -32.263 -1.658 -15.751,
  -32.667 -1.669 -15.751,
  -33.069 -1.625 -15.751,
  -33.461 -1.527 -15.751,
  -33.997 -1.342 -15.751,
  -34.524 -1.135 -15.751,
  -35.042 -0.905 -15.751,
  -35.551 -0.653 -15.751,
  -36.047 -0.381 -15.751,
  -36.532 -0.087 -15.751,
  -37.004 0.228 -15.751,
  -37.068 0.301 -15.751,
  -37.090 0.397 -15.751,
  -37.063 0.491 -15.751,
  -36.743 1.051 -15.751,
  -36.679 1.124 -15.751,
  -36.592 1.168 -15.751,
  -36.494 1.175 -15.751,
  -36.402 1.144 -15.251,
  -35.037 0.375 -15.251,
  -34.799 0.792 -15.251,
  -36.154 1.578 -15.251,
  -36.227 1.642 -15.251,
  -36.271 1.729 -15.251,
  -36.277 1.826 -15.251,
  -36.246 1.919 -15.251,
  -35.928 2.476 -15.251,
  -35.856 2.549 -15.251,
  -35.757 2.576 -15.251,
  -35.658 2.552 -15.251,
  -35.151 2.296 -15.251,
  -34.627 2.078 -15.251,
  -34.089 1.897 -15.251,
  -33.539 1.755 -15.251,
  -32.980 1.652 -15.251,
  -32.416 1.590 -15.251,
  -31.848 1.568 -15.251,
  -31.768 1.556 -15.251,
  -31.699 1.514 -15.251,
  -31.652 1.448 -15.251,
  -31.636 1.368 -15.251,
  -31.636 0.510 -15.251,
  -31.655 0.414 -15.251,
  -31.709 0.333 -15.251,
  -31.790 0.279 -15.251,
  -31.886 0.260 -15.251,
  -32.725 0.250 -15.251,
  -32.725 -0.230 -15.251,
  -31.886 -0.240 -15.251,
  -31.790 -0.259 -15.251,
  -31.709 -0.313 -15.251,
  -31.655 -0.394 -15.251,
  -31.636 -0.490 -15.251,
  -31.636 -1.418 -15.251,
  -31.656 -1.507 -15.251,
  -31.715 -1.577 -15.251,
  -31.798 -1.614 -15.251,
  -32.263 -1.658 -15.251,
  -32.667 -1.669 -15.251,
  -33.069 -1.625 -15.251,
  -33.461 -1.527 -15.251,
  -33.997 -1.342 -15.251,
  -34.524 -1.135 -15.251,
  -35.042 -0.905 -15.251,
  -35.551 -0.653 -15.251,
  -36.047 -0.381 -15.251,
  -36.532 -0.087 -15.251,
  -37.004 0.228 -15.251,
  -37.068 0.301 -15.251,
  -37.090 0.397 -15.251,
  -37.063 0.491 -15.251,
  -36.743 1.051 -15.251,
  -36.679 1.124 -15.251,
  -36.592 1.168 -15.251,
  -36.494 1.175 -15.251
 ] }
coordIndex [ 9, 10, 11, -1, 8, 9, 11, -1, 8, 11, 12, -1, 4, 5, 6, -1,
     4, 6, 7, -1, 3, 4, 7, -1, 3, 7, 8, -1, 3, 8, 12, -1, 2, 3, 12, -1,
     2, 12, 13, -1, 2, 13, 14, -1, 2, 14, 15, -1, 19, 20, 21, -1, 19, 21, 22, -1,
     18, 19, 22, -1, 18, 22, 23, -1, 17, 18, 23, -1, 23, 24, 25, -1, 23, 25, 26, -1,
     23, 26, 27, -1, 17, 23, 27, -1, 17, 27, 28, -1, 16, 17, 28, -1, 15, 16, 28, -1,
     2, 15, 28, -1, 49, 50, 51, -1, 49, 51, 52, -1, 48, 49, 52, -1, 52, 53, 54, -1,
     52, 54, 55, -1, 55, 56, 0, -1, 52, 55, 0, -1, 48, 52, 0, -1, 48, 0, 1, -1,
     47, 48, 1, -1, 46, 47, 1, -1, 44, 45, 46, -1, 44, 46, 1, -1, 1, 2, 28, -1,
     44, 1, 28, -1, 42, 43, 44, -1, 42, 44, 28, -1, 42, 28, 29, -1, 36, 37, 38, -1,
     35, 36, 38, -1, 35, 38, 39, -1, 34, 35, 39, -1, 30, 31, 32, -1, 30, 32, 33, -1,
     30, 33, 34, -1, 29, 30, 34, -1, 29, 34, 39, -1, 41, 42, 29, -1, 40, 41, 29, -1,
     40, 29, 39, -1
  1, 0, 57, 58, -1,
  2, 1, 58, 59, -1,
  3, 2, 59, 60, -1,
  4, 3, 60, 61, -1,
  5, 4, 61, 62, -1,
  6, 5, 62, 63, -1,
  7, 6, 63, 64, -1,
  8, 7, 64, 65, -1,
  9, 8, 65, 66, -1,
  10, 9, 66, 67, -1,
  11, 10, 67, 68, -1,
  12, 11, 68, 69, -1,
  13, 12, 69, 70, -1,
  14, 13, 70, 71, -1,
  15, 14, 71, 72, -1,
  16, 15, 72, 73, -1,
  17, 16, 73, 74, -1,
  18, 17, 74, 75, -1,
  19, 18, 75, 76, -1,
  20, 19, 76, 77, -1,
  21, 20, 77, 78, -1,
  22, 21, 78, 79, -1,
  23, 22, 79, 80, -1,
  24, 23, 80, 81, -1,
  25, 24, 81, 82, -1,
  26, 25, 82, 83, -1,
  27, 26, 83, 84, -1,
  28, 27, 84, 85, -1,
  29, 28, 85, 86, -1,
  30, 29, 86, 87, -1,
  31, 30, 87, 88, -1,
  32, 31, 88, 89, -1,
  33, 32, 89, 90, -1,
  34, 33, 90, 91, -1,
  35, 34, 91, 92, -1,
  36, 35, 92, 93, -1,
  37, 36, 93, 94, -1,
  38, 37, 94, 95, -1,
  39, 38, 95, 96, -1,
  40, 39, 96, 97, -1,
  41, 40, 97, 98, -1,
  42, 41, 98, 99, -1,
  43, 42, 99, 100, -1,
  44, 43, 100, 101, -1,
  45, 44, 101, 102, -1,
  46, 45, 102, 103, -1,
  47, 46, 103, 104, -1,
  48, 47, 104, 105, -1,
  49, 48, 105, 106, -1,
  50, 49, 106, 107, -1,
  51, 50, 107, 108, -1,
  52, 51, 108, 109, -1,
  53, 52, 109, 110, -1,
  54, 53, 110, 111, -1,
  55, 54, 111, 112, -1,
  56, 55, 112, 113, -1,
  0, 56, 113, 57, -1
 ]
convex TRUE
creaseAngle 0.3490
}
}
Shape {
appearance Appearance {
material DEF OUTMAT11 Material {
      diffuseColor 0.600 0.851 0.910
      ambientIntensity 0.295
      specularColor 0.000 0.000 0.000
      shininess 0.000
      transparency 0.000
}
}
geometry IndexedFaceSet {
coord Coordinate { point [
  -36.402 1.144 -15.251,
  -35.037 0.375 -15.251,
  -34.799 0.792 -15.251,
  -36.154 1.578 -15.251,
  -36.227 1.642 -15.251,
  -36.271 1.729 -15.251,
  -36.277 1.826 -15.251,
  -36.246 1.919 -15.251,
  -35.928 2.476 -15.251,
  -35.856 2.549 -15.251,
  -35.757 2.576 -15.251,
  -35.658 2.552 -15.251,
  -35.151 2.296 -15.251,
  -34.627 2.078 -15.251,
  -34.089 1.897 -15.251,
  -33.539 1.755 -15.251,
  -32.980 1.652 -15.251,
  -32.416 1.590 -15.251,
  -31.848 1.568 -15.251,
  -31.768 1.556 -15.251,
  -31.699 1.514 -15.251,
  -31.652 1.448 -15.251,
  -31.636 1.368 -15.251,
  -31.636 0.510 -15.251,
  -31.655 0.414 -15.251,
  -31.709 0.333 -15.251,
  -31.790 0.279 -15.251,
  -31.886 0.260 -15.251,
  -32.725 0.250 -15.251,
  -32.725 -0.230 -15.251,
  -31.886 -0.240 -15.251,
  -31.790 -0.259 -15.251,
  -31.709 -0.313 -15.251,
  -31.655 -0.394 -15.251,
  -31.636 -0.490 -15.251,
  -31.636 -1.418 -15.251,
  -31.656 -1.507 -15.251,
  -31.715 -1.577 -15.251,
  -31.798 -1.614 -15.251,
  -32.263 -1.658 -15.251,
  -32.667 -1.669 -15.251,
  -33.069 -1.625 -15.251,
  -33.461 -1.527 -15.251,
  -33.997 -1.342 -15.251,
  -34.524 -1.135 -15.251,
  -35.042 -0.905 -15.251,
  -35.551 -0.653 -15.251,
  -36.047 -0.381 -15.251,
  -36.532 -0.087 -15.251,
  -37.004 0.228 -15.251,
  -37.068 0.301 -15.251,
  -37.090 0.397 -15.251,
  -37.063 0.491 -15.251,
  -36.743 1.051 -15.251,
  -36.679 1.124 -15.251,
  -36.592 1.168 -15.251,
  -36.494 1.175 -15.251
 ] }
 coordIndex [ 11, 10, 9, -1, 11, 9, 8, -1, 12, 11, 8, -1, 6, 5, 4, -1,
     7, 6, 4, -1, 7, 4, 3, -1, 8, 7, 3, -1, 12, 8, 3, -1, 12, 3, 2, -1,
     13, 12, 2, -1, 14, 13, 2, -1, 15, 14, 2, -1, 21, 20, 19, -1, 22, 21, 19, -1,
     22, 19, 18, -1, 23, 22, 18, -1, 23, 18, 17, -1, 25, 24, 23, -1, 26, 25, 23, -1,
     27, 26, 23, -1, 27, 23, 17, -1, 28, 27, 17, -1, 28, 17, 16, -1, 28, 16, 15, -1,
     28, 15, 2, -1, 51, 50, 49, -1, 52, 51, 49, -1, 52, 49, 48, -1, 54, 53, 52, -1,
     55, 54, 52, -1, 0, 56, 55, -1, 0, 55, 52, -1, 0, 52, 48, -1, 1, 0, 48, -1,
     1, 48, 47, -1, 1, 47, 46, -1, 46, 45, 44, -1, 1, 46, 44, -1, 28, 2, 1, -1,
     28, 1, 44, -1, 44, 43, 42, -1, 28, 44, 42, -1, 29, 28, 42, -1, 38, 37, 36, -1,
     38, 36, 35, -1, 39, 38, 35, -1, 39, 35, 34, -1, 32, 31, 30, -1, 33, 32, 30, -1,
     34, 33, 30, -1, 34, 30, 29, -1, 39, 34, 29, -1, 29, 42, 41, -1, 29, 41, 40, -1,
     39, 29, 40, -1
 ]
convex TRUE
creaseAngle 0.3490
}
}
]
}
]
}


DEF Design4t1 Transform {
children [
Transform {
children [
Shape {
appearance Appearance {
material DEF INMAT12 Material {
      diffuseColor 0.800 0.800 0.800
      ambientIntensity 0.299
      specularColor 0.000 0.000 0.000
      shininess 0.000
      transparency 0.000
}
}
geometry IndexedFaceSet {
coord Coordinate { point [
  -28.397 12.570 -14.606,
  -28.393 12.570 -14.597,
  -27.578 12.570 -14.606,
  -27.578 12.570 -16.386,
  -27.098 12.570 -16.386,
  -27.098 12.570 -14.606,
  -27.578 12.570 -14.606,
  -28.393 12.570 -14.597,
  -28.300 12.570 -14.386,
  -28.156 12.570 -14.179,
  -27.975 12.570 -14.003,
  -27.763 12.570 -13.865,
  -27.528 12.570 -13.770,
  -27.280 12.570 -13.723,
  -27.121 12.570 -13.695,
  -26.807 12.570 -13.586,
  -26.638 12.570 -13.559,
  -26.036 12.570 -13.514,
  -25.819 12.570 -13.522,
  -25.608 12.570 -13.576,
  -25.414 12.570 -13.675,
  -25.246 12.570 -13.813,
  -25.104 12.570 -13.959,
  -24.970 12.570 -14.126,
  -24.872 12.570 -14.315,
  -24.813 12.570 -14.520,
  -24.794 12.570 -14.733,
  -24.800 12.570 -15.220,
  -24.807 12.570 -15.328,
  -24.885 12.570 -15.710,
  -25.021 12.570 -16.075,
  -25.120 12.570 -16.245,
  -25.248 12.570 -16.394,
  -25.637 12.570 -16.774,
  -25.750 12.570 -16.906,
  -26.580 12.570 -18.059,
  -26.693 12.570 -18.192,
  -26.828 12.570 -18.302,
  -26.981 12.570 -18.387,
  -27.357 12.570 -18.557,
  -27.553 12.570 -18.672,
  -28.017 12.570 -19.012,
  -28.179 12.570 -19.109,
  -28.471 12.570 -19.213,
  -28.579 12.570 -19.270,
  -28.814 12.570 -19.452,
  -29.010 12.570 -19.677,
  -29.157 12.570 -19.936,
  -29.251 12.570 -20.219,
  -29.288 12.570 -20.514,
  -29.277 12.570 -20.635,
  -29.237 12.570 -20.749,
  -29.170 12.570 -20.850,
  -29.008 12.570 -20.996,
  -28.812 12.570 -21.093,
  -28.598 12.570 -21.133,
  -28.380 12.570 -21.113,
  -28.176 12.570 -21.036,
  -28.001 12.570 -20.906,
  -27.983 12.570 -20.888,
  -27.874 12.570 -20.817,
  -27.746 12.570 -20.798,
  -27.621 12.570 -20.836,
  -27.524 12.570 -20.922,
  -27.386 12.570 -21.077,
  -27.218 12.570 -21.201,
  -27.065 12.570 -21.320,
  -26.946 12.570 -21.474,
  -26.872 12.570 -21.654,
  -26.845 12.570 -21.846,
  -26.867 12.570 -21.924,
  -26.927 12.570 -21.977,
  -27.006 12.570 -21.989,
  -27.080 12.570 -21.957,
  -27.241 12.570 -21.814,
  -27.428 12.570 -21.706,
  -27.632 12.570 -21.638,
  -27.718 12.570 -21.644,
  -27.787 12.570 -21.697,
  -27.906 12.570 -21.867,
  -27.970 12.570 -21.933,
  -28.051 12.570 -21.976,
  -28.141 12.570 -21.990,
  -28.546 12.570 -21.990,
  -28.546 12.570 -22.890,
  -28.559 12.570 -22.940,
  -28.596 12.570 -22.977,
  -28.646 12.570 -22.990,
  -29.546 12.570 -22.991,
  -29.596 12.570 -22.977,
  -29.632 12.570 -22.941,
  -29.646 12.570 -22.891,
  -29.646 12.570 -21.990,
  -30.148 12.570 -21.990,
  -30.148 12.570 -22.499,
  -30.162 12.570 -22.894,
  -30.176 12.570 -22.943,
  -30.213 12.570 -22.978,
  -30.262 12.570 -22.991,
  -30.646 12.570 -22.990,
  -30.696 12.570 -22.977,
  -30.732 12.570 -22.940,
  -30.746 12.570 -22.890,
  -30.746 12.570 -22.482,
  -30.758 12.570 -22.482,
  -30.804 12.570 -22.471,
  -30.840 12.570 -22.439,
  -30.857 12.570 -22.395,
  -30.968 12.570 -21.533,
  -30.975 12.570 -21.400,
  -30.952 12.570 -21.269,
  -30.889 12.570 -20.975,
  -30.859 12.570 -20.534,
  -30.823 12.570 -20.397,
  -30.749 12.570 -20.136,
  -30.712 12.570 -19.869,
  -30.710 12.570 -19.598,
  -30.697 12.570 -19.363,
  -30.629 12.570 -19.137,
  -30.510 12.570 -18.933,
  -30.347 12.570 -18.763,
  -29.945 12.570 -18.391,
  -29.592 12.570 -17.972,
  -29.401 12.570 -17.757,
  -29.175 12.570 -17.579,
  -28.921 12.570 -17.443,
  -28.797 12.570 -17.367,
  -28.701 12.570 -17.259,
  -28.639 12.570 -17.128,
  -28.618 12.570 -16.985,
  -28.638 12.570 -16.841,
  -28.700 12.570 -16.568,
  -28.726 12.570 -16.288,
  -28.716 12.570 -16.008,
  -28.640 12.570 -15.243,
  -28.610 12.570 -15.099,
  -28.553 12.570 -14.963,
  -28.469 12.570 -14.794,
  -25.241 12.570 -16.386,
  -28.397 12.070 -14.606,
  -28.393 12.070 -14.597,
  -27.578 12.070 -14.606,
  -27.578 12.070 -16.386,
  -27.098 12.070 -16.386,
  -27.098 12.070 -14.606,
  -27.578 12.070 -14.606,
  -28.393 12.070 -14.597,
  -28.300 12.070 -14.386,
  -28.156 12.070 -14.179,
  -27.975 12.070 -14.003,
  -27.763 12.070 -13.865,
  -27.528 12.070 -13.770,
  -27.280 12.070 -13.723,
  -27.121 12.070 -13.695,
  -26.807 12.070 -13.586,
  -26.638 12.070 -13.559,
  -26.036 12.070 -13.514,
  -25.819 12.070 -13.522,
  -25.608 12.070 -13.576,
  -25.414 12.070 -13.675,
  -25.246 12.070 -13.813,
  -25.104 12.070 -13.959,
  -24.970 12.070 -14.126,
  -24.872 12.070 -14.315,
  -24.813 12.070 -14.520,
  -24.794 12.070 -14.733,
  -24.800 12.070 -15.220,
  -24.807 12.070 -15.328,
  -24.885 12.070 -15.710,
  -25.021 12.070 -16.075,
  -25.120 12.070 -16.245,
  -25.248 12.070 -16.394,
  -25.637 12.070 -16.774,
  -25.750 12.070 -16.906,
  -26.580 12.070 -18.059,
  -26.693 12.070 -18.192,
  -26.828 12.070 -18.302,
  -26.981 12.070 -18.387,
  -27.357 12.070 -18.557,
  -27.553 12.070 -18.672,
  -28.017 12.070 -19.012,
  -28.179 12.070 -19.109,
  -28.471 12.070 -19.213,
  -28.579 12.070 -19.270,
  -28.814 12.070 -19.452,
  -29.010 12.070 -19.677,
  -29.157 12.070 -19.936,
  -29.251 12.070 -20.219,
  -29.288 12.070 -20.514,
  -29.277 12.070 -20.635,
  -29.237 12.070 -20.749,
  -29.170 12.070 -20.850,
  -29.008 12.070 -20.996,
  -28.812 12.070 -21.093,
  -28.598 12.070 -21.133,
  -28.380 12.070 -21.113,
  -28.176 12.070 -21.036,
  -28.001 12.070 -20.906,
  -27.983 12.070 -20.888,
  -27.874 12.070 -20.817,
  -27.746 12.070 -20.798,
  -27.621 12.070 -20.836,
  -27.524 12.070 -20.922,
  -27.386 12.070 -21.077,
  -27.218 12.070 -21.201,
  -27.065 12.070 -21.320,
  -26.946 12.070 -21.474,
  -26.872 12.070 -21.654,
  -26.845 12.070 -21.846,
  -26.867 12.070 -21.924,
  -26.927 12.070 -21.977,
  -27.006 12.070 -21.989,
  -27.080 12.070 -21.957,
  -27.241 12.070 -21.814,
  -27.428 12.070 -21.706,
  -27.632 12.070 -21.638,
  -27.718 12.070 -21.644,
  -27.787 12.070 -21.697,
  -27.906 12.070 -21.867,
  -27.970 12.070 -21.933,
  -28.051 12.070 -21.976,
  -28.141 12.070 -21.990,
  -28.546 12.070 -21.990,
  -28.546 12.070 -22.890,
  -28.559 12.070 -22.940,
  -28.596 12.070 -22.977,
  -28.646 12.070 -22.990,
  -29.546 12.070 -22.991,
  -29.596 12.070 -22.977,
  -29.632 12.070 -22.941,
  -29.646 12.070 -22.891,
  -29.646 12.070 -21.990,
  -30.148 12.070 -21.990,
  -30.148 12.070 -22.499,
  -30.162 12.070 -22.894,
  -30.176 12.070 -22.943,
  -30.213 12.070 -22.978,
  -30.262 12.070 -22.991,
  -30.646 12.070 -22.990,
  -30.696 12.070 -22.977,
  -30.732 12.070 -22.940,
  -30.746 12.070 -22.890,
  -30.746 12.070 -22.482,
  -30.758 12.070 -22.482,
  -30.804 12.070 -22.471,
  -30.840 12.070 -22.439,
  -30.857 12.070 -22.395,
  -30.968 12.070 -21.533,
  -30.975 12.070 -21.400,
  -30.952 12.070 -21.269,
  -30.889 12.070 -20.975,
  -30.859 12.070 -20.534,
  -30.823 12.070 -20.397,
  -30.749 12.070 -20.136,
  -30.712 12.070 -19.869,
  -30.710 12.070 -19.598,
  -30.697 12.070 -19.363,
  -30.629 12.070 -19.137,
  -30.510 12.070 -18.933,
  -30.347 12.070 -18.763,
  -29.945 12.070 -18.391,
  -29.592 12.070 -17.972,
  -29.401 12.070 -17.757,
  -29.175 12.070 -17.579,
  -28.921 12.070 -17.443,
  -28.797 12.070 -17.367,
  -28.701 12.070 -17.259,
  -28.639 12.070 -17.128,
  -28.618 12.070 -16.985,
  -28.638 12.070 -16.841,
  -28.700 12.070 -16.568,
  -28.726 12.070 -16.288,
  -28.716 12.070 -16.008,
  -28.640 12.070 -15.243,
  -28.610 12.070 -15.099,
  -28.553 12.070 -14.963,
  -28.469 12.070 -14.794,
  -25.241 12.070 -16.386
 ] }
coordIndex [ 2, 0, 8, -1, 2, 8, 9, -1, 2, 9, 10, -1, 2, 10, 11, -1,
     2, 11, 12, -1, 5, 2, 12, -1, 5, 12, 13, -1, 5, 13, 14, -1, 14, 15, 16, -1,
     5, 14, 16, -1, 19, 20, 21, -1, 21, 22, 23, -1, 21, 23, 24, -1, 18, 19, 21, -1,
     18, 21, 24, -1, 17, 18, 24, -1, 5, 16, 17, -1, 17, 24, 25, -1, 17, 25, 26, -1,
     5, 17, 26, -1, 26, 27, 28, -1, 5, 26, 28, -1, 5, 28, 29, -1, 5, 29, 30, -1,
     4, 5, 30, -1, 30, 31, 32, -1, 4, 30, 32, -1, 69, 70, 71, -1, 71, 72, 73, -1,
     69, 71, 73, -1, 68, 69, 73, -1, 68, 73, 74, -1, 67, 68, 74, -1, 67, 74, 75, -1,
     66, 67, 75, -1, 65, 66, 75, -1, 65, 75, 76, -1, 64, 65, 76, -1, 64, 76, 77, -1,
     63, 64, 77, -1, 59, 60, 61, -1, 61, 62, 63, -1, 58, 59, 61, -1, 58, 61, 63, -1,
     58, 63, 77, -1, 57, 58, 77, -1, 57, 77, 78, -1, 56, 57, 78, -1, 56, 78, 79, -1,
     80, 81, 82, -1, 79, 80, 82, -1, 56, 79, 82, -1, 56, 82, 83, -1, 55, 56, 83, -1,
     54, 55, 83, -1, 53, 54, 83, -1, 52, 53, 83, -1, 137, 0, 2, -1, 136, 137, 2, -1,
     136, 2, 3, -1, 134, 135, 136, -1, 134, 136, 3, -1, 133, 134, 3, -1, 132, 133, 3, -1,
     131, 132, 3, -1, 130, 131, 3, -1, 129, 130, 3, -1, 4, 32, 33, -1, 4, 33, 34, -1,
     3, 4, 34, -1, 3, 34, 35, -1, 35, 36, 37, -1, 35, 37, 38, -1, 3, 35, 38, -1,
     128, 129, 3, -1, 128, 3, 38, -1, 128, 38, 39, -1, 128, 39, 40, -1, 127, 128, 40, -1,
     126, 127, 40, -1, 126, 40, 41, -1, 125, 126, 41, -1, 125, 41, 42, -1, 125, 42, 43, -1,
     124, 125, 43, -1, 123, 124, 43, -1, 122, 123, 43, -1, 122, 43, 44, -1, 121, 122, 44, -1,
     121, 44, 45, -1, 121, 45, 46, -1, 120, 121, 46, -1, 120, 46, 47, -1, 119, 120, 47, -1,
     118, 119, 47, -1, 117, 118, 47, -1, 116, 117, 47, -1, 115, 116, 47, -1, 115, 47, 48, -1,
     114, 115, 48, -1, 114, 48, 49, -1, 114, 49, 50, -1, 113, 114, 50, -1, 113, 50, 51, -1,
     112, 113, 51, -1, 112, 51, 52, -1, 112, 52, 83, -1, 99, 100, 101, -1, 99, 101, 102, -1,
     98, 99, 102, -1, 98, 102, 103, -1, 96, 97, 98, -1, 95, 96, 98, -1, 95, 98, 103, -1,
     94, 95, 103, -1, 94, 103, 105, -1, 94, 105, 106, -1, 94, 106, 107, -1, 93, 94, 107, -1,
     93, 107, 108, -1, 108, 109, 110, -1, 93, 108, 110, -1, 93, 110, 111, -1, 93, 111, 112, -1,
     92, 93, 112, -1, 92, 112, 83, -1, 83, 84, 85, -1, 85, 86, 87, -1, 83, 85, 87, -1,
     92, 83, 87, -1, 91, 92, 87, -1, 88, 89, 90, -1, 88, 90, 91, -1, 88, 91, 87, -1
  1, 0, 139, 140, -1,
  2, 1, 140, 141, -1,
  3, 2, 141, 142, -1,
  4, 3, 142, 143, -1,
  5, 4, 143, 144, -1,
  6, 5, 144, 145, -1,
  7, 6, 145, 146, -1,
  8, 7, 146, 147, -1,
  9, 8, 147, 148, -1,
  10, 9, 148, 149, -1,
  11, 10, 149, 150, -1,
  12, 11, 150, 151, -1,
  13, 12, 151, 152, -1,
  14, 13, 152, 153, -1,
  15, 14, 153, 154, -1,
  16, 15, 154, 155, -1,
  17, 16, 155, 156, -1,
  18, 17, 156, 157, -1,
  19, 18, 157, 158, -1,
  20, 19, 158, 159, -1,
  21, 20, 159, 160, -1,
  22, 21, 160, 161, -1,
  23, 22, 161, 162, -1,
  24, 23, 162, 163, -1,
  25, 24, 163, 164, -1,
  26, 25, 164, 165, -1,
  27, 26, 165, 166, -1,
  28, 27, 166, 167, -1,
  29, 28, 167, 168, -1,
  30, 29, 168, 169, -1,
  31, 30, 169, 170, -1,
  32, 31, 170, 171, -1,
  33, 32, 171, 172, -1,
  34, 33, 172, 173, -1,
  35, 34, 173, 174, -1,
  36, 35, 174, 175, -1,
  37, 36, 175, 176, -1,
  38, 37, 176, 177, -1,
  39, 38, 177, 178, -1,
  40, 39, 178, 179, -1,
  41, 40, 179, 180, -1,
  42, 41, 180, 181, -1,
  43, 42, 181, 182, -1,
  44, 43, 182, 183, -1,
  45, 44, 183, 184, -1,
  46, 45, 184, 185, -1,
  47, 46, 185, 186, -1,
  48, 47, 186, 187, -1,
  49, 48, 187, 188, -1,
  50, 49, 188, 189, -1,
  51, 50, 189, 190, -1,
  52, 51, 190, 191, -1,
  53, 52, 191, 192, -1,
  54, 53, 192, 193, -1,
  55, 54, 193, 194, -1,
  56, 55, 194, 195, -1,
  57, 56, 195, 196, -1,
  58, 57, 196, 197, -1,
  59, 58, 197, 198, -1,
  60, 59, 198, 199, -1,
  61, 60, 199, 200, -1,
  62, 61, 200, 201, -1,
  63, 62, 201, 202, -1,
  64, 63, 202, 203, -1,
  65, 64, 203, 204, -1,
  66, 65, 204, 205, -1,
  67, 66, 205, 206, -1,
  68, 67, 206, 207, -1,
  69, 68, 207, 208, -1,
  70, 69, 208, 209, -1,
  71, 70, 209, 210, -1,
  72, 71, 210, 211, -1,
  73, 72, 211, 212, -1,
  74, 73, 212, 213, -1,
  75, 74, 213, 214, -1,
  76, 75, 214, 215, -1,
  77, 76, 215, 216, -1,
  78, 77, 216, 217, -1,
  79, 78, 217, 218, -1,
  80, 79, 218, 219, -1,
  81, 80, 219, 220, -1,
  82, 81, 220, 221, -1,
  83, 82, 221, 222, -1,
  84, 83, 222, 223, -1,
  85, 84, 223, 224, -1,
  86, 85, 224, 225, -1,
  87, 86, 225, 226, -1,
  88, 87, 226, 227, -1,
  89, 88, 227, 228, -1,
  90, 89, 228, 229, -1,
  91, 90, 229, 230, -1,
  92, 91, 230, 231, -1,
  93, 92, 231, 232, -1,
  94, 93, 232, 233, -1,
  95, 94, 233, 234, -1,
  96, 95, 234, 235, -1,
  97, 96, 235, 236, -1,
  98, 97, 236, 237, -1,
  99, 98, 237, 238, -1,
  100, 99, 238, 239, -1,
  101, 100, 239, 240, -1,
  102, 101, 240, 241, -1,
  103, 102, 241, 242, -1,
  104, 103, 242, 243, -1,
  105, 104, 243, 244, -1,
  106, 105, 244, 245, -1,
  107, 106, 245, 246, -1,
  108, 107, 246, 247, -1,
  109, 108, 247, 248, -1,
  110, 109, 248, 249, -1,
  111, 110, 249, 250, -1,
  112, 111, 250, 251, -1,
  113, 112, 251, 252, -1,
  114, 113, 252, 253, -1,
  115, 114, 253, 254, -1,
  116, 115, 254, 255, -1,
  117, 116, 255, 256, -1,
  118, 117, 256, 257, -1,
  119, 118, 257, 258, -1,
  120, 119, 258, 259, -1,
  121, 120, 259, 260, -1,
  122, 121, 260, 261, -1,
  123, 122, 261, 262, -1,
  124, 123, 262, 263, -1,
  125, 124, 263, 264, -1,
  126, 125, 264, 265, -1,
  127, 126, 265, 266, -1,
  128, 127, 266, 267, -1,
  129, 128, 267, 268, -1,
  130, 129, 268, 269, -1,
  131, 130, 269, 270, -1,
  132, 131, 270, 271, -1,
  133, 132, 271, 272, -1,
  134, 133, 272, 273, -1,
  135, 134, 273, 274, -1,
  136, 135, 274, 275, -1,
  137, 136, 275, 276, -1,
  0, 137, 276, 139, -1
 ]
convex TRUE
creaseAngle 0.3490
}
}
Shape {
appearance Appearance {
material DEF OUTMAT12 Material {
      diffuseColor 0.600 0.851 0.910
      ambientIntensity 0.295
      specularColor 0.000 0.000 0.000
      shininess 0.000
      transparency 0.000
}
}
geometry IndexedFaceSet {
coord Coordinate { point [
  -28.397 12.070 -14.606,
  -28.393 12.070 -14.597,
  -27.578 12.070 -14.606,
  -27.578 12.070 -16.386,
  -27.098 12.070 -16.386,
  -27.098 12.070 -14.606,
  -27.578 12.070 -14.606,
  -28.393 12.070 -14.597,
  -28.300 12.070 -14.386,
  -28.156 12.070 -14.179,
  -27.975 12.070 -14.003,
  -27.763 12.070 -13.865,
  -27.528 12.070 -13.770,
  -27.280 12.070 -13.723,
  -27.121 12.070 -13.695,
  -26.807 12.070 -13.586,
  -26.638 12.070 -13.559,
  -26.036 12.070 -13.514,
  -25.819 12.070 -13.522,
  -25.608 12.070 -13.576,
  -25.414 12.070 -13.675,
  -25.246 12.070 -13.813,
  -25.104 12.070 -13.959,
  -24.970 12.070 -14.126,
  -24.872 12.070 -14.315,
  -24.813 12.070 -14.520,
  -24.794 12.070 -14.733,
  -24.800 12.070 -15.220,
  -24.807 12.070 -15.328,
  -24.885 12.070 -15.710,
  -25.021 12.070 -16.075,
  -25.120 12.070 -16.245,
  -25.248 12.070 -16.394,
  -25.637 12.070 -16.774,
  -25.750 12.070 -16.906,
  -26.580 12.070 -18.059,
  -26.693 12.070 -18.192,
  -26.828 12.070 -18.302,
  -26.981 12.070 -18.387,
  -27.357 12.070 -18.557,
  -27.553 12.070 -18.672,
  -28.017 12.070 -19.012,
  -28.179 12.070 -19.109,
  -28.471 12.070 -19.213,
  -28.579 12.070 -19.270,
  -28.814 12.070 -19.452,
  -29.010 12.070 -19.677,
  -29.157 12.070 -19.936,
  -29.251 12.070 -20.219,
  -29.288 12.070 -20.514,
  -29.277 12.070 -20.635,
  -29.237 12.070 -20.749,
  -29.170 12.070 -20.850,
  -29.008 12.070 -20.996,
  -28.812 12.070 -21.093,
  -28.598 12.070 -21.133,
  -28.380 12.070 -21.113,
  -28.176 12.070 -21.036,
  -28.001 12.070 -20.906,
  -27.983 12.070 -20.888,
  -27.874 12.070 -20.817,
  -27.746 12.070 -20.798,
  -27.621 12.070 -20.836,
  -27.524 12.070 -20.922,
  -27.386 12.070 -21.077,
  -27.218 12.070 -21.201,
  -27.065 12.070 -21.320,
  -26.946 12.070 -21.474,
  -26.872 12.070 -21.654,
  -26.845 12.070 -21.846,
  -26.867 12.070 -21.924,
  -26.927 12.070 -21.977,
  -27.006 12.070 -21.989,
  -27.080 12.070 -21.957,
  -27.241 12.070 -21.814,
  -27.428 12.070 -21.706,
  -27.632 12.070 -21.638,
  -27.718 12.070 -21.644,
  -27.787 12.070 -21.697,
  -27.906 12.070 -21.867,
  -27.970 12.070 -21.933,
  -28.051 12.070 -21.976,
  -28.141 12.070 -21.990,
  -28.546 12.070 -21.990,
  -28.546 12.070 -22.890,
  -28.559 12.070 -22.940,
  -28.596 12.070 -22.977,
  -28.646 12.070 -22.990,
  -29.546 12.070 -22.991,
  -29.596 12.070 -22.977,
  -29.632 12.070 -22.941,
  -29.646 12.070 -22.891,
  -29.646 12.070 -21.990,
  -30.148 12.070 -21.990,
  -30.148 12.070 -22.499,
  -30.162 12.070 -22.894,
  -30.176 12.070 -22.943,
  -30.213 12.070 -22.978,
  -30.262 12.070 -22.991,
  -30.646 12.070 -22.990,
  -30.696 12.070 -22.977,
  -30.732 12.070 -22.940,
  -30.746 12.070 -22.890,
  -30.746 12.070 -22.482,
  -30.758 12.070 -22.482,
  -30.804 12.070 -22.471,
  -30.840 12.070 -22.439,
  -30.857 12.070 -22.395,
  -30.968 12.070 -21.533,
  -30.975 12.070 -21.400,
  -30.952 12.070 -21.269,
  -30.889 12.070 -20.975,
  -30.859 12.070 -20.534,
  -30.823 12.070 -20.397,
  -30.749 12.070 -20.136,
  -30.712 12.070 -19.869,
  -30.710 12.070 -19.598,
  -30.697 12.070 -19.363,
  -30.629 12.070 -19.137,
  -30.510 12.070 -18.933,
  -30.347 12.070 -18.763,
  -29.945 12.070 -18.391,
  -29.592 12.070 -17.972,
  -29.401 12.070 -17.757,
  -29.175 12.070 -17.579,
  -28.921 12.070 -17.443,
  -28.797 12.070 -17.367,
  -28.701 12.070 -17.259,
  -28.639 12.070 -17.128,
  -28.618 12.070 -16.985,
  -28.638 12.070 -16.841,
  -28.700 12.070 -16.568,
  -28.726 12.070 -16.288,
  -28.716 12.070 -16.008,
  -28.640 12.070 -15.243,
  -28.610 12.070 -15.099,
  -28.553 12.070 -14.963,
  -28.469 12.070 -14.794,
  -25.241 12.070 -16.386
 ] }
 coordIndex [ 8, 0, 2, -1, 9, 8, 2, -1, 10, 9, 2, -1, 11, 10, 2, -1,
     12, 11, 2, -1, 12, 2, 5, -1, 13, 12, 5, -1, 14, 13, 5, -1, 16, 15, 14, -1,
     16, 14, 5, -1, 21, 20, 19, -1, 23, 22, 21, -1, 24, 23, 21, -1, 21, 19, 18, -1,
     24, 21, 18, -1, 24, 18, 17, -1, 17, 16, 5, -1, 25, 24, 17, -1, 26, 25, 17, -1,
     26, 17, 5, -1, 28, 27, 26, -1, 28, 26, 5, -1, 29, 28, 5, -1, 30, 29, 5, -1,
     30, 5, 4, -1, 32, 31, 30, -1, 32, 30, 4, -1, 71, 70, 69, -1, 73, 72, 71, -1,
     73, 71, 69, -1, 73, 69, 68, -1, 74, 73, 68, -1, 74, 68, 67, -1, 75, 74, 67, -1,
     75, 67, 66, -1, 75, 66, 65, -1, 76, 75, 65, -1, 76, 65, 64, -1, 77, 76, 64, -1,
     77, 64, 63, -1, 61, 60, 59, -1, 63, 62, 61, -1, 61, 59, 58, -1, 63, 61, 58, -1,
     77, 63, 58, -1, 77, 58, 57, -1, 78, 77, 57, -1, 78, 57, 56, -1, 79, 78, 56, -1,
     82, 81, 80, -1, 82, 80, 79, -1, 82, 79, 56, -1, 83, 82, 56, -1, 83, 56, 55, -1,
     83, 55, 54, -1, 83, 54, 53, -1, 83, 53, 52, -1, 2, 0, 137, -1, 2, 137, 136, -1,
     3, 2, 136, -1, 136, 135, 134, -1, 3, 136, 134, -1, 3, 134, 133, -1, 3, 133, 132, -1,
     3, 132, 131, -1, 3, 131, 130, -1, 3, 130, 129, -1, 33, 32, 4, -1, 34, 33, 4, -1,
     34, 4, 3, -1, 35, 34, 3, -1, 37, 36, 35, -1, 38, 37, 35, -1, 38, 35, 3, -1,
     3, 129, 128, -1, 38, 3, 128, -1, 39, 38, 128, -1, 40, 39, 128, -1, 40, 128, 127, -1,
     40, 127, 126, -1, 41, 40, 126, -1, 41, 126, 125, -1, 42, 41, 125, -1, 43, 42, 125, -1,
     43, 125, 124, -1, 43, 124, 123, -1, 43, 123, 122, -1, 44, 43, 122, -1, 44, 122, 121, -1,
     45, 44, 121, -1, 46, 45, 121, -1, 46, 121, 120, -1, 47, 46, 120, -1, 47, 120, 119, -1,
     47, 119, 118, -1, 47, 118, 117, -1, 47, 117, 116, -1, 47, 116, 115, -1, 48, 47, 115, -1,
     48, 115, 114, -1, 49, 48, 114, -1, 50, 49, 114, -1, 50, 114, 113, -1, 51, 50, 113, -1,
     51, 113, 112, -1, 52, 51, 112, -1, 83, 52, 112, -1, 101, 100, 99, -1, 102, 101, 99, -1,
     102, 99, 98, -1, 103, 102, 98, -1, 98, 97, 96, -1, 98, 96, 95, -1, 103, 98, 95, -1,
     103, 95, 94, -1, 105, 103, 94, -1, 106, 105, 94, -1, 107, 106, 94, -1, 107, 94, 93, -1,
     108, 107, 93, -1, 110, 109, 108, -1, 110, 108, 93, -1, 111, 110, 93, -1, 112, 111, 93, -1,
     112, 93, 92, -1, 83, 112, 92, -1, 85, 84, 83, -1, 87, 86, 85, -1, 87, 85, 83, -1,
     87, 83, 92, -1, 87, 92, 91, -1, 90, 89, 88, -1, 91, 90, 88, -1, 87, 91, 88, -1
 ]
convex TRUE
creaseAngle 0.3490
}
}
]
}
]
}


DEF Design6t1 Transform {
children [
Transform {
children [
Shape {
appearance Appearance {
material DEF INMAT13 Material {
      diffuseColor 0.800 0.800 0.800
      ambientIntensity 0.299
      specularColor 0.000 0.000 0.000
      shininess 0.000
      transparency 0.000
}
}
geometry IndexedFaceSet {
coord Coordinate { point [
  -27.177 1.322 -4.359,
  -27.177 1.322 -2.089,
  -27.697 1.322 -2.090,
  -27.697 1.322 -2.979,
  -27.724 1.322 -3.079,
  -27.797 1.322 -3.152,
  -27.897 1.322 -3.179,
  -29.039 1.322 -3.178,
  -29.112 1.322 -3.160,
  -29.167 1.322 -3.108,
  -29.189 1.322 -3.036,
  -29.177 1.322 -2.798,
  -29.118 1.322 -2.567,
  -29.015 1.322 -2.352,
  -28.871 1.322 -2.162,
  -28.597 1.322 -1.838,
  -28.129 1.322 -1.355,
  -27.934 1.322 -1.185,
  -27.713 1.322 -1.052,
  -27.472 1.322 -0.958,
  -27.219 1.322 -0.907,
  -26.941 1.322 -0.893,
  -26.372 1.322 -0.884,
  -25.804 1.322 -0.847,
  -25.238 1.322 -0.784,
  -24.938 1.322 -0.754,
  -24.637 1.322 -0.744,
  -24.336 1.322 -0.754,
  -24.036 1.322 -0.784,
  -23.470 1.322 -0.847,
  -22.902 1.322 -0.884,
  -22.333 1.322 -0.893,
  -22.055 1.322 -0.907,
  -21.802 1.322 -0.958,
  -21.561 1.322 -1.052,
  -21.340 1.322 -1.185,
  -21.145 1.322 -1.355,
  -20.677 1.322 -1.838,
  -20.602 1.322 -1.926,
  -20.402 1.322 -2.162,
  -20.259 1.322 -2.352,
  -20.155 1.322 -2.567,
  -20.097 1.322 -2.798,
  -20.085 1.322 -3.036,
  -20.107 1.322 -3.108,
  -20.162 1.322 -3.160,
  -20.234 1.322 -3.178,
  -21.377 1.322 -3.179,
  -21.477 1.322 -3.152,
  -21.550 1.322 -3.079,
  -21.577 1.322 -2.979,
  -21.577 1.322 -2.090,
  -22.097 1.322 -2.089,
  -22.097 1.322 -4.359,
  -22.124 1.322 -4.460,
  -22.199 1.322 -4.533,
  -22.514 1.322 -4.681,
  -22.847 1.322 -4.784,
  -23.191 1.322 -4.840,
  -23.539 1.322 -4.847,
  -23.884 1.322 -4.806,
  -24.012 1.322 -4.780,
  -24.322 1.322 -4.726,
  -24.637 1.322 -4.706,
  -24.951 1.322 -4.726,
  -25.262 1.322 -4.780,
  -25.389 1.322 -4.806,
  -25.735 1.322 -4.847,
  -26.083 1.322 -4.840,
  -26.427 1.322 -4.784,
  -26.759 1.322 -4.681,
  -27.074 1.322 -4.533,
  -27.149 1.322 -4.460,
  -27.177 0.822 -4.359,
  -27.177 0.822 -2.089,
  -27.697 0.822 -2.090,
  -27.697 0.822 -2.979,
  -27.724 0.822 -3.079,
  -27.797 0.822 -3.152,
  -27.897 0.822 -3.179,
  -29.039 0.822 -3.178,
  -29.112 0.822 -3.160,
  -29.167 0.822 -3.108,
  -29.189 0.822 -3.036,
  -29.177 0.822 -2.798,
  -29.118 0.822 -2.567,
  -29.015 0.822 -2.352,
  -28.871 0.822 -2.162,
  -28.597 0.822 -1.838,
  -28.129 0.822 -1.355,
  -27.934 0.822 -1.185,
  -27.713 0.822 -1.052,
  -27.472 0.822 -0.958,
  -27.219 0.822 -0.907,
  -26.941 0.822 -0.893,
  -26.372 0.822 -0.884,
  -25.804 0.822 -0.847,
  -25.238 0.822 -0.784,
  -24.938 0.822 -0.754,
  -24.637 0.822 -0.744,
  -24.336 0.822 -0.754,
  -24.036 0.822 -0.784,
  -23.470 0.822 -0.847,
  -22.902 0.822 -0.884,
  -22.333 0.822 -0.893,
  -22.055 0.822 -0.907,
  -21.802 0.822 -0.958,
  -21.561 0.822 -1.052,
  -21.340 0.822 -1.185,
  -21.145 0.822 -1.355,
  -20.677 0.822 -1.838,
  -20.602 0.822 -1.926,
  -20.402 0.822 -2.162,
  -20.259 0.822 -2.352,
  -20.155 0.822 -2.567,
  -20.097 0.822 -2.798,
  -20.085 0.822 -3.036,
  -20.107 0.822 -3.108,
  -20.162 0.822 -3.160,
  -20.234 0.822 -3.178,
  -21.377 0.822 -3.179,
  -21.477 0.822 -3.152,
  -21.550 0.822 -3.079,
  -21.577 0.822 -2.979,
  -21.577 0.822 -2.090,
  -22.097 0.822 -2.089,
  -22.097 0.822 -4.359,
  -22.124 0.822 -4.460,
  -22.199 0.822 -4.533,
  -22.514 0.822 -4.681,
  -22.847 0.822 -4.784,
  -23.191 0.822 -4.840,
  -23.539 0.822 -4.847,
  -23.884 0.822 -4.806,
  -24.012 0.822 -4.780,
  -24.322 0.822 -4.726,
  -24.637 0.822 -4.706,
  -24.951 0.822 -4.726,
  -25.262 0.822 -4.780,
  -25.389 0.822 -4.806,
  -25.735 0.822 -4.847,
  -26.083 0.822 -4.840,
  -26.427 0.822 -4.784,
  -26.759 0.822 -4.681,
  -27.074 0.822 -4.533,
  -27.149 0.822 -4.460
 ] }
coordIndex [ 71, 72, 0, -1, 70, 71, 0, -1, 68, 69, 70, -1, 68, 70, 0, -1,
     68, 0, 1, -1, 8, 9, 10, -1, 7, 8, 10, -1, 7, 10, 11, -1, 7, 11, 12, -1,
     4, 5, 6, -1, 4, 6, 7, -1, 4, 7, 12, -1, 4, 12, 13, -1, 4, 13, 14, -1,
     2, 3, 4, -1, 2, 4, 14, -1, 2, 14, 15, -1, 2, 15, 16, -1, 2, 16, 17, -1,
     1, 2, 17, -1, 1, 17, 18, -1, 1, 18, 19, -1, 1, 19, 20, -1, 1, 20, 21, -1,
     1, 21, 22, -1, 66, 67, 68, -1, 65, 66, 68, -1, 64, 65, 68, -1, 64, 68, 1, -1,
     63, 64, 1, -1, 1, 22, 23, -1, 63, 1, 23, -1, 63, 23, 24, -1, 63, 24, 25, -1,
     63, 25, 26, -1, 53, 54, 55, -1, 53, 55, 56, -1, 56, 57, 58, -1, 53, 56, 58, -1,
     52, 53, 58, -1, 43, 44, 45, -1, 43, 45, 46, -1, 42, 43, 46, -1, 41, 42, 46, -1,
     46, 47, 48, -1, 46, 48, 49, -1, 41, 46, 49, -1, 40, 41, 49, -1, 39, 40, 49, -1,
     49, 50, 51, -1, 39, 49, 51, -1, 38, 39, 51, -1, 37, 38, 51, -1, 36, 37, 51, -1,
     35, 36, 51, -1, 35, 51, 52, -1, 34, 35, 52, -1, 33, 34, 52, -1, 32, 33, 52, -1,
     31, 32, 52, -1, 30, 31, 52, -1, 63, 26, 27, -1, 63, 27, 28, -1, 63, 28, 29, -1,
     29, 30, 52, -1, 63, 29, 52, -1, 62, 63, 52, -1, 62, 52, 58, -1, 61, 62, 58, -1,
     60, 61, 58, -1, 59, 60, 58, -1
  1, 0, 73, 74, -1,
  2, 1, 74, 75, -1,
  3, 2, 75, 76, -1,
  4, 3, 76, 77, -1,
  5, 4, 77, 78, -1,
  6, 5, 78, 79, -1,
  7, 6, 79, 80, -1,
  8, 7, 80, 81, -1,
  9, 8, 81, 82, -1,
  10, 9, 82, 83, -1,
  11, 10, 83, 84, -1,
  12, 11, 84, 85, -1,
  13, 12, 85, 86, -1,
  14, 13, 86, 87, -1,
  15, 14, 87, 88, -1,
  16, 15, 88, 89, -1,
  17, 16, 89, 90, -1,
  18, 17, 90, 91, -1,
  19, 18, 91, 92, -1,
  20, 19, 92, 93, -1,
  21, 20, 93, 94, -1,
  22, 21, 94, 95, -1,
  23, 22, 95, 96, -1,
  24, 23, 96, 97, -1,
  25, 24, 97, 98, -1,
  26, 25, 98, 99, -1,
  27, 26, 99, 100, -1,
  28, 27, 100, 101, -1,
  29, 28, 101, 102, -1,
  30, 29, 102, 103, -1,
  31, 30, 103, 104, -1,
  32, 31, 104, 105, -1,
  33, 32, 105, 106, -1,
  34, 33, 106, 107, -1,
  35, 34, 107, 108, -1,
  36, 35, 108, 109, -1,
  37, 36, 109, 110, -1,
  38, 37, 110, 111, -1,
  39, 38, 111, 112, -1,
  40, 39, 112, 113, -1,
  41, 40, 113, 114, -1,
  42, 41, 114, 115, -1,
  43, 42, 115, 116, -1,
  44, 43, 116, 117, -1,
  45, 44, 117, 118, -1,
  46, 45, 118, 119, -1,
  47, 46, 119, 120, -1,
  48, 47, 120, 121, -1,
  49, 48, 121, 122, -1,
  50, 49, 122, 123, -1,
  51, 50, 123, 124, -1,
  52, 51, 124, 125, -1,
  53, 52, 125, 126, -1,
  54, 53, 126, 127, -1,
  55, 54, 127, 128, -1,
  56, 55, 128, 129, -1,
  57, 56, 129, 130, -1,
  58, 57, 130, 131, -1,
  59, 58, 131, 132, -1,
  60, 59, 132, 133, -1,
  61, 60, 133, 134, -1,
  62, 61, 134, 135, -1,
  63, 62, 135, 136, -1,
  64, 63, 136, 137, -1,
  65, 64, 137, 138, -1,
  66, 65, 138, 139, -1,
  67, 66, 139, 140, -1,
  68, 67, 140, 141, -1,
  69, 68, 141, 142, -1,
  70, 69, 142, 143, -1,
  71, 70, 143, 144, -1,
  72, 71, 144, 145, -1,
  0, 72, 145, 73, -1
 ]
convex TRUE
creaseAngle 0.3490
}
}
Shape {
appearance Appearance {
material DEF OUTMAT13 Material {
      diffuseColor 0.600 0.851 0.910
      ambientIntensity 0.295
      specularColor 0.000 0.000 0.000
      shininess 0.000
      transparency 0.000
}
}
geometry IndexedFaceSet {
coord Coordinate { point [
  -27.177 0.822 -4.359,
  -27.177 0.822 -2.089,
  -27.697 0.822 -2.090,
  -27.697 0.822 -2.979,
  -27.724 0.822 -3.079,
  -27.797 0.822 -3.152,
  -27.897 0.822 -3.179,
  -29.039 0.822 -3.178,
  -29.112 0.822 -3.160,
  -29.167 0.822 -3.108,
  -29.189 0.822 -3.036,
  -29.177 0.822 -2.798,
  -29.118 0.822 -2.567,
  -29.015 0.822 -2.352,
  -28.871 0.822 -2.162,
  -28.597 0.822 -1.838,
  -28.129 0.822 -1.355,
  -27.934 0.822 -1.185,
  -27.713 0.822 -1.052,
  -27.472 0.822 -0.958,
  -27.219 0.822 -0.907,
  -26.941 0.822 -0.893,
  -26.372 0.822 -0.884,
  -25.804 0.822 -0.847,
  -25.238 0.822 -0.784,
  -24.938 0.822 -0.754,
  -24.637 0.822 -0.744,
  -24.336 0.822 -0.754,
  -24.036 0.822 -0.784,
  -23.470 0.822 -0.847,
  -22.902 0.822 -0.884,
  -22.333 0.822 -0.893,
  -22.055 0.822 -0.907,
  -21.802 0.822 -0.958,
  -21.561 0.822 -1.052,
  -21.340 0.822 -1.185,
  -21.145 0.822 -1.355,
  -20.677 0.822 -1.838,
  -20.602 0.822 -1.926,
  -20.402 0.822 -2.162,
  -20.259 0.822 -2.352,
  -20.155 0.822 -2.567,
  -20.097 0.822 -2.798,
  -20.085 0.822 -3.036,
  -20.107 0.822 -3.108,
  -20.162 0.822 -3.160,
  -20.234 0.822 -3.178,
  -21.377 0.822 -3.179,
  -21.477 0.822 -3.152,
  -21.550 0.822 -3.079,
  -21.577 0.822 -2.979,
  -21.577 0.822 -2.090,
  -22.097 0.822 -2.089,
  -22.097 0.822 -4.359,
  -22.124 0.822 -4.460,
  -22.199 0.822 -4.533,
  -22.514 0.822 -4.681,
  -22.847 0.822 -4.784,
  -23.191 0.822 -4.840,
  -23.539 0.822 -4.847,
  -23.884 0.822 -4.806,
  -24.012 0.822 -4.780,
  -24.322 0.822 -4.726,
  -24.637 0.822 -4.706,
  -24.951 0.822 -4.726,
  -25.262 0.822 -4.780,
  -25.389 0.822 -4.806,
  -25.735 0.822 -4.847,
  -26.083 0.822 -4.840,
  -26.427 0.822 -4.784,
  -26.759 0.822 -4.681,
  -27.074 0.822 -4.533,
  -27.149 0.822 -4.460
 ] }
 coordIndex [ 0, 72, 71, -1, 0, 71, 70, -1, 70, 69, 68, -1, 0, 70, 68, -1,
     1, 0, 68, -1, 10, 9, 8, -1, 10, 8, 7, -1, 11, 10, 7, -1, 12, 11, 7, -1,
     6, 5, 4, -1, 7, 6, 4, -1, 12, 7, 4, -1, 13, 12, 4, -1, 14, 13, 4, -1,
     4, 3, 2, -1, 14, 4, 2, -1, 15, 14, 2, -1, 16, 15, 2, -1, 17, 16, 2, -1,
     17, 2, 1, -1, 18, 17, 1, -1, 19, 18, 1, -1, 20, 19, 1, -1, 21, 20, 1, -1,
     22, 21, 1, -1, 68, 67, 66, -1, 68, 66, 65, -1, 68, 65, 64, -1, 1, 68, 64, -1,
     1, 64, 63, -1, 23, 22, 1, -1, 23, 1, 63, -1, 24, 23, 63, -1, 25, 24, 63, -1,
     26, 25, 63, -1, 55, 54, 53, -1, 56, 55, 53, -1, 58, 57, 56, -1, 58, 56, 53, -1,
     58, 53, 52, -1, 45, 44, 43, -1, 46, 45, 43, -1, 46, 43, 42, -1, 46, 42, 41, -1,
     48, 47, 46, -1, 49, 48, 46, -1, 49, 46, 41, -1, 49, 41, 40, -1, 49, 40, 39, -1,
     51, 50, 49, -1, 51, 49, 39, -1, 51, 39, 38, -1, 51, 38, 37, -1, 51, 37, 36, -1,
     51, 36, 35, -1, 52, 51, 35, -1, 52, 35, 34, -1, 52, 34, 33, -1, 52, 33, 32, -1,
     52, 32, 31, -1, 52, 31, 30, -1, 27, 26, 63, -1, 28, 27, 63, -1, 29, 28, 63, -1,
     52, 30, 29, -1, 52, 29, 63, -1, 52, 63, 62, -1, 58, 52, 62, -1, 58, 62, 61, -1,
     58, 61, 60, -1, 58, 60, 59, -1
 ]
convex TRUE
creaseAngle 0.3490
}
}
]
}
]
}


DEF Design12t1 Transform {
children [
Transform {
children [
Shape {
appearance Appearance {
material DEF INMAT14 Material {
      diffuseColor 0.800 0.800 0.800
      ambientIntensity 0.299
      specularColor 0.000 0.000 0.000
      shininess 0.000
      transparency 0.000
}
}
geometry IndexedFaceSet {
coord Coordinate { point [
  -36.795 0.216 -13.580,
  -36.795 0.216 -15.106,
  -36.813 0.227 -15.181,
  -36.860 0.254 -15.236,
  -36.925 0.291 -15.256,
  -37.739 0.761 -15.266,
  -37.739 0.761 -15.746,
  -36.926 0.292 -15.756,
  -36.861 0.254 -15.776,
  -36.813 0.227 -15.831,
  -36.796 0.217 -15.906,
  -36.796 0.217 -16.251,
  -36.819 0.230 -16.363,
  -36.884 0.268 -16.452,
  -36.977 0.321 -16.497,
  -37.435 0.586 -16.557,
  -37.896 0.852 -16.565,
  -38.356 1.117 -16.518,
  -38.809 1.379 -16.419,
  -39.251 1.634 -16.268,
  -39.677 1.880 -16.066,
  -40.084 2.115 -15.816,
  -40.467 2.337 -15.520,
  -40.746 2.498 -15.324,
  -41.052 2.674 -15.193,
  -41.118 2.712 -15.153,
  -41.164 2.739 -15.084,
  -41.180 2.748 -14.999,
  -41.180 2.748 -14.681,
  -41.163 2.738 -14.606,
  -41.115 2.711 -14.551,
  -41.050 2.673 -14.531,
  -40.378 2.285 -14.521,
  -40.378 2.285 -14.041,
  -41.050 2.673 -14.031,
  -41.115 2.711 -14.011,
  -41.163 2.738 -13.956,
  -41.180 2.748 -13.881,
  -41.180 2.748 -13.590,
  -41.159 2.736 -13.482,
  -41.099 2.701 -13.395,
  -41.013 2.651 -13.346,
  -40.658 2.447 -13.276,
  -40.299 2.239 -13.252,
  -39.940 2.032 -13.276,
  -39.585 1.827 -13.347,
  -39.240 1.628 -13.465,
  -38.966 1.470 -13.550,
  -38.684 1.307 -13.582,
  -38.401 1.144 -13.560,
  -37.994 0.908 -13.449,
  -37.859 0.831 -13.437,
  -36.919 0.288 -13.437,
  -36.857 0.252 -13.456,
  -36.812 0.226 -13.509,
  -37.045 -0.217 -13.580,
  -37.045 -0.217 -15.106,
  -37.063 -0.207 -15.181,
  -37.110 -0.179 -15.236,
  -37.175 -0.142 -15.256,
  -37.989 0.328 -15.266,
  -37.989 0.328 -15.746,
  -37.176 -0.141 -15.756,
  -37.111 -0.179 -15.776,
  -37.063 -0.206 -15.831,
  -37.046 -0.216 -15.906,
  -37.046 -0.216 -16.251,
  -37.069 -0.203 -16.363,
  -37.134 -0.165 -16.452,
  -37.227 -0.112 -16.497,
  -37.685 0.153 -16.557,
  -38.146 0.419 -16.565,
  -38.606 0.684 -16.518,
  -39.059 0.946 -16.419,
  -39.501 1.201 -16.268,
  -39.927 1.447 -16.066,
  -40.334 1.682 -15.816,
  -40.717 1.904 -15.520,
  -40.996 2.065 -15.324,
  -41.302 2.241 -15.193,
  -41.368 2.279 -15.153,
  -41.414 2.306 -15.084,
  -41.430 2.315 -14.999,
  -41.430 2.315 -14.681,
  -41.413 2.305 -14.606,
  -41.365 2.278 -14.551,
  -41.300 2.240 -14.531,
  -40.628 1.852 -14.521,
  -40.628 1.852 -14.041,
  -41.300 2.240 -14.031,
  -41.365 2.278 -14.011,
  -41.413 2.305 -13.956,
  -41.430 2.315 -13.881,
  -41.430 2.315 -13.590,
  -41.409 2.303 -13.482,
  -41.349 2.268 -13.395,
  -41.263 2.218 -13.346,
  -40.908 2.014 -13.276,
  -40.549 1.806 -13.252,
  -40.190 1.599 -13.276,
  -39.835 1.394 -13.347,
  -39.490 1.195 -13.465,
  -39.216 1.037 -13.550,
  -38.934 0.874 -13.582,
  -38.651 0.711 -13.560,
  -38.244 0.475 -13.449,
  -38.109 0.398 -13.437,
  -37.169 -0.145 -13.437,
  -37.107 -0.181 -13.456,
  -37.062 -0.207 -13.509
 ] }
coordIndex [ 29, 30, 31, -1, 28, 29, 31, -1, 28, 31, 32, -1, 27, 28, 32, -1,
     24, 25, 26, -1, 24, 26, 27, -1, 24, 27, 32, -1, 23, 24, 32, -1, 22, 23, 32, -1,
     20, 21, 22, -1, 20, 22, 32, -1, 35, 36, 37, -1, 34, 35, 37, -1, 34, 37, 38, -1,
     33, 34, 38, -1, 39, 40, 41, -1, 38, 39, 41, -1, 33, 38, 41, -1, 33, 41, 42, -1,
     33, 42, 43, -1, 33, 43, 44, -1, 44, 45, 46, -1, 44, 46, 47, -1, 32, 33, 44, -1,
     32, 44, 47, -1, 32, 47, 48, -1, 20, 32, 48, -1, 19, 20, 48, -1, 2, 3, 4, -1,
     1, 2, 4, -1, 1, 4, 5, -1, 52, 53, 54, -1, 52, 54, 0, -1, 52, 0, 1, -1,
     52, 1, 5, -1, 51, 52, 5, -1, 50, 51, 5, -1, 49, 50, 5, -1, 48, 49, 5, -1,
     19, 48, 5, -1, 17, 18, 19, -1, 17, 19, 5, -1, 17, 5, 6, -1, 8, 9, 10, -1,
     8, 10, 11, -1, 7, 8, 11, -1, 11, 12, 13, -1, 11, 13, 14, -1, 7, 11, 14, -1,
     6, 7, 14, -1, 6, 14, 15, -1, 16, 17, 6, -1, 16, 6, 15, -1
  1, 0, 55, 56, -1,
  2, 1, 56, 57, -1,
  3, 2, 57, 58, -1,
  4, 3, 58, 59, -1,
  5, 4, 59, 60, -1,
  6, 5, 60, 61, -1,
  7, 6, 61, 62, -1,
  8, 7, 62, 63, -1,
  9, 8, 63, 64, -1,
  10, 9, 64, 65, -1,
  11, 10, 65, 66, -1,
  12, 11, 66, 67, -1,
  13, 12, 67, 68, -1,
  14, 13, 68, 69, -1,
  15, 14, 69, 70, -1,
  16, 15, 70, 71, -1,
  17, 16, 71, 72, -1,
  18, 17, 72, 73, -1,
  19, 18, 73, 74, -1,
  20, 19, 74, 75, -1,
  21, 20, 75, 76, -1,
  22, 21, 76, 77, -1,
  23, 22, 77, 78, -1,
  24, 23, 78, 79, -1,
  25, 24, 79, 80, -1,
  26, 25, 80, 81, -1,
  27, 26, 81, 82, -1,
  28, 27, 82, 83, -1,
  29, 28, 83, 84, -1,
  30, 29, 84, 85, -1,
  31, 30, 85, 86, -1,
  32, 31, 86, 87, -1,
  33, 32, 87, 88, -1,
  34, 33, 88, 89, -1,
  35, 34, 89, 90, -1,
  36, 35, 90, 91, -1,
  37, 36, 91, 92, -1,
  38, 37, 92, 93, -1,
  39, 38, 93, 94, -1,
  40, 39, 94, 95, -1,
  41, 40, 95, 96, -1,
  42, 41, 96, 97, -1,
  43, 42, 97, 98, -1,
  44, 43, 98, 99, -1,
  45, 44, 99, 100, -1,
  46, 45, 100, 101, -1,
  47, 46, 101, 102, -1,
  48, 47, 102, 103, -1,
  49, 48, 103, 104, -1,
  50, 49, 104, 105, -1,
  51, 50, 105, 106, -1,
  52, 51, 106, 107, -1,
  53, 52, 107, 108, -1,
  54, 53, 108, 109, -1,
  0, 54, 109, 55, -1
 ]
convex TRUE
creaseAngle 0.3490
}
}
Shape {
appearance Appearance {
material DEF OUTMAT14 Material {
      diffuseColor 0.600 0.851 0.910
      ambientIntensity 0.295
      specularColor 0.000 0.000 0.000
      shininess 0.000
      transparency 0.000
}
}
geometry IndexedFaceSet {
coord Coordinate { point [
  -37.045 -0.217 -13.580,
  -37.045 -0.217 -15.106,
  -37.063 -0.207 -15.181,
  -37.110 -0.179 -15.236,
  -37.175 -0.142 -15.256,
  -37.989 0.328 -15.266,
  -37.989 0.328 -15.746,
  -37.176 -0.141 -15.756,
  -37.111 -0.179 -15.776,
  -37.063 -0.206 -15.831,
  -37.046 -0.216 -15.906,
  -37.046 -0.216 -16.251,
  -37.069 -0.203 -16.363,
  -37.134 -0.165 -16.452,
  -37.227 -0.112 -16.497,
  -37.685 0.153 -16.557,
  -38.146 0.419 -16.565,
  -38.606 0.684 -16.518,
  -39.059 0.946 -16.419,
  -39.501 1.201 -16.268,
  -39.927 1.447 -16.066,
  -40.334 1.682 -15.816,
  -40.717 1.904 -15.520,
  -40.996 2.065 -15.324,
  -41.302 2.241 -15.193,
  -41.368 2.279 -15.153,
  -41.414 2.306 -15.084,
  -41.430 2.315 -14.999,
  -41.430 2.315 -14.681,
  -41.413 2.305 -14.606,
  -41.365 2.278 -14.551,
  -41.300 2.240 -14.531,
  -40.628 1.852 -14.521,
  -40.628 1.852 -14.041,
  -41.300 2.240 -14.031,
  -41.365 2.278 -14.011,
  -41.413 2.305 -13.956,
  -41.430 2.315 -13.881,
  -41.430 2.315 -13.590,
  -41.409 2.303 -13.482,
  -41.349 2.268 -13.395,
  -41.263 2.218 -13.346,
  -40.908 2.014 -13.276,
  -40.549 1.806 -13.252,
  -40.190 1.599 -13.276,
  -39.835 1.394 -13.347,
  -39.490 1.195 -13.465,
  -39.216 1.037 -13.550,
  -38.934 0.874 -13.582,
  -38.651 0.711 -13.560,
  -38.244 0.475 -13.449,
  -38.109 0.398 -13.437,
  -37.169 -0.145 -13.437,
  -37.107 -0.181 -13.456,
  -37.062 -0.207 -13.509
 ] }
 coordIndex [ 31, 30, 29, -1, 31, 29, 28, -1, 32, 31, 28, -1, 32, 28, 27, -1,
     26, 25, 24, -1, 27, 26, 24, -1, 32, 27, 24, -1, 32, 24, 23, -1, 32, 23, 22, -1,
     22, 21, 20, -1, 32, 22, 20, -1, 37, 36, 35, -1, 37, 35, 34, -1, 38, 37, 34, -1,
     38, 34, 33, -1, 41, 40, 39, -1, 41, 39, 38, -1, 41, 38, 33, -1, 42, 41, 33, -1,
     43, 42, 33, -1, 44, 43, 33, -1, 46, 45, 44, -1, 47, 46, 44, -1, 44, 33, 32, -1,
     47, 44, 32, -1, 48, 47, 32, -1, 48, 32, 20, -1, 48, 20, 19, -1, 4, 3, 2, -1,
     4, 2, 1, -1, 5, 4, 1, -1, 54, 53, 52, -1, 0, 54, 52, -1, 1, 0, 52, -1,
     5, 1, 52, -1, 5, 52, 51, -1, 5, 51, 50, -1, 5, 50, 49, -1, 5, 49, 48, -1,
     5, 48, 19, -1, 19, 18, 17, -1, 5, 19, 17, -1, 6, 5, 17, -1, 10, 9, 8, -1,
     11, 10, 8, -1, 11, 8, 7, -1, 13, 12, 11, -1, 14, 13, 11, -1, 14, 11, 7, -1,
     14, 7, 6, -1, 15, 14, 6, -1, 6, 17, 16, -1, 15, 6, 16, -1
 ]
convex TRUE
creaseAngle 0.3490
}
}
]
}
]
}


DEF Design7t1 Transform {
children [
Transform {
children [
Shape {
appearance Appearance {
material DEF INMAT15 Material {
      diffuseColor 0.800 0.800 0.800
      ambientIntensity 0.299
      specularColor 0.000 0.000 0.000
      shininess 0.000
      transparency 0.000
}
}
geometry IndexedFaceSet {
coord Coordinate { point [
  -27.197 -0.800 -4.379,
  -27.197 -0.800 -2.109,
  -27.717 -0.800 -2.110,
  -27.717 -0.800 -3.000,
  -27.744 -0.800 -3.100,
  -27.817 -0.800 -3.173,
  -27.917 -0.800 -3.200,
  -29.059 -0.800 -3.199,
  -29.132 -0.800 -3.180,
  -29.187 -0.800 -3.128,
  -29.209 -0.800 -3.056,
  -29.197 -0.800 -2.818,
  -29.138 -0.800 -2.587,
  -29.035 -0.800 -2.373,
  -28.891 -0.800 -2.183,
  -28.617 -0.800 -1.859,
  -28.149 -0.800 -1.375,
  -27.954 -0.800 -1.206,
  -27.733 -0.800 -1.072,
  -27.492 -0.800 -0.979,
  -27.239 -0.800 -0.928,
  -26.961 -0.800 -0.913,
  -26.392 -0.800 -0.904,
  -25.824 -0.800 -0.868,
  -25.258 -0.800 -0.805,
  -24.958 -0.800 -0.774,
  -24.657 -0.800 -0.764,
  -24.356 -0.800 -0.774,
  -24.056 -0.800 -0.805,
  -23.490 -0.800 -0.868,
  -22.922 -0.800 -0.904,
  -22.353 -0.800 -0.913,
  -22.075 -0.800 -0.928,
  -21.822 -0.800 -0.979,
  -21.581 -0.800 -1.072,
  -21.360 -0.800 -1.206,
  -21.165 -0.800 -1.375,
  -20.697 -0.800 -1.859,
  -20.622 -0.800 -1.946,
  -20.422 -0.800 -2.183,
  -20.279 -0.800 -2.373,
  -20.175 -0.800 -2.587,
  -20.117 -0.800 -2.818,
  -20.105 -0.800 -3.056,
  -20.127 -0.800 -3.128,
  -20.182 -0.800 -3.180,
  -20.254 -0.800 -3.199,
  -21.397 -0.800 -3.200,
  -21.497 -0.800 -3.173,
  -21.570 -0.800 -3.100,
  -21.597 -0.800 -3.000,
  -21.597 -0.800 -2.110,
  -22.117 -0.800 -2.109,
  -22.117 -0.800 -4.379,
  -22.144 -0.800 -4.480,
  -22.219 -0.800 -4.554,
  -22.534 -0.800 -4.702,
  -22.867 -0.800 -4.805,
  -23.211 -0.800 -4.861,
  -23.559 -0.800 -4.868,
  -23.904 -0.800 -4.827,
  -24.032 -0.800 -4.800,
  -24.342 -0.800 -4.747,
  -24.657 -0.800 -4.726,
  -24.971 -0.800 -4.747,
  -25.282 -0.800 -4.800,
  -25.409 -0.800 -4.827,
  -25.755 -0.800 -4.868,
  -26.103 -0.800 -4.861,
  -26.447 -0.800 -4.805,
  -26.779 -0.800 -4.702,
  -27.094 -0.800 -4.554,
  -27.169 -0.800 -4.480,
  -27.197 -1.300 -4.379,
  -27.197 -1.300 -2.109,
  -27.717 -1.300 -2.110,
  -27.717 -1.300 -3.000,
  -27.744 -1.300 -3.100,
  -27.817 -1.300 -3.173,
  -27.917 -1.300 -3.200,
  -29.059 -1.300 -3.199,
  -29.132 -1.300 -3.180,
  -29.187 -1.300 -3.128,
  -29.209 -1.300 -3.056,
  -29.197 -1.300 -2.818,
  -29.138 -1.300 -2.587,
  -29.035 -1.300 -2.373,
  -28.891 -1.300 -2.183,
  -28.617 -1.300 -1.859,
  -28.149 -1.300 -1.375,
  -27.954 -1.300 -1.206,
  -27.733 -1.300 -1.072,
  -27.492 -1.300 -0.979,
  -27.239 -1.300 -0.928,
  -26.961 -1.300 -0.913,
  -26.392 -1.300 -0.904,
  -25.824 -1.300 -0.868,
  -25.258 -1.300 -0.805,
  -24.958 -1.300 -0.774,
  -24.657 -1.300 -0.764,
  -24.356 -1.300 -0.774,
  -24.056 -1.300 -0.805,
  -23.490 -1.300 -0.868,
  -22.922 -1.300 -0.904,
  -22.353 -1.300 -0.913,
  -22.075 -1.300 -0.928,
  -21.822 -1.300 -0.979,
  -21.581 -1.300 -1.072,
  -21.360 -1.300 -1.206,
  -21.165 -1.300 -1.375,
  -20.697 -1.300 -1.859,
  -20.622 -1.300 -1.946,
  -20.422 -1.300 -2.183,
  -20.279 -1.300 -2.373,
  -20.175 -1.300 -2.587,
  -20.117 -1.300 -2.818,
  -20.105 -1.300 -3.056,
  -20.127 -1.300 -3.128,
  -20.182 -1.300 -3.180,
  -20.254 -1.300 -3.199,
  -21.397 -1.300 -3.200,
  -21.497 -1.300 -3.173,
  -21.570 -1.300 -3.100,
  -21.597 -1.300 -3.000,
  -21.597 -1.300 -2.110,
  -22.117 -1.300 -2.109,
  -22.117 -1.300 -4.379,
  -22.144 -1.300 -4.480,
  -22.219 -1.300 -4.554,
  -22.534 -1.300 -4.702,
  -22.867 -1.300 -4.805,
  -23.211 -1.300 -4.861,
  -23.559 -1.300 -4.868,
  -23.904 -1.300 -4.827,
  -24.032 -1.300 -4.800,
  -24.342 -1.300 -4.747,
  -24.657 -1.300 -4.726,
  -24.971 -1.300 -4.747,
  -25.282 -1.300 -4.800,
  -25.409 -1.300 -4.827,
  -25.755 -1.300 -4.868,
  -26.103 -1.300 -4.861,
  -26.447 -1.300 -4.805,
  -26.779 -1.300 -4.702,
  -27.094 -1.300 -4.554,
  -27.169 -1.300 -4.480
 ] }
coordIndex [ 71, 72, 0, -1, 70, 71, 0, -1, 68, 69, 70, -1, 68, 70, 0, -1,
     68, 0, 1, -1, 8, 9, 10, -1, 7, 8, 10, -1, 7, 10, 11, -1, 7, 11, 12, -1,
     4, 5, 6, -1, 4, 6, 7, -1, 4, 7, 12, -1, 4, 12, 13, -1, 4, 13, 14, -1,
     2, 3, 4, -1, 2, 4, 14, -1, 2, 14, 15, -1, 2, 15, 16, -1, 2, 16, 17, -1,
     1, 2, 17, -1, 1, 17, 18, -1, 1, 18, 19, -1, 1, 19, 20, -1, 1, 20, 21, -1,
     1, 21, 22, -1, 66, 67, 68, -1, 65, 66, 68, -1, 64, 65, 68, -1, 64, 68, 1, -1,
     63, 64, 1, -1, 1, 22, 23, -1, 63, 1, 23, -1, 63, 23, 24, -1, 63, 24, 25, -1,
     63, 25, 26, -1, 53, 54, 55, -1, 53, 55, 56, -1, 56, 57, 58, -1, 53, 56, 58, -1,
     52, 53, 58, -1, 43, 44, 45, -1, 43, 45, 46, -1, 42, 43, 46, -1, 41, 42, 46, -1,
     46, 47, 48, -1, 46, 48, 49, -1, 41, 46, 49, -1, 40, 41, 49, -1, 39, 40, 49, -1,
     49, 50, 51, -1, 39, 49, 51, -1, 38, 39, 51, -1, 37, 38, 51, -1, 36, 37, 51, -1,
     35, 36, 51, -1, 35, 51, 52, -1, 34, 35, 52, -1, 33, 34, 52, -1, 32, 33, 52, -1,
     31, 32, 52, -1, 30, 31, 52, -1, 63, 26, 27, -1, 63, 27, 28, -1, 63, 28, 29, -1,
     29, 30, 52, -1, 63, 29, 52, -1, 62, 63, 52, -1, 62, 52, 58, -1, 61, 62, 58, -1,
     60, 61, 58, -1, 59, 60, 58, -1
  1, 0, 73, 74, -1,
  2, 1, 74, 75, -1,
  3, 2, 75, 76, -1,
  4, 3, 76, 77, -1,
  5, 4, 77, 78, -1,
  6, 5, 78, 79, -1,
  7, 6, 79, 80, -1,
  8, 7, 80, 81, -1,
  9, 8, 81, 82, -1,
  10, 9, 82, 83, -1,
  11, 10, 83, 84, -1,
  12, 11, 84, 85, -1,
  13, 12, 85, 86, -1,
  14, 13, 86, 87, -1,
  15, 14, 87, 88, -1,
  16, 15, 88, 89, -1,
  17, 16, 89, 90, -1,
  18, 17, 90, 91, -1,
  19, 18, 91, 92, -1,
  20, 19, 92, 93, -1,
  21, 20, 93, 94, -1,
  22, 21, 94, 95, -1,
  23, 22, 95, 96, -1,
  24, 23, 96, 97, -1,
  25, 24, 97, 98, -1,
  26, 25, 98, 99, -1,
  27, 26, 99, 100, -1,
  28, 27, 100, 101, -1,
  29, 28, 101, 102, -1,
  30, 29, 102, 103, -1,
  31, 30, 103, 104, -1,
  32, 31, 104, 105, -1,
  33, 32, 105, 106, -1,
  34, 33, 106, 107, -1,
  35, 34, 107, 108, -1,
  36, 35, 108, 109, -1,
  37, 36, 109, 110, -1,
  38, 37, 110, 111, -1,
  39, 38, 111, 112, -1,
  40, 39, 112, 113, -1,
  41, 40, 113, 114, -1,
  42, 41, 114, 115, -1,
  43, 42, 115, 116, -1,
  44, 43, 116, 117, -1,
  45, 44, 117, 118, -1,
  46, 45, 118, 119, -1,
  47, 46, 119, 120, -1,
  48, 47, 120, 121, -1,
  49, 48, 121, 122, -1,
  50, 49, 122, 123, -1,
  51, 50, 123, 124, -1,
  52, 51, 124, 125, -1,
  53, 52, 125, 126, -1,
  54, 53, 126, 127, -1,
  55, 54, 127, 128, -1,
  56, 55, 128, 129, -1,
  57, 56, 129, 130, -1,
  58, 57, 130, 131, -1,
  59, 58, 131, 132, -1,
  60, 59, 132, 133, -1,
  61, 60, 133, 134, -1,
  62, 61, 134, 135, -1,
  63, 62, 135, 136, -1,
  64, 63, 136, 137, -1,
  65, 64, 137, 138, -1,
  66, 65, 138, 139, -1,
  67, 66, 139, 140, -1,
  68, 67, 140, 141, -1,
  69, 68, 141, 142, -1,
  70, 69, 142, 143, -1,
  71, 70, 143, 144, -1,
  72, 71, 144, 145, -1,
  0, 72, 145, 73, -1
 ]
convex TRUE
creaseAngle 0.3490
}
}
Shape {
appearance Appearance {
material DEF OUTMAT15 Material {
      diffuseColor 0.600 0.851 0.910
      ambientIntensity 0.295
      specularColor 0.000 0.000 0.000
      shininess 0.000
      transparency 0.000
}
}
geometry IndexedFaceSet {
coord Coordinate { point [
  -27.197 -1.300 -4.379,
  -27.197 -1.300 -2.109,
  -27.717 -1.300 -2.110,
  -27.717 -1.300 -3.000,
  -27.744 -1.300 -3.100,
  -27.817 -1.300 -3.173,
  -27.917 -1.300 -3.200,
  -29.059 -1.300 -3.199,
  -29.132 -1.300 -3.180,
  -29.187 -1.300 -3.128,
  -29.209 -1.300 -3.056,
  -29.197 -1.300 -2.818,
  -29.138 -1.300 -2.587,
  -29.035 -1.300 -2.373,
  -28.891 -1.300 -2.183,
  -28.617 -1.300 -1.859,
  -28.149 -1.300 -1.375,
  -27.954 -1.300 -1.206,
  -27.733 -1.300 -1.072,
  -27.492 -1.300 -0.979,
  -27.239 -1.300 -0.928,
  -26.961 -1.300 -0.913,
  -26.392 -1.300 -0.904,
  -25.824 -1.300 -0.868,
  -25.258 -1.300 -0.805,
  -24.958 -1.300 -0.774,
  -24.657 -1.300 -0.764,
  -24.356 -1.300 -0.774,
  -24.056 -1.300 -0.805,
  -23.490 -1.300 -0.868,
  -22.922 -1.300 -0.904,
  -22.353 -1.300 -0.913,
  -22.075 -1.300 -0.928,
  -21.822 -1.300 -0.979,
  -21.581 -1.300 -1.072,
  -21.360 -1.300 -1.206,
  -21.165 -1.300 -1.375,
  -20.697 -1.300 -1.859,
  -20.622 -1.300 -1.946,
  -20.422 -1.300 -2.183,
  -20.279 -1.300 -2.373,
  -20.175 -1.300 -2.587,
  -20.117 -1.300 -2.818,
  -20.105 -1.300 -3.056,
  -20.127 -1.300 -3.128,
  -20.182 -1.300 -3.180,
  -20.254 -1.300 -3.199,
  -21.397 -1.300 -3.200,
  -21.497 -1.300 -3.173,
  -21.570 -1.300 -3.100,
  -21.597 -1.300 -3.000,
  -21.597 -1.300 -2.110,
  -22.117 -1.300 -2.109,
  -22.117 -1.300 -4.379,
  -22.144 -1.300 -4.480,
  -22.219 -1.300 -4.554,
  -22.534 -1.300 -4.702,
  -22.867 -1.300 -4.805,
  -23.211 -1.300 -4.861,
  -23.559 -1.300 -4.868,
  -23.904 -1.300 -4.827,
  -24.032 -1.300 -4.800,
  -24.342 -1.300 -4.747,
  -24.657 -1.300 -4.726,
  -24.971 -1.300 -4.747,
  -25.282 -1.300 -4.800,
  -25.409 -1.300 -4.827,
  -25.755 -1.300 -4.868,
  -26.103 -1.300 -4.861,
  -26.447 -1.300 -4.805,
  -26.779 -1.300 -4.702,
  -27.094 -1.300 -4.554,
  -27.169 -1.300 -4.480
 ] }
 coordIndex [ 0, 72, 71, -1, 0, 71, 70, -1, 70, 69, 68, -1, 0, 70, 68, -1,
     1, 0, 68, -1, 10, 9, 8, -1, 10, 8, 7, -1, 11, 10, 7, -1, 12, 11, 7, -1,
     6, 5, 4, -1, 7, 6, 4, -1, 12, 7, 4, -1, 13, 12, 4, -1, 14, 13, 4, -1,
     4, 3, 2, -1, 14, 4, 2, -1, 15, 14, 2, -1, 16, 15, 2, -1, 17, 16, 2, -1,
     17, 2, 1, -1, 18, 17, 1, -1, 19, 18, 1, -1, 20, 19, 1, -1, 21, 20, 1, -1,
     22, 21, 1, -1, 68, 67, 66, -1, 68, 66, 65, -1, 68, 65, 64, -1, 1, 68, 64, -1,
     1, 64, 63, -1, 23, 22, 1, -1, 23, 1, 63, -1, 24, 23, 63, -1, 25, 24, 63, -1,
     26, 25, 63, -1, 55, 54, 53, -1, 56, 55, 53, -1, 58, 57, 56, -1, 58, 56, 53, -1,
     58, 53, 52, -1, 45, 44, 43, -1, 46, 45, 43, -1, 46, 43, 42, -1, 46, 42, 41, -1,
     48, 47, 46, -1, 49, 48, 46, -1, 49, 46, 41, -1, 49, 41, 40, -1, 49, 40, 39, -1,
     51, 50, 49, -1, 51, 49, 39, -1, 51, 39, 38, -1, 51, 38, 37, -1, 51, 37, 36, -1,
     51, 36, 35, -1, 52, 51, 35, -1, 52, 35, 34, -1, 52, 34, 33, -1, 52, 33, 32, -1,
     52, 32, 31, -1, 52, 31, 30, -1, 27, 26, 63, -1, 28, 27, 63, -1, 29, 28, 63, -1,
     52, 30, 29, -1, 52, 29, 63, -1, 52, 63, 62, -1, 58, 52, 62, -1, 58, 62, 61, -1,
     58, 61, 60, -1, 58, 60, 59, -1
 ]
convex TRUE
creaseAngle 0.3490
}
}
]
}
]
}


DEF Design11t1 Transform {
children [
Transform {
children [
Shape {
appearance Appearance {
material DEF INMAT16 Material {
      diffuseColor 0.800 0.800 0.800
      ambientIntensity 0.299
      specularColor 0.000 0.000 0.000
      shininess 0.000
      transparency 0.000
}
}
geometry IndexedFaceSet {
coord Coordinate { point [
  -42.464 1.762 -14.541,
  -43.378 2.285 -14.541,
  -43.617 1.869 -14.541,
  -42.707 1.342 -14.541,
  -42.633 1.269 -14.541,
  -42.606 1.169 -14.541,
  -42.632 1.068 -14.541,
  -42.976 0.487 -14.541,
  -43.032 0.426 -14.541,
  -43.108 0.393 -14.541,
  -43.191 0.393 -14.541,
  -43.267 0.428 -14.541,
  -43.660 0.702 -14.541,
  -44.041 0.992 -14.541,
  -44.410 1.297 -14.541,
  -44.678 1.566 -14.541,
  -44.902 1.873 -14.541,
  -45.077 2.210 -14.541,
  -45.199 2.569 -14.541,
  -45.280 3.022 -14.541,
  -45.292 3.481 -14.541,
  -45.265 3.703 -14.541,
  -45.203 3.918 -14.541,
  -45.109 4.121 -14.541,
  -45.038 4.195 -14.541,
  -44.940 4.223 -14.541,
  -44.841 4.200 -14.541,
  -44.766 4.130 -14.541,
  -44.735 4.033 -14.541,
  -44.698 3.455 -14.541,
  -44.219 3.477 -14.541,
  -44.242 4.203 -14.541,
  -44.225 4.294 -14.541,
  -44.168 4.368 -14.541,
  -44.084 4.408 -14.541,
  -43.990 4.405 -14.541,
  -43.909 4.360 -14.541,
  -43.757 4.185 -14.541,
  -43.476 3.805 -14.541,
  -43.150 3.463 -14.541,
  -42.782 3.166 -14.541,
  -42.380 2.918 -14.541,
  -41.949 2.724 -14.541,
  -41.877 2.677 -14.541,
  -41.831 2.604 -14.541,
  -41.820 2.519 -14.541,
  -41.846 2.437 -14.541,
  -42.191 1.836 -14.541,
  -42.264 1.763 -14.541,
  -42.364 1.736 -14.541,
  -42.464 1.762 -14.041,
  -43.378 2.285 -14.041,
  -43.617 1.869 -14.041,
  -42.707 1.342 -14.041,
  -42.633 1.269 -14.041,
  -42.606 1.169 -14.041,
  -42.632 1.068 -14.041,
  -42.976 0.487 -14.041,
  -43.032 0.426 -14.041,
  -43.108 0.393 -14.041,
  -43.191 0.393 -14.041,
  -43.267 0.428 -14.041,
  -43.660 0.702 -14.041,
  -44.041 0.992 -14.041,
  -44.410 1.297 -14.041,
  -44.678 1.566 -14.041,
  -44.902 1.873 -14.041,
  -45.077 2.210 -14.041,
  -45.199 2.569 -14.041,
  -45.280 3.022 -14.041,
  -45.292 3.481 -14.041,
  -45.265 3.703 -14.041,
  -45.203 3.918 -14.041,
  -45.109 4.121 -14.041,
  -45.038 4.195 -14.041,
  -44.940 4.223 -14.041,
  -44.841 4.200 -14.041,
  -44.766 4.130 -14.041,
  -44.735 4.033 -14.041,
  -44.698 3.455 -14.041,
  -44.219 3.477 -14.041,
  -44.242 4.203 -14.041,
  -44.225 4.294 -14.041,
  -44.168 4.368 -14.041,
  -44.084 4.408 -14.041,
  -43.990 4.405 -14.041,
  -43.909 4.360 -14.041,
  -43.757 4.185 -14.041,
  -43.476 3.805 -14.041,
  -43.150 3.463 -14.041,
  -42.782 3.166 -14.041,
  -42.380 2.918 -14.041,
  -41.949 2.724 -14.041,
  -41.877 2.677 -14.041,
  -41.831 2.604 -14.041,
  -41.820 2.519 -14.041,
  -41.846 2.437 -14.041,
  -42.191 1.836 -14.041,
  -42.264 1.763 -14.041,
  -42.364 1.736 -14.041
 ] }
coordIndex [ 33, 34, 35, -1, 32, 33, 35, -1, 31, 32, 35, -1, 31, 35, 36, -1,
     31, 36, 37, -1, 30, 31, 37, -1, 30, 37, 38, -1, 25, 26, 27, -1, 25, 27, 28, -1,
     23, 24, 25, -1, 22, 23, 25, -1, 22, 25, 28, -1, 22, 28, 29, -1, 21, 22, 29, -1,
     20, 21, 29, -1, 19, 20, 29, -1, 18, 19, 29, -1, 18, 29, 30, -1, 30, 38, 39, -1,
     18, 30, 39, -1, 17, 18, 39, -1, 16, 17, 39, -1, 15, 16, 39, -1, 42, 43, 44, -1,
     42, 44, 45, -1, 42, 45, 46, -1, 41, 42, 46, -1, 46, 47, 48, -1, 48, 49, 0, -1,
     46, 48, 0, -1, 41, 46, 0, -1, 41, 0, 1, -1, 40, 41, 1, -1, 39, 40, 1, -1,
     15, 39, 1, -1, 15, 1, 2, -1, 14, 15, 2, -1, 13, 14, 2, -1, 12, 13, 2, -1,
     12, 2, 3, -1, 3, 4, 5, -1, 3, 5, 6, -1, 3, 6, 7, -1, 12, 3, 7, -1,
     11, 12, 7, -1, 11, 7, 8, -1, 9, 10, 11, -1, 9, 11, 8, -1
  1, 0, 50, 51, -1,
  2, 1, 51, 52, -1,
  3, 2, 52, 53, -1,
  4, 3, 53, 54, -1,
  5, 4, 54, 55, -1,
  6, 5, 55, 56, -1,
  7, 6, 56, 57, -1,
  8, 7, 57, 58, -1,
  9, 8, 58, 59, -1,
  10, 9, 59, 60, -1,
  11, 10, 60, 61, -1,
  12, 11, 61, 62, -1,
  13, 12, 62, 63, -1,
  14, 13, 63, 64, -1,
  15, 14, 64, 65, -1,
  16, 15, 65, 66, -1,
  17, 16, 66, 67, -1,
  18, 17, 67, 68, -1,
  19, 18, 68, 69, -1,
  20, 19, 69, 70, -1,
  21, 20, 70, 71, -1,
  22, 21, 71, 72, -1,
  23, 22, 72, 73, -1,
  24, 23, 73, 74, -1,
  25, 24, 74, 75, -1,
  26, 25, 75, 76, -1,
  27, 26, 76, 77, -1,
  28, 27, 77, 78, -1,
  29, 28, 78, 79, -1,
  30, 29, 79, 80, -1,
  31, 30, 80, 81, -1,
  32, 31, 81, 82, -1,
  33, 32, 82, 83, -1,
  34, 33, 83, 84, -1,
  35, 34, 84, 85, -1,
  36, 35, 85, 86, -1,
  37, 36, 86, 87, -1,
  38, 37, 87, 88, -1,
  39, 38, 88, 89, -1,
  40, 39, 89, 90, -1,
  41, 40, 90, 91, -1,
  42, 41, 91, 92, -1,
  43, 42, 92, 93, -1,
  44, 43, 93, 94, -1,
  45, 44, 94, 95, -1,
  46, 45, 95, 96, -1,
  47, 46, 96, 97, -1,
  48, 47, 97, 98, -1,
  49, 48, 98, 99, -1,
  0, 49, 99, 50, -1
 ]
convex TRUE
creaseAngle 0.3490
}
}
Shape {
appearance Appearance {
material DEF OUTMAT16 Material {
      diffuseColor 0.600 0.851 0.910
      ambientIntensity 0.295
      specularColor 0.000 0.000 0.000
      shininess 0.000
      transparency 0.000
}
}
geometry IndexedFaceSet {
coord Coordinate { point [
  -42.464 1.762 -14.041,
  -43.378 2.285 -14.041,
  -43.617 1.869 -14.041,
  -42.707 1.342 -14.041,
  -42.633 1.269 -14.041,
  -42.606 1.169 -14.041,
  -42.632 1.068 -14.041,
  -42.976 0.487 -14.041,
  -43.032 0.426 -14.041,
  -43.108 0.393 -14.041,
  -43.191 0.393 -14.041,
  -43.267 0.428 -14.041,
  -43.660 0.702 -14.041,
  -44.041 0.992 -14.041,
  -44.410 1.297 -14.041,
  -44.678 1.566 -14.041,
  -44.902 1.873 -14.041,
  -45.077 2.210 -14.041,
  -45.199 2.569 -14.041,
  -45.280 3.022 -14.041,
  -45.292 3.481 -14.041,
  -45.265 3.703 -14.041,
  -45.203 3.918 -14.041,
  -45.109 4.121 -14.041,
  -45.038 4.195 -14.041,
  -44.940 4.223 -14.041,
  -44.841 4.200 -14.041,
  -44.766 4.130 -14.041,
  -44.735 4.033 -14.041,
  -44.698 3.455 -14.041,
  -44.219 3.477 -14.041,
  -44.242 4.203 -14.041,
  -44.225 4.294 -14.041,
  -44.168 4.368 -14.041,
  -44.084 4.408 -14.041,
  -43.990 4.405 -14.041,
  -43.909 4.360 -14.041,
  -43.757 4.185 -14.041,
  -43.476 3.805 -14.041,
  -43.150 3.463 -14.041,
  -42.782 3.166 -14.041,
  -42.380 2.918 -14.041,
  -41.949 2.724 -14.041,
  -41.877 2.677 -14.041,
  -41.831 2.604 -14.041,
  -41.820 2.519 -14.041,
  -41.846 2.437 -14.041,
  -42.191 1.836 -14.041,
  -42.264 1.763 -14.041,
  -42.364 1.736 -14.041
 ] }
 coordIndex [ 35, 34, 33, -1, 35, 33, 32, -1, 35, 32, 31, -1, 36, 35, 31, -1,
     37, 36, 31, -1, 37, 31, 30, -1, 38, 37, 30, -1, 27, 26, 25, -1, 28, 27, 25, -1,
     25, 24, 23, -1, 25, 23, 22, -1, 28, 25, 22, -1, 29, 28, 22, -1, 29, 22, 21, -1,
     29, 21, 20, -1, 29, 20, 19, -1, 29, 19, 18, -1, 30, 29, 18, -1, 39, 38, 30, -1,
     39, 30, 18, -1, 39, 18, 17, -1, 39, 17, 16, -1, 39, 16, 15, -1, 44, 43, 42, -1,
     45, 44, 42, -1, 46, 45, 42, -1, 46, 42, 41, -1, 48, 47, 46, -1, 0, 49, 48, -1,
     0, 48, 46, -1, 0, 46, 41, -1, 1, 0, 41, -1, 1, 41, 40, -1, 1, 40, 39, -1,
     1, 39, 15, -1, 2, 1, 15, -1, 2, 15, 14, -1, 2, 14, 13, -1, 2, 13, 12, -1,
     3, 2, 12, -1, 5, 4, 3, -1, 6, 5, 3, -1, 7, 6, 3, -1, 7, 3, 12, -1,
     7, 12, 11, -1, 8, 7, 11, -1, 11, 10, 9, -1, 8, 11, 9, -1
 ]
convex TRUE
creaseAngle 0.3490
}
}
]
}
]
}


DEF Design10t1 Transform {
children [
Transform {
children [
Shape {
appearance Appearance {
material DEF INMAT17 Material {
      diffuseColor 0.800 0.800 0.800
      ambientIntensity 0.299
      specularColor 0.000 0.000 0.000
      shininess 0.000
      transparency 0.000
}
}
geometry IndexedFaceSet {
coord Coordinate { point [
  -34.227 19.066 -15.130,
  -34.227 20.673 -15.537,
  -34.227 21.110 -15.612,
  -34.227 21.554 -15.615,
  -34.227 21.993 -15.547,
  -34.227 22.415 -15.409,
  -34.227 22.809 -15.206,
  -34.227 23.166 -14.942,
  -34.227 23.476 -14.624,
  -34.227 23.508 -14.554,
  -34.227 23.501 -14.477,
  -34.227 23.457 -14.414,
  -34.227 23.387 -14.381,
  -34.227 23.310 -14.387,
  -34.227 22.846 -14.524,
  -34.227 22.369 -14.607,
  -34.227 21.886 -14.635,
  -34.227 21.403 -14.606,
  -34.227 20.927 -14.523,
  -34.227 20.463 -14.385,
  -34.227 20.018 -14.195,
  -34.227 19.485 -13.887,
  -34.227 19.108 -13.697,
  -34.227 18.711 -13.553,
  -34.227 18.300 -13.455,
  -34.227 17.984 -13.412,
  -34.227 17.900 -13.419,
  -34.227 17.826 -13.460,
  -34.227 17.775 -13.528,
  -34.227 17.757 -13.610,
  -34.227 17.757 -13.815,
  -34.227 17.783 -13.914,
  -34.227 17.855 -13.987,
  -34.227 17.953 -14.015,
  -34.227 18.483 -14.025,
  -34.227 18.483 -14.505,
  -34.227 17.953 -14.515,
  -34.227 17.855 -14.543,
  -34.227 17.783 -14.616,
  -34.227 17.757 -14.715,
  -34.227 17.757 -14.899,
  -34.227 17.776 -14.983,
  -34.227 17.829 -15.052,
  -34.227 17.906 -15.092,
  -34.227 17.993 -15.095,
  -34.227 18.145 -15.072,
  -34.227 18.454 -15.053,
  -34.227 18.763 -15.073,
  -34.727 19.066 -15.130,
  -34.727 20.673 -15.537,
  -34.727 21.110 -15.612,
  -34.727 21.554 -15.615,
  -34.727 21.993 -15.547,
  -34.727 22.415 -15.409,
  -34.727 22.809 -15.206,
  -34.727 23.166 -14.942,
  -34.727 23.476 -14.624,
  -34.727 23.508 -14.554,
  -34.727 23.501 -14.477,
  -34.727 23.457 -14.414,
  -34.727 23.387 -14.381,
  -34.727 23.310 -14.387,
  -34.727 22.846 -14.524,
  -34.727 22.369 -14.607,
  -34.727 21.886 -14.635,
  -34.727 21.403 -14.606,
  -34.727 20.927 -14.523,
  -34.727 20.463 -14.385,
  -34.727 20.018 -14.195,
  -34.727 19.485 -13.887,
  -34.727 19.108 -13.697,
  -34.727 18.711 -13.553,
  -34.727 18.300 -13.455,
  -34.727 17.984 -13.412,
  -34.727 17.900 -13.419,
  -34.727 17.826 -13.460,
  -34.727 17.775 -13.528,
  -34.727 17.757 -13.610,
  -34.727 17.757 -13.815,
  -34.727 17.783 -13.914,
  -34.727 17.855 -13.987,
  -34.727 17.953 -14.015,
  -34.727 18.483 -14.025,
  -34.727 18.483 -14.505,
  -34.727 17.953 -14.515,
  -34.727 17.855 -14.543,
  -34.727 17.783 -14.616,
  -34.727 17.757 -14.715,
  -34.727 17.757 -14.899,
  -34.727 17.776 -14.983,
  -34.727 17.829 -15.052,
  -34.727 17.906 -15.092,
  -34.727 17.993 -15.095,
  -34.727 18.145 -15.072,
  -34.727 18.454 -15.053,
  -34.727 18.763 -15.073
 ] }
coordIndex [ 9, 10, 11, -1, 11, 12, 13, -1, 8, 9, 11, -1, 8, 11, 13, -1,
     7, 8, 13, -1, 7, 13, 14, -1, 6, 7, 14, -1, 6, 14, 15, -1, 5, 6, 15, -1,
     5, 15, 16, -1, 4, 5, 16, -1, 3, 4, 16, -1, 3, 16, 17, -1, 2, 3, 17, -1,
     2, 17, 18, -1, 1, 2, 18, -1, 1, 18, 19, -1, 1, 19, 20, -1, 0, 1, 20, -1,
     0, 20, 21, -1, 26, 27, 28, -1, 25, 26, 28, -1, 25, 28, 29, -1, 24, 25, 29, -1,
     24, 29, 30, -1, 30, 31, 32, -1, 30, 32, 33, -1, 24, 30, 33, -1, 24, 33, 34, -1,
     23, 24, 34, -1, 23, 34, 35, -1, 22, 23, 35, -1, 21, 22, 35, -1, 0, 21, 35, -1,
     47, 0, 35, -1, 46, 47, 35, -1, 45, 46, 35, -1, 45, 35, 36, -1, 40, 41, 42, -1,
     40, 42, 43, -1, 43, 44, 45, -1, 39, 40, 43, -1, 39, 43, 45, -1, 39, 45, 36, -1,
     39, 36, 37, -1, 39, 37, 38, -1
  1, 0, 48, 49, -1,
  2, 1, 49, 50, -1,
  3, 2, 50, 51, -1,
  4, 3, 51, 52, -1,
  5, 4, 52, 53, -1,
  6, 5, 53, 54, -1,
  7, 6, 54, 55, -1,
  8, 7, 55, 56, -1,
  9, 8, 56, 57, -1,
  10, 9, 57, 58, -1,
  11, 10, 58, 59, -1,
  12, 11, 59, 60, -1,
  13, 12, 60, 61, -1,
  14, 13, 61, 62, -1,
  15, 14, 62, 63, -1,
  16, 15, 63, 64, -1,
  17, 16, 64, 65, -1,
  18, 17, 65, 66, -1,
  19, 18, 66, 67, -1,
  20, 19, 67, 68, -1,
  21, 20, 68, 69, -1,
  22, 21, 69, 70, -1,
  23, 22, 70, 71, -1,
  24, 23, 71, 72, -1,
  25, 24, 72, 73, -1,
  26, 25, 73, 74, -1,
  27, 26, 74, 75, -1,
  28, 27, 75, 76, -1,
  29, 28, 76, 77, -1,
  30, 29, 77, 78, -1,
  31, 30, 78, 79, -1,
  32, 31, 79, 80, -1,
  33, 32, 80, 81, -1,
  34, 33, 81, 82, -1,
  35, 34, 82, 83, -1,
  36, 35, 83, 84, -1,
  37, 36, 84, 85, -1,
  38, 37, 85, 86, -1,
  39, 38, 86, 87, -1,
  40, 39, 87, 88, -1,
  41, 40, 88, 89, -1,
  42, 41, 89, 90, -1,
  43, 42, 90, 91, -1,
  44, 43, 91, 92, -1,
  45, 44, 92, 93, -1,
  46, 45, 93, 94, -1,
  47, 46, 94, 95, -1,
  0, 47, 95, 48, -1
 ]
convex TRUE
creaseAngle 0.3490
}
}
Shape {
appearance Appearance {
material DEF OUTMAT17 Material {
      diffuseColor 0.600 0.851 0.910
      ambientIntensity 0.295
      specularColor 0.000 0.000 0.000
      shininess 0.000
      transparency 0.000
}
}
geometry IndexedFaceSet {
coord Coordinate { point [
  -34.727 19.066 -15.130,
  -34.727 20.673 -15.537,
  -34.727 21.110 -15.612,
  -34.727 21.554 -15.615,
  -34.727 21.993 -15.547,
  -34.727 22.415 -15.409,
  -34.727 22.809 -15.206,
  -34.727 23.166 -14.942,
  -34.727 23.476 -14.624,
  -34.727 23.508 -14.554,
  -34.727 23.501 -14.477,
  -34.727 23.457 -14.414,
  -34.727 23.387 -14.381,
  -34.727 23.310 -14.387,
  -34.727 22.846 -14.524,
  -34.727 22.369 -14.607,
  -34.727 21.886 -14.635,
  -34.727 21.403 -14.606,
  -34.727 20.927 -14.523,
  -34.727 20.463 -14.385,
  -34.727 20.018 -14.195,
  -34.727 19.485 -13.887,
  -34.727 19.108 -13.697,
  -34.727 18.711 -13.553,
  -34.727 18.300 -13.455,
  -34.727 17.984 -13.412,
  -34.727 17.900 -13.419,
  -34.727 17.826 -13.460,
  -34.727 17.775 -13.528,
  -34.727 17.757 -13.610,
  -34.727 17.757 -13.815,
  -34.727 17.783 -13.914,
  -34.727 17.855 -13.987,
  -34.727 17.953 -14.015,
  -34.727 18.483 -14.025,
  -34.727 18.483 -14.505,
  -34.727 17.953 -14.515,
  -34.727 17.855 -14.543,
  -34.727 17.783 -14.616,
  -34.727 17.757 -14.715,
  -34.727 17.757 -14.899,
  -34.727 17.776 -14.983,
  -34.727 17.829 -15.052,
  -34.727 17.906 -15.092,
  -34.727 17.993 -15.095,
  -34.727 18.145 -15.072,
  -34.727 18.454 -15.053,
  -34.727 18.763 -15.073
 ] }
 coordIndex [ 11, 10, 9, -1, 13, 12, 11, -1, 11, 9, 8, -1, 13, 11, 8, -1,
     13, 8, 7, -1, 14, 13, 7, -1, 14, 7, 6, -1, 15, 14, 6, -1, 15, 6, 5, -1,
     16, 15, 5, -1, 16, 5, 4, -1, 16, 4, 3, -1, 17, 16, 3, -1, 17, 3, 2, -1,
     18, 17, 2, -1, 18, 2, 1, -1, 19, 18, 1, -1, 20, 19, 1, -1, 20, 1, 0, -1,
     21, 20, 0, -1, 28, 27, 26, -1, 28, 26, 25, -1, 29, 28, 25, -1, 29, 25, 24, -1,
     30, 29, 24, -1, 32, 31, 30, -1, 33, 32, 30, -1, 33, 30, 24, -1, 34, 33, 24, -1,
     34, 24, 23, -1, 35, 34, 23, -1, 35, 23, 22, -1, 35, 22, 21, -1, 35, 21, 0, -1,
     35, 0, 47, -1, 35, 47, 46, -1, 35, 46, 45, -1, 36, 35, 45, -1, 42, 41, 40, -1,
     43, 42, 40, -1, 45, 44, 43, -1, 43, 40, 39, -1, 45, 43, 39, -1, 36, 45, 39, -1,
     37, 36, 39, -1, 38, 37, 39, -1
 ]
convex TRUE
creaseAngle 0.3490
}
}
]
}
]
}


DEF Design1t1 Transform {
children [
Transform {
children [
Shape {
appearance Appearance {
material DEF INMAT18 Material {
      diffuseColor 0.800 0.800 0.800
      ambientIntensity 0.299
      specularColor 0.000 0.000 0.000
      shininess 0.000
      transparency 0.000
}
}
geometry IndexedFaceSet {
coord Coordinate { point [
  -32.692 -2.469 -37.483,
  -32.684 -2.486 -37.483,
  -32.359 -2.980 -37.483,
  -31.979 -3.433 -37.483,
  -31.549 -3.839 -37.483,
  -31.075 -4.192 -37.483,
  -30.563 -4.487 -37.483,
  -30.020 -4.722 -37.483,
  -29.453 -4.891 -37.483,
  -28.871 -4.994 -37.483,
  -28.281 -5.028 -37.483,
  -27.690 -4.994 -37.483,
  -27.108 -4.891 -37.483,
  -26.541 -4.722 -37.483,
  -25.998 -4.487 -37.483,
  -25.486 -4.192 -37.483,
  -25.012 -3.839 -37.483,
  -24.582 -3.433 -37.483,
  -24.202 -2.980 -37.483,
  -23.877 -2.486 -37.483,
  -23.612 -1.957 -37.483,
  -23.409 -1.402 -37.483,
  -23.273 -0.826 -37.483,
  -23.204 -0.239 -37.483,
  -23.204 0.352 -37.483,
  -23.273 0.940 -37.483,
  -23.409 1.515 -37.483,
  -23.612 2.071 -37.483,
  -23.877 2.599 -37.483,
  -24.202 3.093 -37.483,
  -24.582 3.546 -37.483,
  -25.012 3.952 -37.483,
  -25.486 4.305 -37.483,
  -25.998 4.601 -37.483,
  -26.541 4.835 -37.483,
  -27.108 5.004 -37.483,
  -27.690 5.107 -37.483,
  -28.281 5.142 -37.483,
  -28.871 5.107 -37.483,
  -29.453 5.004 -37.483,
  -30.020 4.835 -37.483,
  -30.563 4.601 -37.483,
  -31.075 4.305 -37.483,
  -31.549 3.952 -37.483,
  -31.979 3.546 -37.483,
  -32.359 3.093 -37.483,
  -32.684 2.599 -37.483,
  -32.697 2.574 -37.483,
  -30.747 2.574 -37.483,
  -28.567 2.574 -37.483,
  -28.567 2.094 -37.483,
  -30.747 2.094 -37.483,
  -30.747 2.574 -37.483,
  -32.697 2.574 -37.483,
  -32.950 2.071 -37.483,
  -33.152 1.515 -37.483,
  -33.288 0.940 -37.483,
  -33.357 0.352 -37.483,
  -33.357 -0.239 -37.483,
  -33.288 -0.826 -37.483,
  -33.152 -1.402 -37.483,
  -32.950 -1.957 -37.483,
  -32.697 -2.460 -37.483,
  -27.994 -2.460 -37.483,
  -27.994 -1.980 -37.483,
  -25.814 -1.980 -37.483,
  -25.814 -2.460 -37.483,
  -27.994 -2.460 -37.483,
  -32.697 -2.460 -37.483,
  -23.623 -1.980 -37.483,
  -23.864 2.574 -37.483,
  -32.692 -2.469 -37.983,
  -32.684 -2.486 -37.983,
  -32.359 -2.980 -37.983,
  -31.979 -3.433 -37.983,
  -31.549 -3.839 -37.983,
  -31.075 -4.192 -37.983,
  -30.563 -4.487 -37.983,
  -30.020 -4.722 -37.983,
  -29.453 -4.891 -37.983,
  -28.871 -4.994 -37.983,
  -28.281 -5.028 -37.983,
  -27.690 -4.994 -37.983,
  -27.108 -4.891 -37.983,
  -26.541 -4.722 -37.983,
  -25.998 -4.487 -37.983,
  -25.486 -4.192 -37.983,
  -25.012 -3.839 -37.983,
  -24.582 -3.433 -37.983,
  -24.202 -2.980 -37.983,
  -23.877 -2.486 -37.983,
  -23.612 -1.957 -37.983,
  -23.409 -1.402 -37.983,
  -23.273 -0.826 -37.983,
  -23.204 -0.239 -37.983,
  -23.204 0.352 -37.983,
  -23.273 0.940 -37.983,
  -23.409 1.515 -37.983,
  -23.612 2.071 -37.983,
  -23.877 2.599 -37.983,
  -24.202 3.093 -37.983,
  -24.582 3.546 -37.983,
  -25.012 3.952 -37.983,
  -25.486 4.305 -37.983,
  -25.998 4.601 -37.983,
  -26.541 4.835 -37.983,
  -27.108 5.004 -37.983,
  -27.690 5.107 -37.983,
  -28.281 5.142 -37.983,
  -28.871 5.107 -37.983,
  -29.453 5.004 -37.983,
  -30.020 4.835 -37.983,
  -30.563 4.601 -37.983,
  -31.075 4.305 -37.983,
  -31.549 3.952 -37.983,
  -31.979 3.546 -37.983,
  -32.359 3.093 -37.983,
  -32.684 2.599 -37.983,
  -32.697 2.574 -37.983,
  -30.747 2.574 -37.983,
  -28.567 2.574 -37.983,
  -28.567 2.094 -37.983,
  -30.747 2.094 -37.983,
  -30.747 2.574 -37.983,
  -32.697 2.574 -37.983,
  -32.950 2.071 -37.983,
  -33.152 1.515 -37.983,
  -33.288 0.940 -37.983,
  -33.357 0.352 -37.983,
  -33.357 -0.239 -37.983,
  -33.288 -0.826 -37.983,
  -33.152 -1.402 -37.983,
  -32.950 -1.957 -37.983,
  -32.697 -2.460 -37.983,
  -27.994 -2.460 -37.983,
  -27.994 -1.980 -37.983,
  -25.814 -1.980 -37.983,
  -25.814 -2.460 -37.983,
  -27.994 -2.460 -37.983,
  -32.697 -2.460 -37.983,
  -23.623 -1.980 -37.983,
  -23.864 2.574 -37.983
 ] }
coordIndex [ 2, 3, 4, -1, 1, 2, 4, -1, 62, 1, 4, -1, 63, 62, 4, -1,
     63, 4, 5, -1, 63, 5, 6, -1, 7, 8, 9, -1, 6, 7, 9, -1, 63, 6, 9, -1,
     63, 9, 10, -1, 63, 10, 11, -1, 63, 11, 12, -1, 12, 13, 14, -1, 63, 12, 14, -1,
     66, 63, 14, -1, 66, 14, 15, -1, 66, 15, 16, -1, 66, 16, 17, -1, 66, 17, 18, -1,
     65, 66, 18, -1, 65, 18, 19, -1, 65, 19, 20, -1, 51, 48, 47, -1, 51, 47, 54, -1,
     51, 54, 55, -1, 55, 56, 57, -1, 51, 55, 57, -1, 57, 58, 59, -1, 51, 57, 59, -1,
     60, 61, 62, -1, 59, 60, 62, -1, 51, 59, 62, -1, 51, 62, 63, -1, 51, 63, 64, -1,
     50, 51, 64, -1, 50, 64, 65, -1, 65, 20, 21, -1, 65, 21, 22, -1, 22, 23, 24, -1,
     65, 22, 24, -1, 50, 65, 24, -1, 24, 25, 26, -1, 26, 27, 28, -1, 24, 26, 28, -1,
     50, 24, 28, -1, 49, 50, 28, -1, 45, 46, 47, -1, 45, 47, 48, -1, 44, 45, 48, -1,
     43, 44, 48, -1, 42, 43, 48, -1, 41, 42, 48, -1, 41, 48, 49, -1, 39, 40, 41, -1,
     39, 41, 49, -1, 38, 39, 49, -1, 37, 38, 49, -1, 29, 30, 31, -1, 28, 29, 31, -1,
     49, 28, 31, -1, 49, 31, 32, -1, 49, 32, 33, -1, 34, 35, 36, -1, 33, 34, 36, -1,
     49, 33, 36, -1, 37, 49, 36, -1
  1, 0, 71, 72, -1,
  2, 1, 72, 73, -1,
  3, 2, 73, 74, -1,
  4, 3, 74, 75, -1,
  5, 4, 75, 76, -1,
  6, 5, 76, 77, -1,
  7, 6, 77, 78, -1,
  8, 7, 78, 79, -1,
  9, 8, 79, 80, -1,
  10, 9, 80, 81, -1,
  11, 10, 81, 82, -1,
  12, 11, 82, 83, -1,
  13, 12, 83, 84, -1,
  14, 13, 84, 85, -1,
  15, 14, 85, 86, -1,
  16, 15, 86, 87, -1,
  17, 16, 87, 88, -1,
  18, 17, 88, 89, -1,
  19, 18, 89, 90, -1,
  20, 19, 90, 91, -1,
  21, 20, 91, 92, -1,
  22, 21, 92, 93, -1,
  23, 22, 93, 94, -1,
  24, 23, 94, 95, -1,
  25, 24, 95, 96, -1,
  26, 25, 96, 97, -1,
  27, 26, 97, 98, -1,
  28, 27, 98, 99, -1,
  29, 28, 99, 100, -1,
  30, 29, 100, 101, -1,
  31, 30, 101, 102, -1,
  32, 31, 102, 103, -1,
  33, 32, 103, 104, -1,
  34, 33, 104, 105, -1,
  35, 34, 105, 106, -1,
  36, 35, 106, 107, -1,
  37, 36, 107, 108, -1,
  38, 37, 108, 109, -1,
  39, 38, 109, 110, -1,
  40, 39, 110, 111, -1,
  41, 40, 111, 112, -1,
  42, 41, 112, 113, -1,
  43, 42, 113, 114, -1,
  44, 43, 114, 115, -1,
  45, 44, 115, 116, -1,
  46, 45, 116, 117, -1,
  47, 46, 117, 118, -1,
  48, 47, 118, 119, -1,
  49, 48, 119, 120, -1,
  50, 49, 120, 121, -1,
  51, 50, 121, 122, -1,
  52, 51, 122, 123, -1,
  53, 52, 123, 124, -1,
  54, 53, 124, 125, -1,
  55, 54, 125, 126, -1,
  56, 55, 126, 127, -1,
  57, 56, 127, 128, -1,
  58, 57, 128, 129, -1,
  59, 58, 129, 130, -1,
  60, 59, 130, 131, -1,
  61, 60, 131, 132, -1,
  62, 61, 132, 133, -1,
  63, 62, 133, 134, -1,
  64, 63, 134, 135, -1,
  65, 64, 135, 136, -1,
  66, 65, 136, 137, -1,
  67, 66, 137, 138, -1,
  68, 67, 138, 139, -1,
  0, 68, 139, 71, -1
 ]
convex TRUE
creaseAngle 0.3490
}
}
Shape {
appearance Appearance {
material DEF OUTMAT18 Material {
      diffuseColor 0.600 0.851 0.910
      ambientIntensity 0.295
      specularColor 0.000 0.000 0.000
      shininess 0.000
      transparency 0.000
}
}
geometry IndexedFaceSet {
coord Coordinate { point [
  -32.692 -2.469 -37.983,
  -32.684 -2.486 -37.983,
  -32.359 -2.980 -37.983,
  -31.979 -3.433 -37.983,
  -31.549 -3.839 -37.983,
  -31.075 -4.192 -37.983,
  -30.563 -4.487 -37.983,
  -30.020 -4.722 -37.983,
  -29.453 -4.891 -37.983,
  -28.871 -4.994 -37.983,
  -28.281 -5.028 -37.983,
  -27.690 -4.994 -37.983,
  -27.108 -4.891 -37.983,
  -26.541 -4.722 -37.983,
  -25.998 -4.487 -37.983,
  -25.486 -4.192 -37.983,
  -25.012 -3.839 -37.983,
  -24.582 -3.433 -37.983,
  -24.202 -2.980 -37.983,
  -23.877 -2.486 -37.983,
  -23.612 -1.957 -37.983,
  -23.409 -1.402 -37.983,
  -23.273 -0.826 -37.983,
  -23.204 -0.239 -37.983,
  -23.204 0.352 -37.983,
  -23.273 0.940 -37.983,
  -23.409 1.515 -37.983,
  -23.612 2.071 -37.983,
  -23.877 2.599 -37.983,
  -24.202 3.093 -37.983,
  -24.582 3.546 -37.983,
  -25.012 3.952 -37.983,
  -25.486 4.305 -37.983,
  -25.998 4.601 -37.983,
  -26.541 4.835 -37.983,
  -27.108 5.004 -37.983,
  -27.690 5.107 -37.983,
  -28.281 5.142 -37.983,
  -28.871 5.107 -37.983,
  -29.453 5.004 -37.983,
  -30.020 4.835 -37.983,
  -30.563 4.601 -37.983,
  -31.075 4.305 -37.983,
  -31.549 3.952 -37.983,
  -31.979 3.546 -37.983,
  -32.359 3.093 -37.983,
  -32.684 2.599 -37.983,
  -32.697 2.574 -37.983,
  -30.747 2.574 -37.983,
  -28.567 2.574 -37.983,
  -28.567 2.094 -37.983,
  -30.747 2.094 -37.983,
  -30.747 2.574 -37.983,
  -32.697 2.574 -37.983,
  -32.950 2.071 -37.983,
  -33.152 1.515 -37.983,
  -33.288 0.940 -37.983,
  -33.357 0.352 -37.983,
  -33.357 -0.239 -37.983,
  -33.288 -0.826 -37.983,
  -33.152 -1.402 -37.983,
  -32.950 -1.957 -37.983,
  -32.697 -2.460 -37.983,
  -27.994 -2.460 -37.983,
  -27.994 -1.980 -37.983,
  -25.814 -1.980 -37.983,
  -25.814 -2.460 -37.983,
  -27.994 -2.460 -37.983,
  -32.697 -2.460 -37.983,
  -23.623 -1.980 -37.983,
  -23.864 2.574 -37.983
 ] }
 coordIndex [ 4, 3, 2, -1, 4, 2, 1, -1, 4, 1, 62, -1, 4, 62, 63, -1,
     5, 4, 63, -1, 6, 5, 63, -1, 9, 8, 7, -1, 9, 7, 6, -1, 9, 6, 63, -1,
     10, 9, 63, -1, 11, 10, 63, -1, 12, 11, 63, -1, 14, 13, 12, -1, 14, 12, 63, -1,
     14, 63, 66, -1, 15, 14, 66, -1, 16, 15, 66, -1, 17, 16, 66, -1, 18, 17, 66, -1,
     18, 66, 65, -1, 19, 18, 65, -1, 20, 19, 65, -1, 47, 48, 51, -1, 54, 47, 51, -1,
     55, 54, 51, -1, 57, 56, 55, -1, 57, 55, 51, -1, 59, 58, 57, -1, 59, 57, 51, -1,
     62, 61, 60, -1, 62, 60, 59, -1, 62, 59, 51, -1, 63, 62, 51, -1, 64, 63, 51, -1,
     64, 51, 50, -1, 65, 64, 50, -1, 21, 20, 65, -1, 22, 21, 65, -1, 24, 23, 22, -1,
     24, 22, 65, -1, 24, 65, 50, -1, 26, 25, 24, -1, 28, 27, 26, -1, 28, 26, 24, -1,
     28, 24, 50, -1, 28, 50, 49, -1, 47, 46, 45, -1, 48, 47, 45, -1, 48, 45, 44, -1,
     48, 44, 43, -1, 48, 43, 42, -1, 48, 42, 41, -1, 49, 48, 41, -1, 41, 40, 39, -1,
     49, 41, 39, -1, 49, 39, 38, -1, 49, 38, 37, -1, 31, 30, 29, -1, 31, 29, 28, -1,
     31, 28, 49, -1, 32, 31, 49, -1, 33, 32, 49, -1, 36, 35, 34, -1, 36, 34, 33, -1,
     36, 33, 49, -1, 36, 49, 37, -1
 ]
convex TRUE
creaseAngle 0.3490
}
}
]
}
]
}

]
}
DEF DesignMove1n1 PositionInterpolator {
key [ 0.0 0.00000 0.08824 0.17647 0.26471 0.32353 0.38235 0.44118 0.50000 0.55882 0.61765 0.67647 0.76471 0.82353 0.88235 1.00000 1.0 ]
keyValue [
  0.000 0.000 0.000
  0.000 0.000 0.000
  0.000 0.000 0.000
  0.000 0.000 0.000
  0.000 0.000 0.000
  0.000 0.000 0.000
  0.000 0.000 0.000
  0.000 0.000 0.000
  0.000 0.000 0.000
  0.000 0.000 0.000
  0.000 0.000 0.000
  0.000 0.000 0.000
  0.000 0.000 0.000
  0.000 0.000 0.000
  0.000 0.000 15.000
  0.000 0.000 15.000
  0.000 0.000 15.000
]
}
DEF DesignMove2n1 PositionInterpolator {
key [ 0.0 0.00000 0.08824 0.17647 0.26471 0.32353 0.38235 0.44118 0.50000 0.55882 0.61765 0.67647 0.76471 0.82353 0.88235 1.00000 1.0 ]
keyValue [
  0.000 0.000 0.000
  0.000 0.000 0.000
  0.000 0.000 0.000
  0.000 0.000 0.000
  0.000 0.000 0.000
  0.000 0.000 0.000
  0.000 0.000 0.000
  0.000 0.000 0.000
  0.000 0.000 0.000
  0.000 0.000 0.000
  0.000 0.000 0.000
  0.000 0.000 0.000
  0.000 0.000 0.000
  0.000 0.000 10.000
  0.000 0.000 10.000
  0.000 0.000 10.000
  0.000 0.000 10.000
]
}
DEF DesignMove3n1 PositionInterpolator {
key [ 0.0 0.00000 0.08824 0.17647 0.26471 0.32353 0.38235 0.44118 0.50000 0.55882 0.61765 0.67647 0.76471 0.82353 0.88235 1.00000 1.0 ]
keyValue [
  0.000 0.000 0.000
  0.000 0.000 0.000
  0.000 0.000 0.000
  0.000 0.000 0.000
  0.000 0.000 0.000
  0.000 0.000 0.000
  0.000 0.000 0.000
  0.000 0.000 0.000
  0.000 0.000 0.000
  0.000 0.000 0.000
  0.000 0.000 0.000
  0.000 0.000 0.000
  0.000 0.000 0.000
  0.000 0.000 10.000
  0.000 0.000 10.000
  0.000 0.000 10.000
  0.000 0.000 10.000
]
}
DEF DesignMove4n1 PositionInterpolator {
key [ 0.0 0.00000 0.08824 0.17647 0.26471 0.32353 0.38235 0.44118 0.50000 0.55882 0.61765 0.67647 0.76471 0.82353 0.88235 1.00000 1.0 ]
keyValue [
  0.000 0.000 0.000
  0.000 0.000 0.000
  0.000 0.000 0.000
  0.000 0.000 0.000
  0.000 0.000 0.000
  0.000 0.000 0.000
  0.000 0.000 0.000
  0.000 0.000 0.000
  0.000 0.000 0.000
  0.000 0.000 0.000
  0.000 0.000 0.000
  0.000 0.000 0.000
  0.000 -10.000 0.000
  0.000 -10.000 0.000
  0.000 -10.000 0.000
  0.000 -10.000 0.000
  0.000 -10.000 0.000
]
}
DEF DesignMove5n1 PositionInterpolator {
key [ 0.0 0.00000 0.08824 0.17647 0.26471 0.32353 0.38235 0.44118 0.50000 0.55882 0.61765 0.67647 0.76471 0.82353 0.88235 1.00000 1.0 ]
keyValue [
  0.000 0.000 0.000
  0.000 0.000 0.000
  0.000 0.000 0.000
  0.000 0.000 0.000
  0.000 0.000 0.000
  0.000 0.000 0.000
  0.000 0.000 0.000
  0.000 0.000 0.000
  0.000 0.000 0.000
  0.000 0.000 0.000
  0.000 0.000 0.000
  0.000 0.000 0.000
  0.000 10.000 0.000
  0.000 10.000 0.000
  0.000 10.000 0.000
  0.000 10.000 0.000
  0.000 10.000 0.000
]
}
DEF DesignMove6n1 PositionInterpolator {
key [ 0.0 0.00000 0.08824 0.17647 0.26471 0.32353 0.38235 0.44118 0.50000 0.55882 0.61765 0.67647 0.76471 0.82353 0.88235 1.00000 1.0 ]
keyValue [
  0.000 0.000 0.000
  0.000 0.000 0.000
  0.000 0.000 0.000
  0.000 0.000 0.000
  0.000 0.000 0.000
  0.000 0.000 0.000
  0.000 0.000 0.000
  0.000 0.000 0.000
  0.000 0.000 0.000
  0.000 0.000 0.000
  0.000 0.000 -12.000
  0.000 0.000 -12.000
  0.000 0.000 -12.000
  0.000 0.000 -12.000
  0.000 0.000 -12.000
  0.000 0.000 -12.000
  0.000 0.000 -12.000
]
}
DEF DesignMove7n1 PositionInterpolator {
key [ 0.0 0.00000 0.08824 0.17647 0.26471 0.32353 0.38235 0.44118 0.50000 0.55882 0.61765 0.67647 0.76471 0.82353 0.88235 1.00000 1.0 ]
keyValue [
  0.000 0.000 0.000
  0.000 0.000 0.000
  0.000 0.000 0.000
  0.000 0.000 0.000
  0.000 0.000 0.000
  0.000 0.000 0.000
  0.000 0.000 0.000
  0.000 0.000 0.000
  0.000 0.000 0.000
  0.000 0.000 0.000
  0.000 0.000 -12.000
  0.000 0.000 -12.000
  0.000 0.000 -12.000
  0.000 0.000 -12.000
  0.000 0.000 -12.000
  0.000 0.000 -12.000
  0.000 0.000 -12.000
]
}
DEF DesignMove8n1 PositionInterpolator {
key [ 0.0 0.00000 0.08824 0.17647 0.26471 0.32353 0.38235 0.44118 0.50000 0.55882 0.61765 0.67647 0.76471 0.82353 0.88235 1.00000 1.0 ]
keyValue [
  0.000 0.000 0.000
  0.000 0.000 0.000
  0.000 0.000 0.000
  0.000 0.000 0.000
  0.000 0.000 0.000
  0.000 0.000 0.000
  0.000 0.000 0.000
  0.000 0.000 0.000
  0.000 0.000 0.000
  0.000 0.000 0.000
  0.000 0.000 0.000
  0.000 8.000 0.000
  0.000 8.000 0.000
  0.000 8.000 0.000
  0.000 8.000 0.000
  0.000 8.000 0.000
  0.000 8.000 0.000
]
}
DEF DesignMove9n1 PositionInterpolator {
key [ 0.0 0.00000 0.08824 0.17647 0.26471 0.32353 0.38235 0.44118 0.50000 0.55882 0.61765 0.67647 0.76471 0.82353 0.88235 1.00000 1.0 ]
keyValue [
  0.000 0.000 0.000
  0.000 0.000 0.000
  0.000 0.000 0.000
  0.000 0.000 0.000
  0.000 0.000 0.000
  0.000 0.000 0.000
  0.000 0.000 0.000
  0.000 0.000 0.000
  0.000 0.000 0.000
  0.000 0.000 0.000
  0.000 0.000 0.000
  0.000 -8.000 0.000
  0.000 -8.000 0.000
  0.000 -8.000 0.000
  0.000 -8.000 0.000
  0.000 -8.000 0.000
  0.000 -8.000 0.000
]
}
DEF DesignMove10n1 PositionInterpolator {
key [ 0.0 0.00000 0.08824 0.17647 0.26471 0.32353 0.38235 0.44118 0.50000 0.55882 0.61765 0.67647 0.76471 0.82353 0.88235 1.00000 1.0 ]
keyValue [
  0.000 0.000 0.000
  0.000 0.000 0.000
  0.000 0.000 0.000
  0.000 0.000 0.000
  0.000 0.000 0.000
  0.000 0.000 0.000
  0.000 0.000 0.000
  0.000 0.000 0.000
  0.000 0.000 0.000
  0.000 -15.000 0.000
  0.000 -15.000 0.000
  0.000 -15.000 0.000
  0.000 -15.000 0.000
  0.000 -15.000 0.000
  0.000 -15.000 0.000
  0.000 -15.000 0.000
  0.000 -15.000 0.000
]
}
DEF DesignMove11n1 PositionInterpolator {
key [ 0.0 0.00000 0.08824 0.17647 0.26471 0.32353 0.38235 0.44118 0.50000 0.55882 0.61765 0.67647 0.76471 0.82353 0.88235 1.00000 1.0 ]
keyValue [
  0.000 0.000 0.000
  0.000 0.000 0.000
  0.000 0.000 0.000
  0.000 0.000 0.000
  0.000 0.000 0.000
  0.000 0.000 0.000
  0.000 0.000 0.000
  0.000 0.000 0.000
  10.000 0.000 0.000
  10.000 0.000 0.000
  10.000 0.000 0.000
  10.000 0.000 0.000
  10.000 0.000 0.000
  10.000 0.000 0.000
  10.000 0.000 0.000
  10.000 0.000 0.000
  10.000 0.000 0.000
]
}
DEF DesignMove12n1 PositionInterpolator {
key [ 0.0 0.00000 0.08824 0.17647 0.26471 0.32353 0.38235 0.44118 0.50000 0.55882 0.61765 0.67647 0.76471 0.82353 0.88235 1.00000 1.0 ]
keyValue [
  0.000 0.000 0.000
  0.000 0.000 0.000
  0.000 0.000 0.000
  0.000 0.000 0.000
  0.000 0.000 0.000
  0.000 0.000 0.000
  0.000 0.000 0.000
  7.000 0.000 0.000
  7.000 0.000 0.000
  7.000 0.000 0.000
  7.000 0.000 0.000
  7.000 0.000 0.000
  7.000 0.000 0.000
  7.000 0.000 0.000
  7.000 0.000 0.000
  7.000 0.000 0.000
  7.000 0.000 0.000
]
}
DEF DesignMove13n1 PositionInterpolator {
key [ 0.0 0.00000 0.08824 0.17647 0.26471 0.32353 0.38235 0.44118 0.50000 0.55882 0.61765 0.67647 0.76471 0.82353 0.88235 1.00000 1.0 ]
keyValue [
  0.000 0.000 0.000
  0.000 0.000 0.000
  0.000 0.000 0.000
  0.000 0.000 0.000
  0.000 0.000 0.000
  0.000 0.000 0.000
  4.000 0.000 0.000
  4.000 0.000 0.000
  4.000 0.000 0.000
  4.000 0.000 0.000
  4.000 0.000 0.000
  4.000 0.000 0.000
  4.000 0.000 0.000
  4.000 0.000 0.000
  4.000 0.000 0.000
  4.000 0.000 0.000
  4.000 0.000 0.000
]
}
DEF DesignMove14n1 PositionInterpolator {
key [ 0.0 0.00000 0.08824 0.17647 0.26471 0.32353 0.38235 0.44118 0.50000 0.55882 0.61765 0.67647 0.76471 0.82353 0.88235 1.00000 1.0 ]
keyValue [
  0.000 0.000 0.000
  0.000 0.000 0.000
  0.000 0.000 0.000
  0.000 0.000 0.000
  -6.000 -0.064 0.000
  -6.000 -0.064 0.000
  -6.000 -0.064 0.000
  -6.000 -0.064 0.000
  -6.000 -0.064 0.000
  -6.000 -0.064 0.000
  -6.000 -0.064 0.000
  -6.000 -0.064 0.000
  -6.000 -0.064 0.000
  -6.000 -0.064 0.000
  -6.000 -0.064 0.000
  -6.000 -0.064 0.000
  -6.000 -0.064 0.000
]
}
DEF DesignMove15n1 PositionInterpolator {
key [ 0.0 0.00000 0.08824 0.17647 0.26471 0.32353 0.38235 0.44118 0.50000 0.55882 0.61765 0.67647 0.76471 0.82353 0.88235 1.00000 1.0 ]
keyValue [
  0.000 0.000 0.000
  0.000 0.000 0.000
  0.000 0.000 0.000
  0.000 0.000 0.000
  0.000 0.000 0.000
  -3.090 -5.143 0.000
  -3.090 -5.143 0.000
  -3.090 -5.143 0.000
  -3.090 -5.143 0.000
  -3.090 -5.143 0.000
  -3.090 -5.143 0.000
  -3.090 -5.143 0.000
  -3.090 -5.143 0.000
  -3.090 -5.143 0.000
  -3.090 -5.143 0.000
  -3.090 -5.143 0.000
  -3.090 -5.143 0.000
]
}
DEF DesignMove16n1 PositionInterpolator {
key [ 0.0 0.00000 0.08824 0.17647 0.26471 0.32353 0.38235 0.44118 0.50000 0.55882 0.61765 0.67647 0.76471 0.82353 0.88235 1.00000 1.0 ]
keyValue [
  0.000 0.000 0.000
  0.000 0.000 0.000
  0.000 0.000 0.000
  0.000 0.000 10.000
  0.000 0.000 10.000
  0.000 0.000 10.000
  0.000 0.000 10.000
  0.000 0.000 10.000
  0.000 0.000 10.000
  0.000 0.000 10.000
  0.000 0.000 10.000
  0.000 0.000 10.000
  0.000 0.000 10.000
  0.000 0.000 10.000
  0.000 0.000 10.000
  0.000 0.000 10.000
  0.000 0.000 10.000
]
}
DEF DesignMove17n1 PositionInterpolator {
key [ 0.0 0.00000 0.08824 0.17647 0.26471 0.32353 0.38235 0.44118 0.50000 0.55882 0.61765 0.67647 0.76471 0.82353 0.88235 1.00000 1.0 ]
keyValue [
  0.000 0.000 0.000
  0.000 0.000 0.000
  0.000 0.000 12.000
  0.000 0.000 12.000
  0.000 0.000 12.000
  0.000 0.000 12.000
  0.000 0.000 12.000
  0.000 0.000 12.000
  0.000 0.000 12.000
  0.000 0.000 12.000
  0.000 0.000 12.000
  0.000 0.000 12.000
  0.000 0.000 12.000
  0.000 0.000 12.000
  0.000 0.000 12.000
  0.000 0.000 12.000
  0.000 0.000 12.000
]
}
DEF FoldRotateTime TimeSensor {
  startTime 1
  stopTime 0
  loop TRUE
  cycleInterval 34.00000
}

ROUTE FoldRotateTime.fraction_changed TO DesignMove1n1.set_fraction
ROUTE DesignMove1n1.value_changed TO Design1t1.translation
ROUTE FoldRotateTime.fraction_changed TO DesignMove2n1.set_fraction
ROUTE DesignMove2n1.value_changed TO Design2t1.translation
ROUTE FoldRotateTime.fraction_changed TO DesignMove3n1.set_fraction
ROUTE DesignMove3n1.value_changed TO Design3t1.translation
ROUTE FoldRotateTime.fraction_changed TO DesignMove4n1.set_fraction
ROUTE DesignMove4n1.value_changed TO Design4t1.translation
ROUTE FoldRotateTime.fraction_changed TO DesignMove5n1.set_fraction
ROUTE DesignMove5n1.value_changed TO Design5t1.translation
ROUTE FoldRotateTime.fraction_changed TO DesignMove6n1.set_fraction
ROUTE DesignMove6n1.value_changed TO Design6t1.translation
ROUTE FoldRotateTime.fraction_changed TO DesignMove7n1.set_fraction
ROUTE DesignMove7n1.value_changed TO Design7t1.translation
ROUTE FoldRotateTime.fraction_changed TO DesignMove8n1.set_fraction
ROUTE DesignMove8n1.value_changed TO Design8t1.translation
ROUTE FoldRotateTime.fraction_changed TO DesignMove9n1.set_fraction
ROUTE DesignMove9n1.value_changed TO Design9t1.translation
ROUTE FoldRotateTime.fraction_changed TO DesignMove10n1.set_fraction
ROUTE DesignMove10n1.value_changed TO Design10t1.translation
ROUTE FoldRotateTime.fraction_changed TO DesignMove11n1.set_fraction
ROUTE DesignMove11n1.value_changed TO Design11t1.translation
ROUTE FoldRotateTime.fraction_changed TO DesignMove12n1.set_fraction
ROUTE DesignMove12n1.value_changed TO Design12t1.translation
ROUTE FoldRotateTime.fraction_changed TO DesignMove13n1.set_fraction
ROUTE DesignMove13n1.value_changed TO Design13t1.translation
ROUTE FoldRotateTime.fraction_changed TO DesignMove14n1.set_fraction
ROUTE DesignMove14n1.value_changed TO Design14t1.translation
ROUTE FoldRotateTime.fraction_changed TO DesignMove15n1.set_fraction
ROUTE DesignMove15n1.value_changed TO Design15t1.translation
ROUTE FoldRotateTime.fraction_changed TO DesignMove16n1.set_fraction
ROUTE DesignMove16n1.value_changed TO Design16t1.translation
ROUTE FoldRotateTime.fraction_changed TO DesignMove17n1.set_fraction
ROUTE DesignMove17n1.value_changed TO Design17t1.translation
